user_id,variant,device,country,prior_30d_sessions,converted_7d,sessions_7d,revenue_7d
U00001,treatment,mobile,UK,3,0,1,0.0
U00002,treatment,mobile,UK,2,0,1,0.0
U00003,treatment,mobile,US,4,0,5,0.0
U00004,treatment,mobile,UK,4,0,5,0.0
U00005,treatment,console,US,3,0,1,0.0
U00006,treatment,desktop,FR,6,0,5,0.0
U00007,treatment,console,FR,3,0,4,0.0
U00008,treatment,mobile,FR,8,0,3,0.0
U00009,control,desktop,US,8,0,6,0.0
U00010,control,console,US,6,0,1,0.0
U00011,treatment,desktop,DE,7,0,1,0.0
U00012,control,console,US,7,1,5,17.57
U00013,treatment,mobile,CA,7,0,3,0.0
U00014,treatment,desktop,US,9,0,8,0.0
U00015,treatment,desktop,UK,5,0,4,0.0
U00016,treatment,mobile,US,4,0,5,0.0
U00017,treatment,console,US,6,1,5,8.37
U00018,control,mobile,US,5,0,3,0.0
U00019,control,mobile,US,6,0,3,0.0
U00020,treatment,console,US,5,0,1,0.0
U00021,treatment,desktop,US,4,0,5,0.0
U00022,control,console,DE,8,0,3,0.0
U00023,treatment,console,UK,4,0,2,0.0
U00024,treatment,mobile,FR,8,0,3,0.0
U00025,treatment,desktop,DE,4,0,2,0.0
U00026,control,console,UK,5,0,5,0.0
U00027,control,mobile,UK,4,0,1,0.0
U00028,control,desktop,UK,8,0,4,0.0
U00029,control,console,UK,6,0,3,0.0
U00030,control,mobile,DE,6,0,1,0.0
U00031,treatment,console,CA,7,0,4,0.0
U00032,control,desktop,UK,2,0,3,0.0
U00033,control,console,US,4,1,5,8.81
U00034,control,desktop,FR,5,1,3,38.83
U00035,control,desktop,US,9,0,5,0.0
U00036,treatment,console,US,6,0,1,0.0
U00037,treatment,mobile,US,2,0,0,0.0
U00038,treatment,desktop,UK,5,0,5,0.0
U00039,treatment,console,US,6,0,5,0.0
U00040,treatment,console,CA,3,0,5,0.0
U00041,treatment,console,DE,4,0,2,0.0
U00042,treatment,desktop,US,5,1,3,13.58
U00043,treatment,desktop,CA,8,0,2,0.0
U00044,treatment,desktop,US,8,0,5,0.0
U00045,treatment,desktop,UK,7,0,8,0.0
U00046,control,desktop,CA,4,0,3,0.0
U00047,control,mobile,DE,9,0,3,0.0
U00048,treatment,mobile,FR,4,1,8,8.4
U00049,control,desktop,UK,4,1,7,16.68
U00050,treatment,mobile,US,3,1,6,8.96
U00051,control,mobile,CA,4,0,1,0.0
U00052,treatment,mobile,UK,4,1,4,55.47
U00053,control,console,FR,3,0,3,0.0
U00054,treatment,console,FR,6,0,6,0.0
U00055,control,desktop,US,6,0,6,0.0
U00056,control,console,FR,1,0,4,0.0
U00057,treatment,console,CA,3,0,3,0.0
U00058,control,mobile,FR,4,0,0,0.0
U00059,treatment,mobile,US,5,0,10,0.0
U00060,control,mobile,US,2,0,2,0.0
U00061,treatment,mobile,US,12,0,3,0.0
U00062,treatment,desktop,UK,3,0,3,0.0
U00063,treatment,mobile,CA,4,0,1,0.0
U00064,control,console,CA,4,1,3,9.13
U00065,control,desktop,UK,7,0,3,0.0
U00066,control,mobile,DE,8,0,2,0.0
U00067,control,console,CA,4,0,3,0.0
U00068,treatment,console,DE,3,0,4,0.0
U00069,treatment,console,UK,5,0,5,0.0
U00070,treatment,console,UK,4,0,3,0.0
U00071,control,console,US,9,0,3,0.0
U00072,treatment,desktop,CA,6,0,2,0.0
U00073,control,console,US,6,1,2,26.33
U00074,treatment,mobile,US,4,0,4,0.0
U00075,treatment,desktop,FR,2,0,2,0.0
U00076,treatment,desktop,FR,3,1,3,12.62
U00077,control,mobile,CA,5,0,3,0.0
U00078,treatment,mobile,FR,7,0,4,0.0
U00079,control,mobile,US,3,0,2,0.0
U00080,control,mobile,CA,7,0,2,0.0
U00081,treatment,mobile,DE,4,0,4,0.0
U00082,control,mobile,DE,6,0,4,0.0
U00083,treatment,console,UK,5,0,1,0.0
U00084,treatment,desktop,US,5,1,3,7.62
U00085,treatment,desktop,UK,4,0,5,0.0
U00086,control,mobile,FR,4,0,7,0.0
U00087,control,console,UK,5,0,2,0.0
U00088,control,mobile,US,4,0,5,0.0
U00089,control,mobile,CA,9,0,5,0.0
U00090,control,desktop,FR,4,0,3,0.0
U00091,treatment,console,FR,4,0,2,0.0
U00092,treatment,console,DE,9,1,5,16.4
U00093,control,console,UK,4,0,4,0.0
U00094,treatment,desktop,US,8,0,5,0.0
U00095,control,desktop,FR,2,0,5,0.0
U00096,treatment,desktop,FR,7,0,4,0.0
U00097,control,mobile,US,8,0,7,0.0
U00098,treatment,mobile,US,4,0,8,0.0
U00099,control,console,US,4,0,6,0.0
U00100,treatment,console,US,3,0,5,0.0
U00101,control,mobile,US,4,0,2,0.0
U00102,treatment,mobile,UK,8,0,2,0.0
U00103,control,mobile,US,2,1,5,13.78
U00104,control,desktop,US,8,0,2,0.0
U00105,treatment,mobile,DE,3,0,4,0.0
U00106,treatment,desktop,US,4,0,5,0.0
U00107,control,mobile,US,3,0,3,0.0
U00108,treatment,mobile,US,2,1,4,31.5
U00109,control,mobile,DE,7,0,3,0.0
U00110,control,console,US,3,0,4,0.0
U00111,treatment,mobile,CA,7,1,5,10.65
U00112,control,desktop,US,6,0,2,0.0
U00113,treatment,desktop,FR,7,0,2,0.0
U00114,control,console,US,3,0,3,0.0
U00115,treatment,mobile,DE,6,0,3,0.0
U00116,treatment,desktop,DE,3,1,4,26.13
U00117,treatment,mobile,UK,4,0,2,0.0
U00118,control,desktop,US,7,0,2,0.0
U00119,treatment,desktop,UK,4,0,4,0.0
U00120,treatment,console,US,6,0,3,0.0
U00121,control,console,CA,2,0,1,0.0
U00122,treatment,console,US,3,0,2,0.0
U00123,control,console,DE,4,0,6,0.0
U00124,control,mobile,US,5,1,3,32.8
U00125,treatment,desktop,US,6,0,4,0.0
U00126,treatment,mobile,DE,3,0,2,0.0
U00127,treatment,mobile,UK,4,0,4,0.0
U00128,control,desktop,UK,4,0,4,0.0
U00129,control,desktop,US,5,0,2,0.0
U00130,treatment,desktop,US,7,1,5,30.63
U00131,control,console,CA,2,0,6,0.0
U00132,control,desktop,UK,7,0,4,0.0
U00133,control,console,UK,3,0,7,0.0
U00134,treatment,console,UK,3,0,1,0.0
U00135,control,console,US,6,0,4,0.0
U00136,treatment,mobile,US,5,1,4,13.31
U00137,control,desktop,UK,5,0,5,0.0
U00138,treatment,desktop,UK,4,0,3,0.0
U00139,control,console,UK,4,0,5,0.0
U00140,control,mobile,FR,4,0,1,0.0
U00141,control,mobile,US,6,0,4,0.0
U00142,control,mobile,DE,4,0,2,0.0
U00143,control,mobile,UK,7,1,6,4.76
U00144,control,console,US,3,0,2,0.0
U00145,control,mobile,CA,5,0,5,0.0
U00146,control,mobile,UK,4,0,4,0.0
U00147,treatment,desktop,US,1,0,2,0.0
U00148,treatment,mobile,US,4,0,0,0.0
U00149,treatment,mobile,UK,5,0,1,0.0
U00150,control,desktop,US,4,0,5,0.0
U00151,control,desktop,US,5,0,5,0.0
U00152,control,console,US,6,0,1,0.0
U00153,treatment,desktop,US,2,0,2,0.0
U00154,control,console,US,4,0,3,0.0
U00155,treatment,mobile,US,2,1,2,18.95
U00156,treatment,console,FR,5,0,2,0.0
U00157,treatment,desktop,DE,4,0,2,0.0
U00158,control,desktop,US,4,1,6,3.89
U00159,control,desktop,US,5,0,2,0.0
U00160,control,mobile,DE,7,0,6,0.0
U00161,treatment,mobile,US,8,0,1,0.0
U00162,control,console,CA,5,0,0,0.0
U00163,treatment,console,FR,5,1,3,13.52
U00164,control,mobile,US,3,0,1,0.0
U00165,control,desktop,FR,7,1,2,28.61
U00166,control,desktop,UK,5,0,2,0.0
U00167,control,desktop,UK,6,0,6,0.0
U00168,control,mobile,CA,4,0,2,0.0
U00169,control,console,FR,4,0,3,0.0
U00170,control,desktop,US,6,1,4,13.79
U00171,treatment,desktop,FR,8,0,2,0.0
U00172,treatment,desktop,UK,8,0,7,0.0
U00173,treatment,desktop,DE,6,0,5,0.0
U00174,treatment,mobile,CA,3,1,1,22.42
U00175,treatment,console,FR,8,0,1,0.0
U00176,treatment,mobile,US,5,0,4,0.0
U00177,treatment,console,US,4,0,2,0.0
U00178,control,console,FR,4,0,4,0.0
U00179,control,desktop,US,7,0,2,0.0
U00180,control,desktop,CA,7,0,3,0.0
U00181,control,mobile,US,1,0,4,0.0
U00182,control,mobile,UK,6,0,1,0.0
U00183,treatment,desktop,US,4,0,4,0.0
U00184,control,mobile,US,6,0,9,0.0
U00185,control,mobile,UK,6,0,3,0.0
U00186,treatment,console,US,4,1,7,13.43
U00187,control,mobile,CA,3,0,3,0.0
U00188,control,mobile,UK,7,1,3,17.25
U00189,treatment,mobile,DE,5,0,5,0.0
U00190,treatment,desktop,US,4,0,5,0.0
U00191,control,desktop,DE,8,0,2,0.0
U00192,control,console,US,4,1,7,8.79
U00193,control,desktop,FR,7,1,5,11.09
U00194,control,mobile,US,5,1,4,18.33
U00195,control,desktop,US,4,0,3,0.0
U00196,treatment,mobile,UK,6,0,3,0.0
U00197,control,console,US,7,0,5,0.0
U00198,control,mobile,UK,5,0,7,0.0
U00199,treatment,mobile,US,2,0,4,0.0
U00200,treatment,desktop,US,11,0,5,0.0
U00201,treatment,mobile,FR,2,0,2,0.0
U00202,control,desktop,US,6,0,3,0.0
U00203,treatment,desktop,DE,5,0,3,0.0
U00204,treatment,console,UK,4,0,5,0.0
U00205,treatment,mobile,DE,2,0,2,0.0
U00206,control,desktop,CA,6,0,2,0.0
U00207,treatment,desktop,US,8,0,4,0.0
U00208,treatment,mobile,UK,3,0,5,0.0
U00209,control,desktop,DE,5,0,5,0.0
U00210,control,console,UK,6,0,3,0.0
U00211,control,console,US,6,0,5,0.0
U00212,treatment,console,UK,8,0,7,0.0
U00213,control,desktop,US,4,0,6,0.0
U00214,treatment,mobile,FR,5,0,6,0.0
U00215,control,console,UK,6,0,4,0.0
U00216,treatment,mobile,US,3,0,3,0.0
U00217,control,desktop,US,9,0,1,0.0
U00218,control,console,US,9,0,3,0.0
U00219,treatment,console,DE,4,0,2,0.0
U00220,control,console,DE,9,0,6,0.0
U00221,treatment,mobile,FR,6,0,2,0.0
U00222,treatment,desktop,US,5,1,4,31.71
U00223,control,mobile,UK,3,0,2,0.0
U00224,control,console,US,4,1,4,5.62
U00225,control,desktop,US,9,0,4,0.0
U00226,treatment,mobile,DE,5,1,2,25.69
U00227,treatment,console,FR,5,0,4,0.0
U00228,control,desktop,FR,3,0,1,0.0
U00229,control,desktop,UK,6,0,3,0.0
U00230,treatment,console,CA,5,0,3,0.0
U00231,treatment,desktop,CA,6,0,2,0.0
U00232,treatment,desktop,UK,2,0,1,0.0
U00233,control,mobile,US,5,1,6,41.55
U00234,control,mobile,FR,6,0,1,0.0
U00235,control,mobile,US,7,1,3,13.09
U00236,treatment,mobile,UK,5,0,1,0.0
U00237,control,mobile,US,3,0,4,0.0
U00238,treatment,desktop,US,4,0,1,0.0
U00239,treatment,desktop,FR,7,0,2,0.0
U00240,control,mobile,FR,6,0,3,0.0
U00241,control,desktop,CA,7,1,5,17.17
U00242,treatment,console,US,5,0,5,0.0
U00243,control,mobile,FR,6,0,3,0.0
U00244,treatment,desktop,UK,3,1,4,14.24
U00245,treatment,mobile,US,4,1,4,5.48
U00246,control,desktop,CA,6,0,1,0.0
U00247,control,desktop,FR,7,1,4,19.23
U00248,treatment,mobile,DE,6,0,4,0.0
U00249,treatment,mobile,UK,5,0,1,0.0
U00250,treatment,console,UK,8,0,4,0.0
U00251,treatment,mobile,DE,5,0,3,0.0
U00252,control,desktop,US,4,0,7,0.0
U00253,control,desktop,US,7,0,5,0.0
U00254,control,mobile,FR,5,1,6,3.3
U00255,control,desktop,UK,7,0,2,0.0
U00256,control,desktop,US,2,0,4,0.0
U00257,control,mobile,US,3,0,1,0.0
U00258,control,console,UK,8,0,4,0.0
U00259,control,desktop,US,4,0,2,0.0
U00260,treatment,desktop,UK,2,0,5,0.0
U00261,control,mobile,US,7,0,3,0.0
U00262,control,mobile,US,3,0,3,0.0
U00263,treatment,desktop,US,2,0,6,0.0
U00264,control,desktop,FR,4,0,7,0.0
U00265,control,mobile,US,6,0,3,0.0
U00266,treatment,desktop,DE,7,0,3,0.0
U00267,treatment,desktop,DE,5,1,2,23.1
U00268,control,mobile,US,7,1,2,14.49
U00269,control,console,US,2,0,1,0.0
U00270,treatment,desktop,CA,3,0,2,0.0
U00271,control,desktop,US,3,0,1,0.0
U00272,control,console,US,4,0,7,0.0
U00273,treatment,desktop,US,5,0,8,0.0
U00274,control,console,FR,4,0,2,0.0
U00275,treatment,console,US,5,0,2,0.0
U00276,treatment,mobile,US,6,0,3,0.0
U00277,treatment,desktop,US,10,0,6,0.0
U00278,control,console,FR,1,0,3,0.0
U00279,treatment,console,US,7,1,6,48.47
U00280,treatment,mobile,CA,7,1,0,9.72
U00281,treatment,mobile,FR,7,0,3,0.0
U00282,control,mobile,UK,8,0,7,0.0
U00283,treatment,console,US,6,0,6,0.0
U00284,treatment,console,CA,5,0,2,0.0
U00285,treatment,console,US,7,0,0,0.0
U00286,treatment,mobile,US,4,0,1,0.0
U00287,control,console,US,4,1,6,0.81
U00288,control,mobile,UK,2,0,3,0.0
U00289,treatment,mobile,US,4,0,5,0.0
U00290,treatment,mobile,FR,8,1,2,17.8
U00291,treatment,desktop,DE,7,0,2,0.0
U00292,treatment,desktop,UK,2,0,3,0.0
U00293,treatment,mobile,US,8,0,1,0.0
U00294,treatment,mobile,US,3,0,3,0.0
U00295,treatment,console,DE,5,0,3,0.0
U00296,treatment,mobile,US,5,0,2,0.0
U00297,control,desktop,CA,2,0,1,0.0
U00298,treatment,mobile,FR,5,0,1,0.0
U00299,treatment,mobile,DE,5,0,1,0.0
U00300,control,mobile,US,5,0,5,0.0
U00301,control,desktop,US,7,1,8,24.14
U00302,treatment,desktop,US,4,0,1,0.0
U00303,control,mobile,FR,3,0,2,0.0
U00304,control,console,CA,6,0,4,0.0
U00305,control,mobile,CA,4,0,0,0.0
U00306,treatment,console,US,4,0,2,0.0
U00307,treatment,mobile,DE,4,0,1,0.0
U00308,treatment,console,US,5,0,4,0.0
U00309,control,mobile,UK,4,0,1,0.0
U00310,treatment,desktop,DE,6,0,3,0.0
U00311,treatment,desktop,CA,5,0,4,0.0
U00312,control,desktop,FR,9,1,6,18.53
U00313,control,console,FR,4,0,3,0.0
U00314,treatment,mobile,US,6,0,3,0.0
U00315,control,mobile,DE,3,1,3,43.57
U00316,control,console,DE,3,0,2,0.0
U00317,treatment,console,US,6,0,6,0.0
U00318,treatment,desktop,UK,2,0,3,0.0
U00319,treatment,desktop,US,3,0,5,0.0
U00320,control,console,US,7,0,4,0.0
U00321,treatment,console,DE,4,1,3,15.07
U00322,treatment,console,CA,4,0,4,0.0
U00323,treatment,console,DE,7,0,3,0.0
U00324,control,mobile,US,5,0,0,0.0
U00325,treatment,desktop,US,3,0,0,0.0
U00326,treatment,desktop,US,3,0,2,0.0
U00327,treatment,mobile,DE,4,0,1,0.0
U00328,control,console,UK,9,1,2,5.25
U00329,control,desktop,US,7,0,2,0.0
U00330,treatment,mobile,FR,3,0,2,0.0
U00331,treatment,desktop,UK,5,0,3,0.0
U00332,treatment,mobile,DE,3,0,1,0.0
U00333,control,mobile,FR,3,0,4,0.0
U00334,control,desktop,FR,5,0,4,0.0
U00335,treatment,desktop,CA,4,0,4,0.0
U00336,treatment,desktop,FR,8,0,4,0.0
U00337,treatment,mobile,US,3,0,5,0.0
U00338,control,desktop,US,5,0,3,0.0
U00339,control,mobile,UK,4,0,4,0.0
U00340,control,console,UK,7,0,5,0.0
U00341,treatment,mobile,DE,4,0,3,0.0
U00342,control,console,US,5,0,1,0.0
U00343,control,mobile,US,4,0,5,0.0
U00344,control,mobile,FR,6,0,4,0.0
U00345,treatment,desktop,UK,4,1,2,7.06
U00346,control,console,US,6,0,3,0.0
U00347,treatment,console,DE,4,1,6,23.99
U00348,treatment,desktop,UK,4,0,5,0.0
U00349,treatment,mobile,US,6,0,4,0.0
U00350,control,mobile,UK,13,0,9,0.0
U00351,treatment,desktop,FR,4,0,4,0.0
U00352,treatment,mobile,DE,6,0,8,0.0
U00353,control,console,DE,4,0,3,0.0
U00354,treatment,desktop,US,3,0,3,0.0
U00355,treatment,console,DE,4,0,2,0.0
U00356,control,console,US,8,0,7,0.0
U00357,treatment,mobile,US,4,1,8,25.31
U00358,treatment,mobile,UK,5,0,5,0.0
U00359,treatment,console,UK,6,0,6,0.0
U00360,control,mobile,UK,5,0,3,0.0
U00361,treatment,desktop,US,5,0,2,0.0
U00362,control,console,UK,7,0,2,0.0
U00363,treatment,mobile,UK,4,0,5,0.0
U00364,control,console,FR,6,1,6,11.05
U00365,control,mobile,US,3,0,3,0.0
U00366,control,desktop,DE,7,0,2,0.0
U00367,control,mobile,US,3,0,3,0.0
U00368,control,desktop,UK,5,0,3,0.0
U00369,treatment,mobile,CA,3,0,5,0.0
U00370,treatment,mobile,UK,6,1,6,25.57
U00371,treatment,mobile,FR,3,0,3,0.0
U00372,control,mobile,DE,3,0,5,0.0
U00373,control,desktop,US,4,0,4,0.0
U00374,treatment,mobile,DE,4,0,3,0.0
U00375,control,mobile,FR,4,0,3,0.0
U00376,treatment,mobile,FR,2,0,4,0.0
U00377,control,mobile,US,7,0,3,0.0
U00378,control,mobile,US,2,0,2,0.0
U00379,treatment,mobile,US,9,1,9,8.66
U00380,control,desktop,UK,7,0,4,0.0
U00381,control,desktop,US,7,1,4,2.26
U00382,treatment,desktop,DE,4,0,2,0.0
U00383,treatment,mobile,US,7,0,4,0.0
U00384,control,console,FR,2,0,1,0.0
U00385,control,desktop,CA,4,0,2,0.0
U00386,control,desktop,UK,2,0,6,0.0
U00387,control,mobile,US,3,0,1,0.0
U00388,control,mobile,US,4,0,8,0.0
U00389,treatment,desktop,UK,4,0,3,0.0
U00390,treatment,mobile,UK,4,0,2,0.0
U00391,treatment,desktop,CA,3,0,3,0.0
U00392,treatment,mobile,UK,5,0,4,0.0
U00393,treatment,mobile,US,4,0,1,0.0
U00394,treatment,mobile,US,4,1,3,8.41
U00395,control,mobile,UK,5,0,5,0.0
U00396,control,mobile,FR,5,0,6,0.0
U00397,control,mobile,FR,3,0,2,0.0
U00398,control,desktop,US,3,0,2,0.0
U00399,control,mobile,US,11,1,8,20.51
U00400,control,desktop,FR,3,0,4,0.0
U00401,treatment,console,DE,5,0,8,0.0
U00402,control,console,US,5,1,4,9.15
U00403,control,desktop,US,6,0,2,0.0
U00404,control,mobile,US,5,0,4,0.0
U00405,control,desktop,US,3,0,7,0.0
U00406,treatment,console,US,5,1,8,13.36
U00407,treatment,desktop,DE,3,0,4,0.0
U00408,control,mobile,US,4,0,2,0.0
U00409,control,console,DE,5,0,2,0.0
U00410,treatment,mobile,DE,6,0,3,0.0
U00411,treatment,console,FR,3,0,2,0.0
U00412,control,mobile,US,5,0,4,0.0
U00413,control,mobile,UK,6,0,3,0.0
U00414,treatment,console,DE,2,0,5,0.0
U00415,treatment,desktop,FR,2,0,4,0.0
U00416,treatment,desktop,UK,6,0,4,0.0
U00417,treatment,console,FR,6,0,3,0.0
U00418,treatment,console,CA,5,0,3,0.0
U00419,control,desktop,DE,4,1,6,14.06
U00420,treatment,console,UK,5,0,6,0.0
U00421,control,mobile,DE,3,0,6,0.0
U00422,treatment,mobile,US,4,0,1,0.0
U00423,control,console,US,4,0,5,0.0
U00424,treatment,mobile,UK,2,0,5,0.0
U00425,control,console,DE,5,0,2,0.0
U00426,treatment,mobile,US,6,0,5,0.0
U00427,treatment,mobile,US,7,0,6,0.0
U00428,treatment,mobile,US,11,0,10,0.0
U00429,treatment,desktop,US,6,0,3,0.0
U00430,treatment,console,US,5,1,9,15.31
U00431,control,mobile,US,7,0,6,0.0
U00432,control,mobile,UK,6,0,4,0.0
U00433,treatment,mobile,US,2,0,2,0.0
U00434,control,mobile,UK,5,0,6,0.0
U00435,control,desktop,FR,3,0,4,0.0
U00436,treatment,desktop,US,5,0,3,0.0
U00437,control,mobile,FR,7,0,2,0.0
U00438,control,mobile,US,4,0,1,0.0
U00439,treatment,desktop,UK,5,1,6,11.79
U00440,control,mobile,US,5,0,5,0.0
U00441,treatment,mobile,US,6,0,5,0.0
U00442,treatment,desktop,US,5,0,3,0.0
U00443,treatment,mobile,FR,4,0,1,0.0
U00444,treatment,mobile,UK,8,0,1,0.0
U00445,treatment,mobile,US,7,1,3,6.06
U00446,treatment,console,UK,4,0,3,0.0
U00447,control,mobile,US,3,1,3,7.56
U00448,treatment,console,US,3,0,2,0.0
U00449,control,desktop,UK,3,0,1,0.0
U00450,control,desktop,UK,14,1,7,11.96
U00451,treatment,console,DE,3,0,2,0.0
U00452,control,mobile,US,5,0,4,0.0
U00453,control,mobile,US,6,0,2,0.0
U00454,treatment,mobile,DE,6,0,4,0.0
U00455,treatment,desktop,UK,6,0,3,0.0
U00456,control,desktop,FR,5,1,5,11.86
U00457,control,console,FR,4,0,8,0.0
U00458,control,desktop,US,6,0,3,0.0
U00459,control,mobile,US,6,0,1,0.0
U00460,control,mobile,US,7,0,3,0.0
U00461,control,mobile,FR,4,0,2,0.0
U00462,control,console,UK,6,0,2,0.0
U00463,control,mobile,DE,6,0,3,0.0
U00464,control,console,US,3,0,3,0.0
U00465,treatment,mobile,FR,3,0,6,0.0
U00466,control,desktop,CA,8,0,3,0.0
U00467,treatment,mobile,US,6,0,3,0.0
U00468,control,console,US,7,0,4,0.0
U00469,control,mobile,US,3,0,2,0.0
U00470,treatment,desktop,US,8,1,2,10.6
U00471,control,console,UK,4,1,4,33.41
U00472,control,desktop,US,5,1,2,26.79
U00473,treatment,mobile,DE,3,0,2,0.0
U00474,control,console,CA,9,1,2,12.55
U00475,control,mobile,DE,3,0,1,0.0
U00476,control,mobile,DE,6,0,3,0.0
U00477,treatment,desktop,US,3,0,5,0.0
U00478,treatment,console,UK,5,0,3,0.0
U00479,treatment,mobile,DE,3,1,3,18.69
U00480,control,console,DE,10,0,1,0.0
U00481,treatment,desktop,FR,4,0,1,0.0
U00482,treatment,desktop,US,5,0,4,0.0
U00483,control,mobile,UK,3,0,7,0.0
U00484,control,desktop,US,1,0,0,0.0
U00485,control,mobile,US,5,0,2,0.0
U00486,control,mobile,US,5,1,5,11.42
U00487,treatment,mobile,UK,4,0,3,0.0
U00488,control,console,UK,5,0,5,0.0
U00489,treatment,mobile,US,5,0,4,0.0
U00490,treatment,mobile,US,5,0,3,0.0
U00491,control,mobile,CA,3,0,4,0.0
U00492,control,mobile,FR,8,1,3,26.57
U00493,treatment,console,UK,7,0,2,0.0
U00494,control,desktop,FR,7,0,2,0.0
U00495,control,desktop,US,6,0,5,0.0
U00496,treatment,console,CA,6,0,1,0.0
U00497,treatment,mobile,DE,7,1,4,52.58
U00498,treatment,console,US,10,0,2,0.0
U00499,treatment,console,UK,6,1,5,7.97
U00500,treatment,desktop,CA,4,0,7,0.0
U00501,treatment,desktop,CA,2,0,2,0.0
U00502,control,mobile,US,8,0,2,0.0
U00503,control,console,US,6,0,4,0.0
U00504,control,mobile,US,5,1,5,39.72
U00505,control,desktop,FR,4,0,3,0.0
U00506,control,mobile,US,2,0,5,0.0
U00507,control,desktop,UK,5,0,3,0.0
U00508,treatment,console,US,3,0,3,0.0
U00509,treatment,desktop,US,8,0,5,0.0
U00510,control,mobile,US,5,0,8,0.0
U00511,control,desktop,FR,6,0,2,0.0
U00512,control,console,CA,9,1,1,29.99
U00513,treatment,desktop,US,3,0,3,0.0
U00514,control,console,FR,4,0,2,0.0
U00515,treatment,console,DE,9,0,2,0.0
U00516,treatment,console,US,6,0,2,0.0
U00517,treatment,mobile,UK,4,0,3,0.0
U00518,control,desktop,US,5,0,1,0.0
U00519,control,console,CA,5,0,7,0.0
U00520,control,console,DE,5,0,4,0.0
U00521,treatment,mobile,US,6,0,7,0.0
U00522,treatment,mobile,UK,9,0,1,0.0
U00523,treatment,mobile,US,5,0,2,0.0
U00524,control,console,US,4,0,2,0.0
U00525,treatment,console,DE,3,0,0,0.0
U00526,control,desktop,FR,7,1,2,17.6
U00527,control,mobile,US,5,1,1,4.05
U00528,control,mobile,US,5,0,2,0.0
U00529,treatment,console,US,3,1,2,17.03
U00530,treatment,mobile,UK,2,0,0,0.0
U00531,treatment,mobile,UK,5,0,2,0.0
U00532,treatment,mobile,US,2,1,3,14.22
U00533,control,console,FR,7,0,4,0.0
U00534,treatment,desktop,US,7,0,1,0.0
U00535,control,mobile,FR,5,0,2,0.0
U00536,control,mobile,CA,6,0,5,0.0
U00537,treatment,console,UK,6,0,7,0.0
U00538,treatment,mobile,DE,9,0,1,0.0
U00539,control,mobile,UK,7,0,3,0.0
U00540,control,mobile,UK,3,0,7,0.0
U00541,control,mobile,US,6,1,4,48.87
U00542,control,console,UK,7,0,3,0.0
U00543,control,console,DE,9,0,6,0.0
U00544,treatment,mobile,DE,7,0,2,0.0
U00545,control,console,DE,5,0,4,0.0
U00546,treatment,mobile,US,4,0,3,0.0
U00547,treatment,console,FR,5,0,5,0.0
U00548,control,mobile,FR,3,0,0,0.0
U00549,treatment,mobile,FR,5,1,8,12.75
U00550,control,console,DE,6,0,1,0.0
U00551,control,console,US,3,0,1,0.0
U00552,control,console,US,4,0,3,0.0
U00553,treatment,desktop,US,2,1,4,11.67
U00554,treatment,console,UK,2,0,3,0.0
U00555,control,desktop,FR,6,1,4,27.54
U00556,treatment,mobile,CA,5,0,5,0.0
U00557,treatment,desktop,CA,7,0,3,0.0
U00558,treatment,desktop,US,7,0,2,0.0
U00559,control,desktop,UK,4,1,4,13.36
U00560,treatment,console,UK,5,0,1,0.0
U00561,treatment,desktop,FR,5,0,3,0.0
U00562,control,mobile,DE,5,0,2,0.0
U00563,treatment,mobile,FR,6,0,0,0.0
U00564,treatment,console,CA,6,0,5,0.0
U00565,control,mobile,US,4,0,3,0.0
U00566,treatment,console,US,4,0,1,0.0
U00567,control,mobile,FR,5,0,4,0.0
U00568,control,mobile,US,6,0,5,0.0
U00569,treatment,console,US,4,0,2,0.0
U00570,control,mobile,US,7,0,5,0.0
U00571,control,console,US,7,0,4,0.0
U00572,treatment,mobile,CA,4,0,4,0.0
U00573,control,desktop,UK,1,0,3,0.0
U00574,control,desktop,US,9,0,5,0.0
U00575,treatment,console,CA,3,0,2,0.0
U00576,treatment,mobile,US,2,0,3,0.0
U00577,control,mobile,DE,8,0,3,0.0
U00578,control,desktop,CA,8,0,3,0.0
U00579,treatment,console,US,3,0,1,0.0
U00580,treatment,console,UK,2,0,0,0.0
U00581,treatment,console,UK,3,0,2,0.0
U00582,treatment,desktop,UK,10,0,2,0.0
U00583,control,desktop,US,2,1,3,13.11
U00584,control,console,UK,5,0,2,0.0
U00585,treatment,console,US,4,0,8,0.0
U00586,control,console,FR,4,0,4,0.0
U00587,treatment,console,US,11,0,2,0.0
U00588,control,console,US,3,0,2,0.0
U00589,control,mobile,UK,5,0,3,0.0
U00590,treatment,mobile,DE,3,0,0,0.0
U00591,treatment,console,US,4,0,6,0.0
U00592,control,desktop,UK,6,0,2,0.0
U00593,treatment,mobile,CA,8,1,2,13.34
U00594,treatment,desktop,FR,4,0,4,0.0
U00595,treatment,desktop,DE,6,0,4,0.0
U00596,treatment,console,DE,2,0,2,0.0
U00597,control,console,US,9,0,6,0.0
U00598,treatment,mobile,US,7,0,7,0.0
U00599,treatment,desktop,US,4,0,1,0.0
U00600,treatment,mobile,FR,5,0,4,0.0
U00601,treatment,console,CA,5,0,2,0.0
U00602,treatment,mobile,DE,5,0,4,0.0
U00603,treatment,desktop,US,7,0,1,0.0
U00604,treatment,desktop,DE,6,0,5,0.0
U00605,treatment,desktop,DE,5,0,3,0.0
U00606,control,desktop,US,3,0,3,0.0
U00607,treatment,desktop,US,3,1,2,13.69
U00608,control,desktop,UK,5,0,5,0.0
U00609,treatment,mobile,US,4,0,3,0.0
U00610,treatment,mobile,FR,7,0,3,0.0
U00611,control,desktop,US,4,1,7,1.24
U00612,treatment,mobile,DE,5,0,3,0.0
U00613,treatment,console,US,8,0,2,0.0
U00614,control,mobile,UK,5,0,2,0.0
U00615,treatment,console,DE,7,0,6,0.0
U00616,control,mobile,US,8,0,4,0.0
U00617,control,console,FR,5,0,2,0.0
U00618,treatment,mobile,DE,6,0,4,0.0
U00619,control,desktop,FR,7,0,2,0.0
U00620,treatment,mobile,UK,3,0,4,0.0
U00621,treatment,desktop,DE,6,0,7,0.0
U00622,treatment,mobile,US,4,0,2,0.0
U00623,control,console,DE,5,0,7,0.0
U00624,treatment,desktop,US,2,0,2,0.0
U00625,treatment,console,UK,5,0,5,0.0
U00626,treatment,desktop,US,4,0,3,0.0
U00627,control,desktop,DE,5,0,6,0.0
U00628,treatment,console,US,5,0,5,0.0
U00629,treatment,mobile,DE,3,0,5,0.0
U00630,treatment,desktop,FR,6,0,6,0.0
U00631,treatment,mobile,UK,6,0,4,0.0
U00632,treatment,desktop,US,8,0,2,0.0
U00633,treatment,mobile,FR,5,0,3,0.0
U00634,control,mobile,UK,6,0,4,0.0
U00635,control,desktop,US,7,0,4,0.0
U00636,control,desktop,DE,5,0,4,0.0
U00637,treatment,mobile,US,6,0,1,0.0
U00638,control,desktop,FR,3,1,4,17.14
U00639,treatment,console,DE,9,1,3,31.97
U00640,control,mobile,US,5,0,6,0.0
U00641,control,mobile,US,2,0,4,0.0
U00642,control,console,UK,3,0,4,0.0
U00643,treatment,console,US,3,0,4,0.0
U00644,treatment,mobile,UK,6,0,3,0.0
U00645,treatment,desktop,CA,2,0,3,0.0
U00646,control,mobile,UK,3,0,5,0.0
U00647,control,console,UK,2,0,7,0.0
U00648,control,mobile,FR,7,0,3,0.0
U00649,treatment,mobile,UK,9,0,3,0.0
U00650,treatment,mobile,US,4,0,3,0.0
U00651,control,desktop,CA,8,0,6,0.0
U00652,control,mobile,FR,5,0,2,0.0
U00653,treatment,console,US,5,0,3,0.0
U00654,control,desktop,US,9,0,2,0.0
U00655,treatment,desktop,US,3,0,1,0.0
U00656,treatment,console,US,5,0,2,0.0
U00657,control,mobile,UK,6,1,7,24.92
U00658,treatment,mobile,UK,6,0,8,0.0
U00659,treatment,mobile,FR,5,0,6,0.0
U00660,control,console,US,4,0,3,0.0
U00661,treatment,mobile,FR,8,0,8,0.0
U00662,treatment,console,UK,3,0,2,0.0
U00663,control,desktop,US,5,1,2,9.77
U00664,treatment,desktop,US,1,0,0,0.0
U00665,treatment,desktop,US,4,1,7,11.38
U00666,control,mobile,DE,2,0,0,0.0
U00667,treatment,mobile,UK,5,0,1,0.0
U00668,treatment,console,FR,7,0,1,0.0
U00669,treatment,mobile,DE,5,0,5,0.0
U00670,control,desktop,US,5,1,4,15.1
U00671,treatment,console,US,7,0,1,0.0
U00672,control,mobile,CA,6,0,4,0.0
U00673,control,mobile,US,5,1,1,30.06
U00674,treatment,mobile,US,5,0,2,0.0
U00675,control,mobile,FR,2,0,4,0.0
U00676,control,console,UK,8,0,5,0.0
U00677,control,console,DE,4,0,4,0.0
U00678,treatment,mobile,US,4,1,4,17.67
U00679,treatment,console,DE,8,0,6,0.0
U00680,control,mobile,US,8,0,2,0.0
U00681,treatment,console,UK,5,0,1,0.0
U00682,control,console,FR,5,0,2,0.0
U00683,treatment,mobile,US,2,0,1,0.0
U00684,control,desktop,US,2,1,7,4.48
U00685,treatment,console,DE,5,0,4,0.0
U00686,control,mobile,US,3,0,3,0.0
U00687,control,mobile,UK,6,1,7,10.95
U00688,treatment,desktop,DE,8,1,2,11.41
U00689,treatment,mobile,CA,7,0,3,0.0
U00690,control,mobile,US,2,0,3,0.0
U00691,treatment,mobile,FR,9,0,5,0.0
U00692,control,desktop,DE,4,0,3,0.0
U00693,control,mobile,UK,7,0,4,0.0
U00694,control,desktop,DE,5,0,3,0.0
U00695,treatment,mobile,US,3,0,2,0.0
U00696,control,mobile,FR,2,0,4,0.0
U00697,control,desktop,DE,5,0,6,0.0
U00698,control,mobile,UK,6,0,5,0.0
U00699,treatment,desktop,UK,5,0,5,0.0
U00700,control,mobile,US,1,0,4,0.0
U00701,treatment,desktop,US,6,0,5,0.0
U00702,treatment,mobile,CA,3,0,1,0.0
U00703,control,console,FR,6,0,7,0.0
U00704,treatment,mobile,FR,2,0,1,0.0
U00705,control,console,US,2,0,4,0.0
U00706,treatment,mobile,UK,3,0,5,0.0
U00707,control,mobile,DE,5,0,0,0.0
U00708,treatment,desktop,UK,10,0,2,0.0
U00709,control,mobile,UK,6,0,2,0.0
U00710,control,desktop,US,4,0,3,0.0
U00711,control,console,CA,6,0,6,0.0
U00712,treatment,console,DE,7,0,4,0.0
U00713,treatment,desktop,UK,7,0,4,0.0
U00714,control,console,CA,5,0,5,0.0
U00715,treatment,desktop,FR,7,0,7,0.0
U00716,treatment,mobile,DE,8,0,4,0.0
U00717,treatment,console,UK,9,0,4,0.0
U00718,control,mobile,US,6,0,5,0.0
U00719,treatment,mobile,US,7,1,2,16.43
U00720,treatment,mobile,DE,4,1,4,47.71
U00721,treatment,mobile,US,4,0,5,0.0
U00722,control,mobile,US,3,0,2,0.0
U00723,control,mobile,US,6,0,3,0.0
U00724,control,desktop,US,2,0,3,0.0
U00725,treatment,console,FR,6,1,2,12.63
U00726,treatment,console,UK,7,0,3,0.0
U00727,treatment,mobile,DE,4,0,2,0.0
U00728,treatment,mobile,CA,2,0,5,0.0
U00729,control,desktop,DE,3,0,2,0.0
U00730,treatment,mobile,US,8,0,5,0.0
U00731,control,mobile,DE,4,1,1,37.48
U00732,control,desktop,FR,4,1,5,14.44
U00733,control,console,FR,6,0,1,0.0
U00734,control,mobile,UK,3,0,3,0.0
U00735,control,desktop,UK,6,1,5,13.04
U00736,control,desktop,UK,8,0,2,0.0
U00737,treatment,console,UK,5,0,4,0.0
U00738,treatment,mobile,DE,2,0,8,0.0
U00739,control,console,US,6,0,4,0.0
U00740,treatment,console,DE,10,0,3,0.0
U00741,control,mobile,DE,4,1,3,6.8
U00742,treatment,desktop,US,7,0,2,0.0
U00743,treatment,desktop,UK,8,0,2,0.0
U00744,treatment,mobile,US,1,0,4,0.0
U00745,treatment,desktop,UK,4,0,2,0.0
U00746,control,mobile,CA,10,0,1,0.0
U00747,treatment,console,US,6,0,2,0.0
U00748,control,mobile,UK,11,0,5,0.0
U00749,control,desktop,UK,1,0,6,0.0
U00750,treatment,mobile,DE,4,0,2,0.0
U00751,control,desktop,DE,5,0,2,0.0
U00752,control,desktop,CA,7,1,3,0.72
U00753,control,desktop,US,6,0,6,0.0
U00754,control,desktop,UK,7,0,5,0.0
U00755,treatment,mobile,FR,6,1,5,14.38
U00756,treatment,mobile,US,5,0,3,0.0
U00757,treatment,desktop,US,5,0,4,0.0
U00758,control,mobile,CA,5,0,4,0.0
U00759,control,console,US,3,0,4,0.0
U00760,control,desktop,US,8,0,4,0.0
U00761,control,console,CA,8,0,5,0.0
U00762,treatment,mobile,US,9,0,5,0.0
U00763,control,desktop,UK,4,1,2,18.73
U00764,treatment,mobile,US,4,0,2,0.0
U00765,treatment,console,UK,3,0,1,0.0
U00766,control,desktop,US,3,0,0,0.0
U00767,control,desktop,FR,4,0,5,0.0
U00768,treatment,desktop,CA,4,1,6,25.19
U00769,control,mobile,DE,5,0,2,0.0
U00770,control,desktop,CA,9,0,5,0.0
U00771,treatment,console,US,7,0,0,0.0
U00772,control,mobile,US,2,0,5,0.0
U00773,treatment,console,UK,4,0,1,0.0
U00774,control,console,US,6,0,7,0.0
U00775,control,console,US,2,0,3,0.0
U00776,treatment,console,UK,5,0,1,0.0
U00777,control,mobile,CA,6,0,4,0.0
U00778,treatment,desktop,UK,4,0,10,0.0
U00779,treatment,mobile,DE,2,0,3,0.0
U00780,control,console,UK,3,0,4,0.0
U00781,treatment,mobile,US,6,0,5,0.0
U00782,control,console,DE,5,0,3,0.0
U00783,treatment,mobile,US,4,0,4,0.0
U00784,control,mobile,UK,4,0,2,0.0
U00785,control,mobile,US,9,0,4,0.0
U00786,treatment,desktop,DE,3,1,9,19.25
U00787,treatment,mobile,US,3,0,2,0.0
U00788,control,mobile,US,5,0,4,0.0
U00789,treatment,mobile,UK,4,0,2,0.0
U00790,control,mobile,US,5,0,1,0.0
U00791,control,console,FR,4,0,2,0.0
U00792,treatment,desktop,UK,5,0,6,0.0
U00793,treatment,mobile,US,2,0,2,0.0
U00794,treatment,mobile,DE,7,0,3,0.0
U00795,treatment,mobile,FR,8,1,2,5.33
U00796,treatment,mobile,UK,2,0,2,0.0
U00797,control,mobile,US,5,1,4,32.53
U00798,treatment,mobile,DE,5,0,3,0.0
U00799,treatment,mobile,UK,3,0,3,0.0
U00800,control,mobile,UK,4,1,3,7.9
U00801,control,console,FR,2,1,9,5.99
U00802,treatment,mobile,US,3,1,5,18.57
U00803,treatment,desktop,UK,2,0,2,0.0
U00804,treatment,desktop,US,11,0,2,0.0
U00805,control,console,US,4,0,2,0.0
U00806,treatment,mobile,UK,6,0,3,0.0
U00807,treatment,console,US,4,0,3,0.0
U00808,control,console,US,5,0,2,0.0
U00809,treatment,console,US,8,1,4,18.48
U00810,treatment,console,US,6,0,5,0.0
U00811,treatment,mobile,UK,4,0,4,0.0
U00812,control,console,DE,9,0,6,0.0
U00813,control,console,DE,4,0,6,0.0
U00814,control,mobile,US,6,0,5,0.0
U00815,control,mobile,UK,6,0,4,0.0
U00816,control,console,UK,4,0,0,0.0
U00817,control,mobile,CA,3,0,2,0.0
U00818,control,console,UK,8,0,7,0.0
U00819,treatment,mobile,US,8,0,1,0.0
U00820,treatment,desktop,DE,5,0,4,0.0
U00821,treatment,mobile,FR,3,0,0,0.0
U00822,control,desktop,CA,5,0,2,0.0
U00823,treatment,desktop,US,4,0,3,0.0
U00824,control,console,CA,5,0,5,0.0
U00825,treatment,mobile,UK,6,0,3,0.0
U00826,control,mobile,FR,4,0,3,0.0
U00827,treatment,mobile,US,3,0,4,0.0
U00828,control,mobile,CA,10,0,5,0.0
U00829,control,console,FR,3,0,1,0.0
U00830,control,mobile,FR,2,0,4,0.0
U00831,control,mobile,DE,4,1,4,10.36
U00832,treatment,console,US,5,0,4,0.0
U00833,treatment,mobile,US,3,0,3,0.0
U00834,treatment,mobile,UK,6,0,3,0.0
U00835,treatment,desktop,DE,5,0,2,0.0
U00836,control,mobile,UK,6,1,4,7.44
U00837,control,console,US,6,0,5,0.0
U00838,treatment,desktop,US,7,0,3,0.0
U00839,control,mobile,FR,3,0,1,0.0
U00840,control,desktop,US,4,0,4,0.0
U00841,control,console,US,2,0,3,0.0
U00842,treatment,mobile,US,3,0,2,0.0
U00843,treatment,desktop,US,4,0,5,0.0
U00844,control,mobile,US,8,0,2,0.0
U00845,control,desktop,UK,5,0,2,0.0
U00846,control,desktop,DE,5,0,8,0.0
U00847,treatment,mobile,US,5,0,4,0.0
U00848,treatment,desktop,CA,5,0,5,0.0
U00849,treatment,mobile,US,8,0,4,0.0
U00850,treatment,desktop,US,3,0,4,0.0
U00851,treatment,desktop,CA,4,0,5,0.0
U00852,control,mobile,FR,6,1,1,27.57
U00853,treatment,mobile,US,4,0,2,0.0
U00854,treatment,console,UK,4,1,2,9.08
U00855,control,mobile,US,7,0,1,0.0
U00856,control,mobile,US,3,0,3,0.0
U00857,treatment,mobile,US,5,0,4,0.0
U00858,treatment,desktop,UK,4,0,5,0.0
U00859,treatment,mobile,US,3,0,3,0.0
U00860,control,console,UK,2,0,1,0.0
U00861,control,desktop,FR,4,1,6,10.0
U00862,control,mobile,UK,7,0,4,0.0
U00863,control,desktop,CA,7,0,4,0.0
U00864,control,mobile,US,6,0,6,0.0
U00865,control,mobile,CA,3,0,2,0.0
U00866,control,desktop,FR,5,0,3,0.0
U00867,treatment,mobile,UK,8,0,5,0.0
U00868,control,console,US,5,0,6,0.0
U00869,control,desktop,UK,5,0,2,0.0
U00870,control,mobile,DE,3,1,3,16.83
U00871,treatment,console,UK,10,0,9,0.0
U00872,treatment,desktop,DE,5,0,7,0.0
U00873,treatment,mobile,FR,4,0,3,0.0
U00874,treatment,desktop,US,7,0,1,0.0
U00875,treatment,console,DE,7,0,1,0.0
U00876,control,mobile,FR,8,0,1,0.0
U00877,control,mobile,FR,2,0,3,0.0
U00878,control,desktop,UK,5,0,3,0.0
U00879,treatment,mobile,US,6,0,2,0.0
U00880,treatment,mobile,US,3,0,3,0.0
U00881,control,desktop,US,3,0,3,0.0
U00882,control,console,US,3,1,6,13.81
U00883,treatment,desktop,CA,4,0,5,0.0
U00884,treatment,mobile,US,3,0,3,0.0
U00885,treatment,mobile,US,10,0,6,0.0
U00886,treatment,mobile,UK,8,0,6,0.0
U00887,treatment,mobile,CA,2,1,2,32.1
U00888,control,desktop,US,5,1,5,3.46
U00889,control,mobile,UK,5,0,1,0.0
U00890,control,console,US,10,0,5,0.0
U00891,treatment,desktop,US,4,0,3,0.0
U00892,treatment,desktop,US,6,0,5,0.0
U00893,treatment,console,US,6,0,5,0.0
U00894,control,desktop,US,3,0,3,0.0
U00895,control,console,UK,5,0,3,0.0
U00896,control,console,US,3,0,6,0.0
U00897,treatment,desktop,DE,3,0,5,0.0
U00898,treatment,mobile,US,6,0,2,0.0
U00899,control,mobile,CA,4,0,3,0.0
U00900,control,console,US,3,0,3,0.0
U00901,treatment,mobile,US,3,1,3,27.86
U00902,control,console,DE,5,0,3,0.0
U00903,treatment,mobile,US,10,0,6,0.0
U00904,treatment,desktop,UK,6,0,2,0.0
U00905,control,mobile,US,7,0,2,0.0
U00906,control,console,CA,5,0,4,0.0
U00907,control,mobile,US,4,0,4,0.0
U00908,control,mobile,UK,8,1,3,15.55
U00909,control,console,UK,3,1,2,8.2
U00910,treatment,mobile,US,3,0,4,0.0
U00911,control,mobile,UK,4,0,5,0.0
U00912,control,console,FR,8,0,5,0.0
U00913,control,console,CA,5,1,6,11.85
U00914,control,mobile,CA,4,0,5,0.0
U00915,control,desktop,US,7,0,4,0.0
U00916,treatment,mobile,US,5,0,0,0.0
U00917,treatment,mobile,US,7,0,5,0.0
U00918,control,desktop,UK,10,0,4,0.0
U00919,treatment,mobile,US,9,0,5,0.0
U00920,treatment,desktop,UK,5,0,3,0.0
U00921,control,mobile,UK,8,0,3,0.0
U00922,treatment,console,FR,7,0,0,0.0
U00923,treatment,desktop,FR,6,0,3,0.0
U00924,control,mobile,CA,7,0,9,0.0
U00925,treatment,console,US,8,0,3,0.0
U00926,control,console,FR,4,0,2,0.0
U00927,control,mobile,US,5,0,2,0.0
U00928,treatment,console,UK,8,0,6,0.0
U00929,control,mobile,US,6,0,6,0.0
U00930,treatment,mobile,US,2,1,3,8.16
U00931,control,mobile,US,11,0,5,0.0
U00932,treatment,mobile,FR,4,0,6,0.0
U00933,control,desktop,US,6,0,3,0.0
U00934,treatment,desktop,CA,9,0,1,0.0
U00935,treatment,console,UK,4,0,4,0.0
U00936,control,mobile,DE,4,0,1,0.0
U00937,treatment,mobile,CA,4,1,3,28.95
U00938,control,mobile,US,5,0,3,0.0
U00939,control,mobile,FR,5,0,5,0.0
U00940,control,console,DE,6,0,6,0.0
U00941,treatment,desktop,UK,5,0,2,0.0
U00942,treatment,console,DE,4,0,4,0.0
U00943,control,desktop,DE,6,0,7,0.0
U00944,control,mobile,UK,4,0,3,0.0
U00945,control,mobile,US,5,0,2,0.0
U00946,control,mobile,UK,6,1,3,11.37
U00947,control,console,US,4,0,2,0.0
U00948,treatment,mobile,CA,7,0,3,0.0
U00949,control,mobile,CA,5,0,1,0.0
U00950,control,desktop,DE,4,0,6,0.0
U00951,treatment,mobile,US,8,0,5,0.0
U00952,treatment,desktop,US,9,0,5,0.0
U00953,control,mobile,UK,5,0,2,0.0
U00954,treatment,desktop,US,7,0,4,0.0
U00955,control,mobile,FR,2,0,7,0.0
U00956,control,console,US,3,0,7,0.0
U00957,control,desktop,US,4,0,6,0.0
U00958,control,mobile,UK,4,0,3,0.0
U00959,treatment,console,CA,3,0,3,0.0
U00960,treatment,console,US,3,0,2,0.0
U00961,control,desktop,US,6,0,3,0.0
U00962,control,console,US,8,0,2,0.0
U00963,treatment,console,US,4,0,4,0.0
U00964,treatment,mobile,US,3,0,4,0.0
U00965,control,mobile,DE,6,0,2,0.0
U00966,control,mobile,US,2,0,0,0.0
U00967,control,desktop,UK,6,0,4,0.0
U00968,treatment,console,CA,4,0,2,0.0
U00969,treatment,desktop,DE,5,0,5,0.0
U00970,control,mobile,FR,5,0,3,0.0
U00971,control,console,UK,5,0,3,0.0
U00972,control,desktop,CA,4,0,3,0.0
U00973,treatment,mobile,DE,6,0,3,0.0
U00974,treatment,console,US,4,0,2,0.0
U00975,control,mobile,UK,4,0,2,0.0
U00976,control,desktop,US,3,0,1,0.0
U00977,treatment,desktop,FR,8,0,6,0.0
U00978,treatment,console,US,9,0,4,0.0
U00979,treatment,mobile,DE,4,1,5,18.36
U00980,control,mobile,DE,7,0,5,0.0
U00981,treatment,desktop,FR,5,0,3,0.0
U00982,treatment,console,US,7,0,3,0.0
U00983,treatment,mobile,CA,5,0,5,0.0
U00984,control,mobile,US,2,0,3,0.0
U00985,treatment,console,FR,5,0,5,0.0
U00986,control,console,US,7,1,0,7.6
U00987,treatment,mobile,US,6,0,5,0.0
U00988,treatment,mobile,US,4,0,2,0.0
U00989,control,desktop,FR,5,0,3,0.0
U00990,treatment,desktop,DE,9,0,3,0.0
U00991,treatment,desktop,UK,11,0,5,0.0
U00992,control,console,UK,3,0,4,0.0
U00993,treatment,mobile,DE,5,0,4,0.0
U00994,treatment,console,US,3,0,3,0.0
U00995,control,mobile,US,6,0,1,0.0
U00996,control,console,DE,6,0,3,0.0
U00997,control,mobile,US,4,0,3,0.0
U00998,treatment,mobile,UK,6,0,6,0.0
U00999,control,mobile,US,1,0,5,0.0
U01000,control,mobile,US,5,0,4,0.0
U01001,control,mobile,DE,4,0,2,0.0
U01002,control,desktop,UK,6,0,4,0.0
U01003,control,console,US,4,0,3,0.0
U01004,treatment,desktop,US,3,0,5,0.0
U01005,treatment,desktop,US,6,0,5,0.0
U01006,treatment,mobile,UK,4,0,3,0.0
U01007,control,console,US,4,0,2,0.0
U01008,treatment,mobile,DE,9,0,6,0.0
U01009,treatment,mobile,UK,4,1,1,16.02
U01010,control,mobile,CA,3,0,2,0.0
U01011,treatment,mobile,CA,5,0,3,0.0
U01012,control,desktop,US,6,0,4,0.0
U01013,control,mobile,DE,6,0,6,0.0
U01014,treatment,mobile,DE,2,0,2,0.0
U01015,treatment,console,UK,6,0,1,0.0
U01016,control,mobile,US,4,0,2,0.0
U01017,control,desktop,CA,5,0,2,0.0
U01018,treatment,mobile,UK,2,1,4,9.66
U01019,control,console,US,4,0,4,0.0
U01020,treatment,desktop,US,7,0,2,0.0
U01021,treatment,mobile,UK,3,0,3,0.0
U01022,treatment,console,US,4,0,9,0.0
U01023,control,mobile,CA,3,0,4,0.0
U01024,treatment,mobile,UK,6,0,3,0.0
U01025,treatment,desktop,UK,8,0,4,0.0
U01026,control,desktop,US,6,1,7,7.5
U01027,control,mobile,FR,2,0,4,0.0
U01028,control,mobile,US,4,0,2,0.0
U01029,treatment,mobile,US,7,0,0,0.0
U01030,treatment,desktop,FR,4,0,3,0.0
U01031,treatment,console,CA,4,1,4,25.43
U01032,control,mobile,UK,5,0,3,0.0
U01033,control,console,FR,4,0,2,0.0
U01034,treatment,mobile,US,9,0,1,0.0
U01035,control,console,UK,4,0,5,0.0
U01036,treatment,console,US,5,0,3,0.0
U01037,treatment,desktop,US,4,0,5,0.0
U01038,treatment,mobile,FR,7,0,0,0.0
U01039,control,mobile,US,3,0,1,0.0
U01040,treatment,mobile,DE,3,0,5,0.0
U01041,treatment,desktop,UK,6,0,3,0.0
U01042,control,console,UK,3,0,6,0.0
U01043,treatment,mobile,CA,6,0,8,0.0
U01044,treatment,mobile,FR,4,0,2,0.0
U01045,treatment,mobile,US,5,0,3,0.0
U01046,treatment,desktop,US,9,1,5,28.38
U01047,treatment,desktop,UK,9,0,3,0.0
U01048,control,mobile,CA,4,0,3,0.0
U01049,control,console,UK,5,0,1,0.0
U01050,treatment,mobile,US,8,0,1,0.0
U01051,treatment,desktop,DE,3,0,0,0.0
U01052,control,mobile,CA,2,0,1,0.0
U01053,control,mobile,UK,7,0,3,0.0
U01054,treatment,desktop,FR,5,0,7,0.0
U01055,control,desktop,US,3,0,2,0.0
U01056,treatment,mobile,DE,3,1,5,6.19
U01057,control,console,UK,8,0,10,0.0
U01058,treatment,desktop,FR,3,0,3,0.0
U01059,control,mobile,DE,5,0,2,0.0
U01060,treatment,console,CA,8,1,7,35.24
U01061,treatment,console,US,8,0,3,0.0
U01062,treatment,mobile,FR,8,0,5,0.0
U01063,treatment,console,US,5,0,4,0.0
U01064,control,console,US,6,0,3,0.0
U01065,treatment,mobile,UK,3,0,7,0.0
U01066,control,desktop,FR,6,0,2,0.0
U01067,treatment,mobile,US,5,0,2,0.0
U01068,control,desktop,DE,6,0,3,0.0
U01069,control,console,DE,4,0,7,0.0
U01070,treatment,mobile,FR,4,0,0,0.0
U01071,control,desktop,US,7,0,2,0.0
U01072,treatment,mobile,DE,4,1,6,27.53
U01073,control,desktop,US,4,0,3,0.0
U01074,control,console,DE,6,0,3,0.0
U01075,treatment,mobile,US,2,0,4,0.0
U01076,control,desktop,FR,5,0,2,0.0
U01077,treatment,mobile,FR,4,0,4,0.0
U01078,control,desktop,US,6,0,1,0.0
U01079,control,desktop,UK,5,0,3,0.0
U01080,control,desktop,US,3,0,1,0.0
U01081,treatment,mobile,FR,2,1,3,8.88
U01082,treatment,desktop,CA,3,0,0,0.0
U01083,treatment,desktop,US,3,0,5,0.0
U01084,treatment,desktop,CA,2,0,4,0.0
U01085,control,desktop,US,3,0,6,0.0
U01086,control,console,CA,3,1,4,27.63
U01087,control,mobile,CA,4,0,1,0.0
U01088,treatment,mobile,US,2,1,4,9.48
U01089,treatment,console,CA,4,0,3,0.0
U01090,treatment,mobile,US,3,0,4,0.0
U01091,control,console,US,5,0,2,0.0
U01092,control,desktop,FR,7,0,4,0.0
U01093,control,console,UK,3,1,2,10.52
U01094,treatment,desktop,US,3,0,3,0.0
U01095,control,console,US,11,0,4,0.0
U01096,treatment,desktop,DE,6,0,4,0.0
U01097,control,desktop,DE,7,0,5,0.0
U01098,treatment,mobile,FR,4,1,6,23.54
U01099,treatment,mobile,FR,4,0,5,0.0
U01100,treatment,mobile,FR,4,1,3,19.06
U01101,control,console,DE,4,1,4,9.81
U01102,control,mobile,CA,5,0,3,0.0
U01103,control,console,US,6,0,3,0.0
U01104,control,desktop,DE,7,1,6,17.82
U01105,treatment,mobile,UK,4,0,0,0.0
U01106,treatment,console,UK,7,0,3,0.0
U01107,control,mobile,US,5,0,0,0.0
U01108,control,desktop,UK,9,0,3,0.0
U01109,control,desktop,CA,8,1,2,7.16
U01110,treatment,mobile,US,2,0,5,0.0
U01111,treatment,mobile,CA,5,0,4,0.0
U01112,treatment,desktop,US,6,0,1,0.0
U01113,control,mobile,DE,3,0,1,0.0
U01114,treatment,console,US,4,0,4,0.0
U01115,control,desktop,CA,4,0,3,0.0
U01116,control,mobile,UK,2,0,2,0.0
U01117,treatment,mobile,DE,2,0,0,0.0
U01118,control,mobile,CA,3,0,1,0.0
U01119,treatment,console,FR,7,1,1,7.52
U01120,control,desktop,FR,6,0,2,0.0
U01121,treatment,mobile,US,5,0,4,0.0
U01122,control,desktop,US,3,1,1,31.43
U01123,control,desktop,UK,7,0,0,0.0
U01124,control,desktop,US,4,0,3,0.0
U01125,treatment,mobile,UK,3,0,1,0.0
U01126,treatment,mobile,FR,5,0,4,0.0
U01127,treatment,mobile,CA,4,0,2,0.0
U01128,control,desktop,DE,7,0,4,0.0
U01129,treatment,desktop,FR,8,1,6,17.35
U01130,treatment,mobile,US,4,0,7,0.0
U01131,treatment,mobile,UK,6,0,3,0.0
U01132,treatment,desktop,DE,6,0,4,0.0
U01133,control,mobile,US,6,1,4,25.39
U01134,treatment,desktop,US,7,1,5,3.38
U01135,treatment,mobile,CA,5,0,6,0.0
U01136,control,mobile,US,5,0,4,0.0
U01137,control,desktop,US,5,0,5,0.0
U01138,control,mobile,UK,5,0,1,0.0
U01139,control,desktop,DE,3,0,6,0.0
U01140,treatment,mobile,US,5,1,5,14.45
U01141,treatment,mobile,DE,6,1,6,10.3
U01142,treatment,desktop,US,5,0,4,0.0
U01143,control,mobile,FR,7,0,5,0.0
U01144,treatment,desktop,FR,5,1,2,5.32
U01145,treatment,console,US,4,0,5,0.0
U01146,control,console,FR,6,0,7,0.0
U01147,treatment,mobile,UK,5,0,4,0.0
U01148,treatment,mobile,UK,6,0,6,0.0
U01149,control,mobile,US,3,0,2,0.0
U01150,treatment,console,US,2,0,2,0.0
U01151,treatment,mobile,CA,7,0,4,0.0
U01152,treatment,mobile,FR,4,0,3,0.0
U01153,treatment,desktop,FR,4,0,3,0.0
U01154,control,mobile,UK,3,0,1,0.0
U01155,control,desktop,DE,5,1,3,6.17
U01156,treatment,desktop,DE,7,0,6,0.0
U01157,control,desktop,UK,4,0,3,0.0
U01158,control,desktop,FR,4,0,2,0.0
U01159,control,mobile,FR,3,0,3,0.0
U01160,control,desktop,CA,9,0,2,0.0
U01161,treatment,desktop,CA,5,0,4,0.0
U01162,control,mobile,UK,8,0,4,0.0
U01163,treatment,console,FR,6,0,4,0.0
U01164,treatment,console,CA,6,0,2,0.0
U01165,control,console,DE,4,0,2,0.0
U01166,control,desktop,UK,5,0,2,0.0
U01167,control,mobile,US,5,1,2,26.53
U01168,control,mobile,UK,4,0,4,0.0
U01169,control,mobile,UK,3,1,0,10.21
U01170,treatment,mobile,CA,9,0,2,0.0
U01171,treatment,mobile,CA,2,0,4,0.0
U01172,control,mobile,CA,5,0,1,0.0
U01173,control,mobile,US,4,1,4,11.08
U01174,control,console,DE,4,0,6,0.0
U01175,treatment,mobile,US,6,0,0,0.0
U01176,control,desktop,US,4,1,4,17.01
U01177,treatment,console,US,5,0,3,0.0
U01178,treatment,desktop,CA,7,0,1,0.0
U01179,control,mobile,FR,6,0,2,0.0
U01180,control,desktop,FR,6,0,2,0.0
U01181,treatment,console,UK,6,0,3,0.0
U01182,treatment,console,US,5,1,5,15.63
U01183,treatment,mobile,US,5,0,2,0.0
U01184,treatment,mobile,DE,6,0,5,0.0
U01185,control,desktop,FR,2,0,5,0.0
U01186,control,mobile,UK,4,0,4,0.0
U01187,treatment,console,UK,3,0,3,0.0
U01188,treatment,desktop,FR,8,0,4,0.0
U01189,treatment,console,US,3,0,1,0.0
U01190,treatment,console,US,6,0,1,0.0
U01191,control,desktop,FR,4,0,2,0.0
U01192,treatment,console,DE,6,0,2,0.0
U01193,control,desktop,DE,4,0,1,0.0
U01194,treatment,mobile,UK,4,0,5,0.0
U01195,treatment,console,DE,5,1,4,38.0
U01196,treatment,desktop,US,7,0,7,0.0
U01197,treatment,console,DE,5,1,7,13.86
U01198,control,mobile,US,6,0,5,0.0
U01199,treatment,mobile,UK,5,1,2,15.37
U01200,control,console,US,4,0,6,0.0
U01201,treatment,mobile,US,3,0,2,0.0
U01202,treatment,desktop,US,6,1,2,25.47
U01203,control,desktop,UK,5,0,2,0.0
U01204,control,mobile,FR,5,0,3,0.0
U01205,treatment,mobile,US,7,1,2,13.57
U01206,treatment,console,US,2,0,4,0.0
U01207,treatment,mobile,DE,4,0,7,0.0
U01208,treatment,desktop,DE,7,0,6,0.0
U01209,treatment,desktop,US,6,0,6,0.0
U01210,treatment,desktop,UK,6,0,3,0.0
U01211,control,mobile,US,8,0,6,0.0
U01212,control,mobile,UK,4,0,3,0.0
U01213,control,console,US,3,0,0,0.0
U01214,treatment,mobile,DE,9,0,3,0.0
U01215,control,mobile,US,4,1,5,19.67
U01216,control,console,UK,4,0,4,0.0
U01217,control,mobile,DE,8,0,3,0.0
U01218,treatment,mobile,UK,9,0,7,0.0
U01219,treatment,console,CA,1,0,3,0.0
U01220,treatment,mobile,US,4,0,1,0.0
U01221,control,mobile,US,7,0,5,0.0
U01222,control,mobile,US,6,0,4,0.0
U01223,control,console,US,5,0,4,0.0
U01224,treatment,console,US,2,0,4,0.0
U01225,treatment,console,CA,8,0,3,0.0
U01226,control,console,UK,6,1,8,22.06
U01227,treatment,mobile,US,3,0,5,0.0
U01228,control,desktop,FR,6,1,8,13.35
U01229,control,mobile,US,2,0,3,0.0
U01230,control,console,US,7,0,1,0.0
U01231,control,console,CA,7,0,3,0.0
U01232,control,mobile,US,3,0,1,0.0
U01233,control,console,UK,10,0,5,0.0
U01234,treatment,desktop,CA,4,0,2,0.0
U01235,control,mobile,UK,4,0,4,0.0
U01236,treatment,desktop,FR,5,0,6,0.0
U01237,control,console,UK,2,0,2,0.0
U01238,control,mobile,UK,4,0,1,0.0
U01239,control,mobile,US,5,0,4,0.0
U01240,control,console,FR,1,0,1,0.0
U01241,treatment,mobile,UK,6,0,1,0.0
U01242,control,mobile,US,5,0,2,0.0
U01243,control,desktop,US,7,0,3,0.0
U01244,treatment,desktop,UK,12,1,3,36.95
U01245,treatment,mobile,UK,4,1,7,6.63
U01246,control,mobile,CA,6,0,1,0.0
U01247,treatment,console,DE,4,1,4,23.89
U01248,control,desktop,US,4,0,3,0.0
U01249,control,desktop,US,7,0,6,0.0
U01250,control,console,UK,6,0,4,0.0
U01251,control,mobile,US,4,1,8,11.13
U01252,control,console,US,5,0,1,0.0
U01253,control,console,CA,4,0,1,0.0
U01254,control,console,US,6,0,2,0.0
U01255,treatment,mobile,US,5,0,1,0.0
U01256,treatment,mobile,DE,4,0,3,0.0
U01257,treatment,desktop,US,4,0,2,0.0
U01258,treatment,console,FR,2,0,1,0.0
U01259,treatment,console,DE,5,0,3,0.0
U01260,control,mobile,UK,4,1,4,10.22
U01261,control,desktop,FR,7,0,1,0.0
U01262,treatment,mobile,US,6,0,3,0.0
U01263,treatment,desktop,UK,6,0,8,0.0
U01264,control,console,DE,4,0,2,0.0
U01265,treatment,console,DE,1,0,1,0.0
U01266,treatment,mobile,UK,4,0,2,0.0
U01267,treatment,console,US,3,0,2,0.0
U01268,treatment,mobile,FR,5,0,7,0.0
U01269,treatment,desktop,DE,6,1,5,13.78
U01270,treatment,desktop,US,6,0,1,0.0
U01271,control,desktop,US,4,0,5,0.0
U01272,control,console,DE,8,0,1,0.0
U01273,treatment,desktop,DE,6,0,3,0.0
U01274,control,mobile,UK,5,0,4,0.0
U01275,control,mobile,US,6,0,2,0.0
U01276,treatment,desktop,US,5,0,5,0.0
U01277,control,desktop,DE,4,0,3,0.0
U01278,control,desktop,DE,4,0,3,0.0
U01279,treatment,mobile,DE,6,0,2,0.0
U01280,treatment,mobile,US,7,0,4,0.0
U01281,treatment,console,US,2,0,3,0.0
U01282,control,desktop,FR,6,0,3,0.0
U01283,treatment,desktop,CA,3,1,2,17.14
U01284,control,desktop,FR,5,0,5,0.0
U01285,treatment,mobile,FR,2,0,4,0.0
U01286,control,mobile,CA,4,0,1,0.0
U01287,treatment,mobile,US,6,0,3,0.0
U01288,treatment,desktop,US,4,0,1,0.0
U01289,control,mobile,US,3,0,2,0.0
U01290,treatment,mobile,US,8,0,3,0.0
U01291,control,console,FR,4,0,6,0.0
U01292,treatment,mobile,US,4,0,7,0.0
U01293,control,desktop,UK,7,0,3,0.0
U01294,control,mobile,US,5,0,0,0.0
U01295,treatment,mobile,UK,5,0,3,0.0
U01296,control,mobile,US,6,0,0,0.0
U01297,control,console,UK,4,0,2,0.0
U01298,treatment,desktop,UK,5,0,3,0.0
U01299,treatment,desktop,US,5,0,3,0.0
U01300,control,console,DE,6,0,3,0.0
U01301,control,mobile,DE,5,0,2,0.0
U01302,control,desktop,UK,4,0,3,0.0
U01303,treatment,mobile,CA,7,0,3,0.0
U01304,treatment,desktop,UK,8,0,4,0.0
U01305,treatment,console,DE,5,0,2,0.0
U01306,control,mobile,FR,5,0,2,0.0
U01307,treatment,console,FR,7,0,5,0.0
U01308,control,desktop,US,5,0,3,0.0
U01309,treatment,mobile,US,3,0,2,0.0
U01310,control,mobile,FR,7,0,4,0.0
U01311,treatment,desktop,DE,5,0,0,0.0
U01312,control,desktop,FR,4,0,3,0.0
U01313,control,mobile,US,5,0,4,0.0
U01314,treatment,desktop,CA,4,0,3,0.0
U01315,control,mobile,CA,5,0,5,0.0
U01316,treatment,console,DE,6,0,2,0.0
U01317,treatment,mobile,CA,5,0,0,0.0
U01318,treatment,desktop,US,4,0,4,0.0
U01319,control,console,UK,3,0,3,0.0
U01320,treatment,desktop,DE,8,0,5,0.0
U01321,control,console,DE,7,0,3,0.0
U01322,control,console,US,7,0,4,0.0
U01323,treatment,mobile,US,10,0,3,0.0
U01324,treatment,mobile,DE,2,0,3,0.0
U01325,control,desktop,UK,8,0,7,0.0
U01326,treatment,mobile,FR,6,0,3,0.0
U01327,control,desktop,CA,5,1,5,8.95
U01328,treatment,mobile,UK,6,0,3,0.0
U01329,control,console,FR,7,1,1,13.57
U01330,treatment,desktop,UK,4,0,4,0.0
U01331,control,desktop,US,4,0,0,0.0
U01332,treatment,mobile,CA,8,1,3,10.01
U01333,treatment,console,UK,6,0,4,0.0
U01334,treatment,desktop,UK,3,0,2,0.0
U01335,control,console,CA,4,1,3,3.41
U01336,treatment,console,UK,3,0,3,0.0
U01337,treatment,mobile,US,4,1,7,10.88
U01338,control,mobile,US,5,0,2,0.0
U01339,treatment,mobile,UK,7,1,4,8.67
U01340,treatment,desktop,UK,7,0,1,0.0
U01341,control,desktop,FR,8,0,2,0.0
U01342,treatment,mobile,US,5,0,1,0.0
U01343,treatment,console,US,3,0,4,0.0
U01344,treatment,mobile,DE,5,0,4,0.0
U01345,treatment,console,US,6,0,2,0.0
U01346,control,desktop,US,8,0,4,0.0
U01347,control,mobile,CA,7,0,5,0.0
U01348,control,mobile,FR,8,0,3,0.0
U01349,treatment,desktop,US,2,0,3,0.0
U01350,treatment,console,US,5,0,1,0.0
U01351,treatment,mobile,FR,9,0,2,0.0
U01352,treatment,desktop,DE,4,1,5,27.02
U01353,control,desktop,US,8,0,3,0.0
U01354,treatment,mobile,US,3,0,8,0.0
U01355,treatment,desktop,UK,7,1,1,16.56
U01356,control,mobile,CA,2,1,6,21.88
U01357,treatment,console,DE,3,0,3,0.0
U01358,treatment,desktop,US,5,0,1,0.0
U01359,control,mobile,US,6,0,0,0.0
U01360,treatment,console,CA,3,0,4,0.0
U01361,treatment,mobile,US,1,0,6,0.0
U01362,control,console,FR,3,0,3,0.0
U01363,treatment,desktop,FR,5,0,5,0.0
U01364,treatment,mobile,CA,7,0,4,0.0
U01365,treatment,desktop,US,6,0,2,0.0
U01366,treatment,mobile,FR,4,0,3,0.0
U01367,control,console,US,2,0,6,0.0
U01368,treatment,console,CA,10,0,5,0.0
U01369,treatment,desktop,UK,3,1,3,14.43
U01370,treatment,desktop,US,3,0,6,0.0
U01371,treatment,desktop,US,4,0,3,0.0
U01372,control,mobile,FR,6,0,3,0.0
U01373,treatment,mobile,US,5,0,5,0.0
U01374,control,console,UK,3,0,2,0.0
U01375,control,mobile,FR,4,0,8,0.0
U01376,control,mobile,US,4,0,5,0.0
U01377,treatment,mobile,US,4,0,8,0.0
U01378,treatment,console,UK,3,0,2,0.0
U01379,treatment,console,CA,8,0,6,0.0
U01380,treatment,mobile,DE,4,0,2,0.0
U01381,treatment,mobile,DE,5,0,3,0.0
U01382,control,console,FR,10,0,2,0.0
U01383,treatment,mobile,FR,7,0,2,0.0
U01384,control,console,US,6,0,2,0.0
U01385,control,console,UK,4,1,5,44.5
U01386,treatment,console,DE,4,0,3,0.0
U01387,control,mobile,DE,5,1,3,21.42
U01388,control,desktop,UK,5,0,2,0.0
U01389,control,console,FR,4,0,2,0.0
U01390,treatment,mobile,US,10,0,4,0.0
U01391,control,console,US,5,0,5,0.0
U01392,control,mobile,US,9,0,5,0.0
U01393,treatment,console,CA,9,0,6,0.0
U01394,treatment,desktop,UK,6,0,4,0.0
U01395,control,mobile,US,4,0,2,0.0
U01396,treatment,desktop,US,1,0,3,0.0
U01397,treatment,mobile,CA,5,1,2,33.09
U01398,treatment,mobile,US,3,0,4,0.0
U01399,treatment,console,US,6,0,5,0.0
U01400,control,mobile,CA,5,0,3,0.0
U01401,treatment,console,DE,5,0,3,0.0
U01402,control,mobile,UK,6,1,4,6.18
U01403,control,desktop,UK,5,0,4,0.0
U01404,treatment,console,DE,7,1,6,31.5
U01405,control,desktop,US,3,0,3,0.0
U01406,treatment,console,UK,3,0,2,0.0
U01407,treatment,console,US,4,0,1,0.0
U01408,control,desktop,CA,6,1,5,41.87
U01409,control,console,DE,3,0,3,0.0
U01410,treatment,mobile,US,5,1,3,20.02
U01411,treatment,mobile,UK,6,0,4,0.0
U01412,treatment,mobile,US,6,0,2,0.0
U01413,treatment,console,CA,5,0,2,0.0
U01414,control,desktop,DE,3,0,3,0.0
U01415,treatment,desktop,US,5,0,2,0.0
U01416,treatment,console,DE,4,0,6,0.0
U01417,treatment,mobile,UK,7,0,4,0.0
U01418,treatment,console,US,5,0,1,0.0
U01419,control,mobile,US,4,0,1,0.0
U01420,control,mobile,FR,2,0,2,0.0
U01421,treatment,desktop,DE,8,0,4,0.0
U01422,control,mobile,US,7,0,4,0.0
U01423,treatment,desktop,US,2,0,1,0.0
U01424,control,console,FR,7,1,1,19.37
U01425,treatment,console,UK,2,0,1,0.0
U01426,control,mobile,UK,9,0,3,0.0
U01427,control,mobile,FR,2,0,3,0.0
U01428,control,mobile,FR,4,1,5,12.06
U01429,control,desktop,US,6,0,4,0.0
U01430,treatment,mobile,UK,5,0,3,0.0
U01431,control,mobile,DE,4,0,1,0.0
U01432,treatment,console,UK,4,0,3,0.0
U01433,treatment,console,DE,2,0,3,0.0
U01434,treatment,console,DE,5,0,2,0.0
U01435,treatment,mobile,DE,2,0,2,0.0
U01436,treatment,desktop,US,5,0,1,0.0
U01437,treatment,mobile,FR,4,0,2,0.0
U01438,treatment,mobile,CA,4,0,3,0.0
U01439,treatment,mobile,DE,8,0,9,0.0
U01440,treatment,console,US,3,0,2,0.0
U01441,treatment,desktop,CA,4,0,5,0.0
U01442,control,mobile,US,2,1,3,18.74
U01443,treatment,desktop,UK,6,0,4,0.0
U01444,treatment,console,UK,6,0,6,0.0
U01445,treatment,mobile,US,9,0,4,0.0
U01446,treatment,console,UK,7,1,4,3.18
U01447,treatment,mobile,FR,4,0,4,0.0
U01448,control,mobile,UK,3,0,8,0.0
U01449,control,console,US,8,0,3,0.0
U01450,treatment,mobile,FR,4,0,3,0.0
U01451,treatment,desktop,UK,6,1,2,11.26
U01452,treatment,mobile,US,5,0,3,0.0
U01453,control,desktop,CA,2,0,3,0.0
U01454,treatment,desktop,UK,6,0,3,0.0
U01455,treatment,console,US,5,0,2,0.0
U01456,control,console,UK,5,0,5,0.0
U01457,control,desktop,DE,5,0,1,0.0
U01458,treatment,mobile,US,5,0,3,0.0
U01459,treatment,mobile,CA,4,0,3,0.0
U01460,control,desktop,DE,4,0,3,0.0
U01461,treatment,desktop,DE,3,0,6,0.0
U01462,treatment,mobile,CA,8,0,6,0.0
U01463,control,console,UK,1,1,6,17.21
U01464,control,mobile,FR,5,0,0,0.0
U01465,treatment,mobile,DE,5,0,4,0.0
U01466,treatment,console,DE,5,0,4,0.0
U01467,control,desktop,DE,4,0,1,0.0
U01468,treatment,desktop,UK,5,0,3,0.0
U01469,control,mobile,FR,2,0,4,0.0
U01470,treatment,mobile,DE,3,0,4,0.0
U01471,control,desktop,FR,6,0,5,0.0
U01472,treatment,mobile,FR,8,0,2,0.0
U01473,control,desktop,US,3,0,5,0.0
U01474,treatment,mobile,CA,5,0,5,0.0
U01475,treatment,mobile,UK,4,0,4,0.0
U01476,control,mobile,UK,8,0,3,0.0
U01477,treatment,mobile,US,1,1,4,25.61
U01478,treatment,mobile,US,2,1,4,14.55
U01479,treatment,console,US,4,1,6,21.46
U01480,treatment,desktop,US,6,0,4,0.0
U01481,control,mobile,DE,6,0,8,0.0
U01482,treatment,desktop,CA,5,1,7,25.28
U01483,treatment,mobile,FR,5,0,2,0.0
U01484,treatment,mobile,US,3,0,0,0.0
U01485,control,console,CA,4,1,2,30.56
U01486,control,desktop,FR,4,0,4,0.0
U01487,treatment,desktop,FR,5,0,3,0.0
U01488,treatment,mobile,US,5,0,4,0.0
U01489,treatment,mobile,DE,6,0,3,0.0
U01490,control,console,UK,2,0,3,0.0
U01491,treatment,desktop,US,7,0,3,0.0
U01492,treatment,desktop,UK,7,0,6,0.0
U01493,treatment,console,DE,2,0,2,0.0
U01494,treatment,mobile,UK,3,0,0,0.0
U01495,treatment,console,US,7,0,2,0.0
U01496,control,desktop,DE,8,0,6,0.0
U01497,control,mobile,US,6,0,3,0.0
U01498,control,mobile,US,10,0,2,0.0
U01499,treatment,desktop,FR,3,0,6,0.0
U01500,treatment,mobile,CA,6,0,1,0.0
U01501,treatment,desktop,FR,7,1,4,24.02
U01502,treatment,desktop,DE,8,0,7,0.0
U01503,control,desktop,US,6,0,5,0.0
U01504,control,desktop,UK,8,0,0,0.0
U01505,control,desktop,US,2,1,5,25.73
U01506,treatment,desktop,CA,11,0,5,0.0
U01507,treatment,console,US,5,0,4,0.0
U01508,treatment,mobile,US,6,0,7,0.0
U01509,treatment,console,FR,6,1,6,25.17
U01510,control,mobile,US,4,0,1,0.0
U01511,control,mobile,US,9,0,3,0.0
U01512,treatment,desktop,FR,4,0,5,0.0
U01513,control,mobile,US,6,0,1,0.0
U01514,control,mobile,CA,3,0,5,0.0
U01515,treatment,mobile,US,7,0,2,0.0
U01516,treatment,desktop,US,2,0,6,0.0
U01517,treatment,desktop,UK,4,0,2,0.0
U01518,control,mobile,US,2,0,3,0.0
U01519,control,desktop,UK,2,0,5,0.0
U01520,treatment,mobile,UK,2,0,4,0.0
U01521,treatment,console,US,7,1,4,6.25
U01522,control,mobile,US,6,0,4,0.0
U01523,control,desktop,US,7,0,7,0.0
U01524,treatment,desktop,UK,4,0,5,0.0
U01525,treatment,desktop,US,3,0,6,0.0
U01526,control,console,UK,2,0,4,0.0
U01527,treatment,mobile,UK,5,1,4,18.36
U01528,control,desktop,CA,6,0,6,0.0
U01529,control,mobile,US,4,0,2,0.0
U01530,treatment,desktop,FR,3,0,4,0.0
U01531,treatment,mobile,UK,3,0,3,0.0
U01532,treatment,mobile,US,9,0,6,0.0
U01533,control,mobile,UK,5,0,3,0.0
U01534,treatment,mobile,US,5,0,3,0.0
U01535,treatment,console,FR,11,0,5,0.0
U01536,control,console,FR,3,0,1,0.0
U01537,treatment,mobile,US,6,0,3,0.0
U01538,treatment,desktop,US,3,0,2,0.0
U01539,treatment,desktop,DE,7,0,3,0.0
U01540,control,mobile,DE,5,0,5,0.0
U01541,control,mobile,US,7,0,5,0.0
U01542,control,desktop,US,5,0,2,0.0
U01543,control,mobile,US,4,0,1,0.0
U01544,control,desktop,US,6,0,3,0.0
U01545,treatment,mobile,US,7,0,2,0.0
U01546,control,mobile,UK,6,0,3,0.0
U01547,control,desktop,US,6,1,1,4.76
U01548,control,desktop,US,5,1,5,22.12
U01549,treatment,console,US,4,0,5,0.0
U01550,control,mobile,US,6,0,6,0.0
U01551,treatment,desktop,DE,8,0,4,0.0
U01552,treatment,console,US,4,1,2,14.43
U01553,control,desktop,UK,6,0,1,0.0
U01554,control,console,US,5,0,3,0.0
U01555,treatment,console,UK,6,0,6,0.0
U01556,treatment,console,US,6,1,6,28.29
U01557,control,console,US,8,0,6,0.0
U01558,control,desktop,US,4,1,2,16.62
U01559,control,desktop,US,8,0,6,0.0
U01560,treatment,console,US,3,0,3,0.0
U01561,control,console,US,3,0,4,0.0
U01562,control,mobile,UK,5,0,3,0.0
U01563,control,mobile,CA,5,0,4,0.0
U01564,control,mobile,US,5,0,1,0.0
U01565,treatment,console,DE,8,0,3,0.0
U01566,treatment,mobile,UK,6,0,1,0.0
U01567,control,mobile,CA,5,0,2,0.0
U01568,control,desktop,US,4,0,7,0.0
U01569,treatment,mobile,US,5,0,3,0.0
U01570,control,console,DE,6,0,4,0.0
U01571,treatment,desktop,US,3,0,6,0.0
U01572,control,mobile,CA,7,0,3,0.0
U01573,treatment,mobile,UK,1,0,4,0.0
U01574,treatment,console,FR,4,0,4,0.0
U01575,treatment,desktop,CA,7,0,8,0.0
U01576,control,desktop,US,4,0,3,0.0
U01577,control,mobile,FR,8,0,5,0.0
U01578,control,console,UK,5,0,5,0.0
U01579,treatment,console,DE,5,0,2,0.0
U01580,control,desktop,US,5,0,1,0.0
U01581,treatment,mobile,US,5,0,2,0.0
U01582,control,console,US,3,0,3,0.0
U01583,control,desktop,US,7,0,4,0.0
U01584,treatment,mobile,DE,8,0,4,0.0
U01585,treatment,console,US,9,0,3,0.0
U01586,treatment,console,US,7,0,2,0.0
U01587,control,desktop,US,4,0,5,0.0
U01588,control,console,DE,3,0,2,0.0
U01589,treatment,mobile,UK,4,1,3,12.81
U01590,control,desktop,US,6,1,0,9.57
U01591,treatment,mobile,CA,7,0,4,0.0
U01592,treatment,desktop,CA,7,0,2,0.0
U01593,treatment,mobile,US,7,0,1,0.0
U01594,control,mobile,US,3,0,4,0.0
U01595,control,console,US,6,0,6,0.0
U01596,treatment,mobile,US,2,0,0,0.0
U01597,treatment,console,UK,3,1,4,10.36
U01598,treatment,mobile,CA,7,0,8,0.0
U01599,control,mobile,US,4,1,8,20.06
U01600,treatment,mobile,US,5,0,5,0.0
U01601,treatment,mobile,US,4,0,2,0.0
U01602,treatment,desktop,FR,2,1,5,22.92
U01603,treatment,mobile,FR,9,0,2,0.0
U01604,control,desktop,US,6,0,2,0.0
U01605,treatment,desktop,DE,5,0,3,0.0
U01606,control,mobile,FR,1,1,1,12.88
U01607,control,mobile,DE,5,1,7,9.45
U01608,treatment,mobile,UK,3,0,3,0.0
U01609,treatment,mobile,US,3,0,2,0.0
U01610,treatment,mobile,FR,6,0,9,0.0
U01611,treatment,desktop,UK,6,0,5,0.0
U01612,control,desktop,US,3,0,5,0.0
U01613,control,console,DE,3,0,7,0.0
U01614,treatment,console,DE,7,0,8,0.0
U01615,control,desktop,UK,4,0,1,0.0
U01616,control,mobile,US,4,0,7,0.0
U01617,control,mobile,US,7,0,6,0.0
U01618,treatment,desktop,US,4,0,2,0.0
U01619,control,mobile,US,3,0,1,0.0
U01620,treatment,mobile,US,3,0,4,0.0
U01621,treatment,console,UK,6,1,5,11.35
U01622,treatment,mobile,US,4,1,3,16.71
U01623,control,mobile,CA,3,0,2,0.0
U01624,control,console,US,6,0,4,0.0
U01625,control,mobile,US,5,0,5,0.0
U01626,control,mobile,US,7,1,2,36.53
U01627,treatment,mobile,US,3,0,4,0.0
U01628,treatment,mobile,US,2,0,2,0.0
U01629,control,console,FR,9,0,5,0.0
U01630,control,desktop,DE,4,0,7,0.0
U01631,treatment,desktop,US,2,0,4,0.0
U01632,treatment,mobile,US,5,0,4,0.0
U01633,control,mobile,US,7,0,1,0.0
U01634,control,desktop,US,7,0,2,0.0
U01635,control,mobile,US,7,0,0,0.0
U01636,control,mobile,US,6,0,5,0.0
U01637,control,desktop,US,5,0,2,0.0
U01638,control,console,US,2,0,1,0.0
U01639,control,console,FR,7,0,3,0.0
U01640,control,console,US,6,0,2,0.0
U01641,treatment,desktop,CA,3,0,3,0.0
U01642,control,console,US,5,0,3,0.0
U01643,treatment,console,DE,5,0,1,0.0
U01644,control,mobile,DE,6,0,1,0.0
U01645,treatment,mobile,FR,5,0,1,0.0
U01646,control,mobile,DE,2,1,1,48.35
U01647,treatment,console,UK,3,0,3,0.0
U01648,treatment,console,US,9,0,6,0.0
U01649,control,console,CA,8,0,4,0.0
U01650,control,mobile,US,3,0,5,0.0
U01651,control,console,FR,6,0,2,0.0
U01652,control,mobile,FR,3,0,5,0.0
U01653,treatment,mobile,US,4,0,3,0.0
U01654,control,desktop,FR,4,0,4,0.0
U01655,treatment,console,US,6,0,1,0.0
U01656,treatment,console,UK,8,0,1,0.0
U01657,treatment,mobile,DE,3,0,2,0.0
U01658,treatment,mobile,FR,2,1,4,12.93
U01659,treatment,desktop,US,8,1,3,3.71
U01660,treatment,mobile,UK,9,1,4,5.88
U01661,treatment,console,DE,10,0,2,0.0
U01662,control,mobile,DE,6,0,1,0.0
U01663,control,mobile,DE,5,1,3,30.19
U01664,treatment,mobile,US,6,0,5,0.0
U01665,control,desktop,US,5,0,1,0.0
U01666,treatment,console,US,5,0,7,0.0
U01667,treatment,mobile,UK,3,0,2,0.0
U01668,control,mobile,FR,5,0,0,0.0
U01669,treatment,console,UK,4,1,4,18.29
U01670,control,desktop,US,3,0,1,0.0
U01671,treatment,mobile,FR,4,0,4,0.0
U01672,treatment,mobile,US,2,0,4,0.0
U01673,treatment,console,FR,6,0,4,0.0
U01674,treatment,desktop,US,3,0,5,0.0
U01675,treatment,mobile,US,5,0,2,0.0
U01676,control,mobile,DE,5,0,10,0.0
U01677,control,mobile,FR,6,0,3,0.0
U01678,treatment,mobile,DE,5,0,5,0.0
U01679,treatment,mobile,US,3,0,2,0.0
U01680,control,mobile,UK,5,0,5,0.0
U01681,control,mobile,FR,3,0,4,0.0
U01682,control,mobile,US,5,0,4,0.0
U01683,control,desktop,UK,5,1,1,13.18
U01684,control,desktop,US,4,0,1,0.0
U01685,control,console,UK,6,0,2,0.0
U01686,control,mobile,UK,3,0,1,0.0
U01687,treatment,console,CA,3,0,2,0.0
U01688,treatment,console,US,6,1,4,7.67
U01689,treatment,console,US,9,0,5,0.0
U01690,treatment,mobile,FR,6,0,7,0.0
U01691,control,mobile,CA,4,0,2,0.0
U01692,control,desktop,FR,3,0,5,0.0
U01693,control,mobile,DE,7,0,9,0.0
U01694,treatment,mobile,CA,3,0,6,0.0
U01695,control,mobile,UK,5,0,2,0.0
U01696,control,desktop,FR,6,0,6,0.0
U01697,control,console,US,4,0,2,0.0
U01698,treatment,mobile,UK,5,0,2,0.0
U01699,treatment,console,UK,4,0,9,0.0
U01700,control,console,UK,4,0,4,0.0
U01701,treatment,mobile,FR,7,0,6,0.0
U01702,control,mobile,FR,4,0,4,0.0
U01703,control,mobile,UK,6,0,4,0.0
U01704,control,console,FR,5,0,2,0.0
U01705,control,desktop,FR,5,0,4,0.0
U01706,treatment,desktop,UK,6,0,2,0.0
U01707,treatment,desktop,DE,4,1,2,15.31
U01708,control,mobile,UK,3,0,2,0.0
U01709,treatment,console,US,3,0,3,0.0
U01710,treatment,console,US,7,0,6,0.0
U01711,control,desktop,CA,9,0,3,0.0
U01712,control,desktop,UK,5,0,8,0.0
U01713,treatment,mobile,US,4,0,6,0.0
U01714,treatment,mobile,US,6,0,3,0.0
U01715,control,mobile,DE,7,0,3,0.0
U01716,treatment,desktop,CA,5,0,1,0.0
U01717,treatment,console,US,8,0,3,0.0
U01718,control,console,FR,4,0,2,0.0
U01719,treatment,mobile,DE,3,0,1,0.0
U01720,control,mobile,US,4,0,3,0.0
U01721,control,mobile,US,7,0,6,0.0
U01722,control,console,US,2,1,10,19.56
U01723,control,console,DE,6,0,3,0.0
U01724,control,desktop,US,2,0,2,0.0
U01725,treatment,desktop,US,4,0,2,0.0
U01726,control,desktop,CA,6,0,4,0.0
U01727,treatment,mobile,CA,4,1,2,11.84
U01728,control,mobile,US,8,0,2,0.0
U01729,treatment,mobile,FR,5,0,4,0.0
U01730,treatment,mobile,CA,5,0,1,0.0
U01731,control,desktop,UK,3,0,4,0.0
U01732,control,mobile,DE,5,0,4,0.0
U01733,control,desktop,US,2,0,4,0.0
U01734,treatment,desktop,FR,3,1,8,22.38
U01735,control,desktop,UK,6,0,4,0.0
U01736,treatment,console,FR,4,0,5,0.0
U01737,control,mobile,US,6,1,5,11.71
U01738,treatment,desktop,US,4,0,1,0.0
U01739,treatment,mobile,FR,7,0,7,0.0
U01740,treatment,desktop,UK,6,0,2,0.0
U01741,treatment,desktop,CA,5,0,1,0.0
U01742,treatment,mobile,US,8,0,3,0.0
U01743,treatment,mobile,US,5,0,1,0.0
U01744,treatment,desktop,DE,5,0,2,0.0
U01745,treatment,desktop,UK,6,0,3,0.0
U01746,control,desktop,DE,7,1,7,22.9
U01747,control,mobile,US,3,1,5,22.3
U01748,treatment,desktop,US,2,0,4,0.0
U01749,treatment,desktop,DE,3,0,2,0.0
U01750,control,mobile,US,6,1,7,21.22
U01751,control,desktop,US,4,0,5,0.0
U01752,control,desktop,UK,2,0,6,0.0
U01753,treatment,console,CA,5,0,7,0.0
U01754,control,mobile,US,6,0,4,0.0
U01755,control,mobile,US,4,0,2,0.0
U01756,control,console,UK,7,0,1,0.0
U01757,control,console,FR,3,0,2,0.0
U01758,treatment,mobile,US,4,0,4,0.0
U01759,treatment,console,UK,3,0,2,0.0
U01760,treatment,mobile,FR,3,0,2,0.0
U01761,treatment,console,CA,8,0,5,0.0
U01762,control,mobile,FR,4,0,3,0.0
U01763,treatment,mobile,US,2,1,1,15.38
U01764,control,console,US,8,0,7,0.0
U01765,control,mobile,UK,5,0,6,0.0
U01766,control,console,US,3,0,3,0.0
U01767,treatment,desktop,DE,4,0,4,0.0
U01768,treatment,mobile,US,6,0,1,0.0
U01769,treatment,console,US,7,0,5,0.0
U01770,control,desktop,US,9,1,6,37.45
U01771,control,console,DE,2,0,0,0.0
U01772,control,console,UK,5,1,4,5.3
U01773,control,mobile,FR,9,0,7,0.0
U01774,treatment,mobile,US,7,1,4,7.89
U01775,control,mobile,US,6,0,3,0.0
U01776,control,desktop,CA,5,0,3,0.0
U01777,treatment,mobile,UK,5,0,2,0.0
U01778,treatment,mobile,FR,5,1,2,7.77
U01779,treatment,console,FR,6,1,5,22.46
U01780,control,mobile,CA,6,0,3,0.0
U01781,treatment,desktop,US,9,0,3,0.0
U01782,control,desktop,UK,7,0,2,0.0
U01783,control,mobile,UK,8,0,1,0.0
U01784,treatment,mobile,FR,9,0,8,0.0
U01785,control,mobile,UK,6,0,4,0.0
U01786,control,desktop,US,5,0,9,0.0
U01787,treatment,mobile,CA,6,0,1,0.0
U01788,treatment,console,US,3,0,3,0.0
U01789,treatment,console,US,2,1,2,13.37
U01790,control,mobile,FR,4,0,1,0.0
U01791,treatment,console,US,2,0,2,0.0
U01792,treatment,console,US,6,0,6,0.0
U01793,control,mobile,UK,4,0,6,0.0
U01794,control,console,US,5,1,7,24.22
U01795,treatment,mobile,UK,5,1,3,5.76
U01796,control,desktop,FR,6,0,3,0.0
U01797,treatment,mobile,US,3,0,1,0.0
U01798,treatment,console,US,4,0,2,0.0
U01799,treatment,console,CA,3,0,1,0.0
U01800,treatment,console,FR,8,0,1,0.0
U01801,control,console,US,3,0,3,0.0
U01802,treatment,mobile,CA,5,0,2,0.0
U01803,control,desktop,US,2,0,3,0.0
U01804,control,mobile,US,1,0,2,0.0
U01805,treatment,mobile,CA,2,0,5,0.0
U01806,treatment,mobile,US,2,0,4,0.0
U01807,control,console,US,8,1,6,16.21
U01808,treatment,desktop,FR,4,0,6,0.0
U01809,treatment,mobile,UK,3,0,5,0.0
U01810,control,console,UK,6,1,4,8.25
U01811,control,console,DE,6,0,2,0.0
U01812,treatment,mobile,UK,5,0,5,0.0
U01813,treatment,desktop,UK,6,0,2,0.0
U01814,control,desktop,US,1,0,0,0.0
U01815,control,desktop,US,3,0,4,0.0
U01816,control,desktop,US,5,0,3,0.0
U01817,treatment,desktop,DE,4,0,6,0.0
U01818,control,mobile,US,8,0,2,0.0
U01819,control,desktop,DE,5,0,3,0.0
U01820,control,mobile,UK,4,1,3,25.46
U01821,control,mobile,US,5,0,3,0.0
U01822,treatment,mobile,CA,8,0,4,0.0
U01823,treatment,desktop,US,6,0,6,0.0
U01824,control,mobile,US,3,0,6,0.0
U01825,control,mobile,CA,8,0,4,0.0
U01826,treatment,mobile,US,6,0,2,0.0
U01827,control,console,US,3,0,3,0.0
U01828,treatment,mobile,US,5,0,6,0.0
U01829,control,mobile,DE,4,0,5,0.0
U01830,treatment,mobile,US,5,0,5,0.0
U01831,control,desktop,DE,3,0,2,0.0
U01832,control,mobile,FR,3,0,2,0.0
U01833,treatment,mobile,DE,5,0,2,0.0
U01834,control,console,UK,2,0,4,0.0
U01835,treatment,console,UK,6,1,4,16.43
U01836,treatment,desktop,FR,5,0,3,0.0
U01837,control,desktop,CA,5,0,0,0.0
U01838,treatment,console,UK,4,0,4,0.0
U01839,treatment,console,US,2,0,7,0.0
U01840,control,desktop,DE,6,0,1,0.0
U01841,treatment,console,FR,6,0,1,0.0
U01842,control,console,CA,3,0,3,0.0
U01843,treatment,console,DE,3,0,2,0.0
U01844,treatment,mobile,UK,5,0,6,0.0
U01845,treatment,console,FR,6,0,1,0.0
U01846,treatment,desktop,FR,3,0,9,0.0
U01847,control,desktop,US,3,0,5,0.0
U01848,control,mobile,US,7,0,3,0.0
U01849,control,mobile,UK,4,0,2,0.0
U01850,treatment,console,US,4,0,4,0.0
U01851,control,desktop,FR,9,0,4,0.0
U01852,treatment,mobile,UK,7,0,3,0.0
U01853,control,desktop,FR,10,0,5,0.0
U01854,treatment,mobile,UK,4,0,3,0.0
U01855,treatment,desktop,US,8,0,5,0.0
U01856,control,desktop,US,4,0,6,0.0
U01857,treatment,desktop,UK,2,1,6,49.62
U01858,control,mobile,DE,5,0,6,0.0
U01859,treatment,mobile,US,9,0,3,0.0
U01860,control,mobile,DE,3,0,6,0.0
U01861,treatment,desktop,CA,8,1,5,9.74
U01862,control,console,US,6,0,5,0.0
U01863,control,console,UK,7,0,2,0.0
U01864,treatment,desktop,FR,3,0,1,0.0
U01865,control,mobile,US,2,0,5,0.0
U01866,treatment,mobile,UK,4,0,4,0.0
U01867,control,console,FR,4,0,2,0.0
U01868,control,desktop,US,7,1,5,2.04
U01869,control,mobile,DE,3,0,2,0.0
U01870,control,desktop,US,3,1,3,7.79
U01871,control,desktop,DE,6,0,4,0.0
U01872,control,mobile,DE,6,0,1,0.0
U01873,treatment,mobile,US,12,0,2,0.0
U01874,control,desktop,US,5,0,0,0.0
U01875,control,mobile,US,5,1,3,3.72
U01876,treatment,mobile,UK,5,0,2,0.0
U01877,control,console,FR,6,0,0,0.0
U01878,control,console,FR,5,0,3,0.0
U01879,control,mobile,FR,3,0,3,0.0
U01880,treatment,mobile,DE,5,0,2,0.0
U01881,treatment,desktop,US,4,0,3,0.0
U01882,control,mobile,US,4,1,3,23.73
U01883,treatment,console,DE,3,0,2,0.0
U01884,control,desktop,UK,3,0,4,0.0
U01885,treatment,mobile,US,8,0,1,0.0
U01886,control,console,US,9,0,2,0.0
U01887,treatment,mobile,US,3,0,2,0.0
U01888,control,desktop,DE,3,0,2,0.0
U01889,control,console,US,3,1,3,30.38
U01890,treatment,mobile,DE,3,0,5,0.0
U01891,treatment,mobile,CA,4,0,2,0.0
U01892,treatment,console,CA,8,0,4,0.0
U01893,treatment,desktop,FR,9,0,1,0.0
U01894,treatment,mobile,FR,5,0,6,0.0
U01895,treatment,mobile,US,4,0,2,0.0
U01896,treatment,mobile,DE,4,0,5,0.0
U01897,control,desktop,DE,4,0,4,0.0
U01898,treatment,mobile,CA,1,0,2,0.0
U01899,control,mobile,US,7,0,1,0.0
U01900,control,mobile,US,4,0,1,0.0
U01901,control,desktop,FR,7,0,3,0.0
U01902,treatment,console,DE,5,0,5,0.0
U01903,control,desktop,UK,5,0,4,0.0
U01904,treatment,desktop,US,4,0,2,0.0
U01905,treatment,console,US,5,0,4,0.0
U01906,control,mobile,DE,7,0,2,0.0
U01907,control,mobile,CA,4,0,1,0.0
U01908,treatment,mobile,DE,3,1,6,23.58
U01909,control,mobile,FR,6,1,8,20.82
U01910,treatment,console,US,9,0,6,0.0
U01911,treatment,mobile,UK,3,0,2,0.0
U01912,control,console,US,4,0,4,0.0
U01913,control,mobile,US,6,0,5,0.0
U01914,treatment,desktop,FR,8,0,3,0.0
U01915,treatment,mobile,DE,6,0,3,0.0
U01916,control,mobile,US,5,1,7,4.68
U01917,control,mobile,US,5,0,2,0.0
U01918,treatment,desktop,CA,5,0,4,0.0
U01919,treatment,desktop,UK,4,0,4,0.0
U01920,control,console,US,4,0,6,0.0
U01921,control,console,DE,9,0,6,0.0
U01922,treatment,desktop,DE,4,0,6,0.0
U01923,control,console,US,4,0,6,0.0
U01924,control,mobile,UK,8,0,2,0.0
U01925,control,mobile,US,4,0,3,0.0
U01926,control,mobile,UK,3,0,3,0.0
U01927,treatment,desktop,UK,6,0,4,0.0
U01928,treatment,desktop,US,7,0,2,0.0
U01929,control,desktop,UK,6,0,4,0.0
U01930,control,console,US,3,1,2,8.59
U01931,control,mobile,FR,7,0,6,0.0
U01932,treatment,console,UK,3,1,5,15.6
U01933,treatment,desktop,US,2,0,4,0.0
U01934,treatment,desktop,US,4,1,4,16.22
U01935,treatment,mobile,UK,4,0,5,0.0
U01936,treatment,mobile,DE,6,0,7,0.0
U01937,treatment,mobile,UK,9,0,3,0.0
U01938,treatment,console,CA,5,1,1,20.75
U01939,control,desktop,DE,5,0,2,0.0
U01940,control,mobile,US,3,0,5,0.0
U01941,control,console,CA,4,0,4,0.0
U01942,treatment,desktop,US,4,1,10,13.77
U01943,treatment,console,US,6,0,5,0.0
U01944,treatment,desktop,US,5,0,2,0.0
U01945,treatment,desktop,DE,5,1,3,15.71
U01946,treatment,desktop,DE,5,0,3,0.0
U01947,treatment,desktop,DE,7,0,5,0.0
U01948,treatment,mobile,CA,5,0,1,0.0
U01949,treatment,mobile,CA,5,0,3,0.0
U01950,treatment,console,UK,5,0,9,0.0
U01951,treatment,desktop,CA,8,0,8,0.0
U01952,treatment,desktop,UK,4,0,3,0.0
U01953,treatment,desktop,CA,5,0,3,0.0
U01954,control,desktop,US,7,1,4,10.77
U01955,control,mobile,US,4,0,5,0.0
U01956,control,mobile,US,4,0,8,0.0
U01957,control,mobile,UK,5,0,3,0.0
U01958,treatment,mobile,FR,9,0,4,0.0
U01959,control,mobile,UK,4,0,1,0.0
U01960,control,console,US,5,0,2,0.0
U01961,control,mobile,CA,4,0,2,0.0
U01962,control,console,DE,8,0,5,0.0
U01963,control,console,DE,3,0,0,0.0
U01964,treatment,mobile,CA,3,0,1,0.0
U01965,control,desktop,UK,3,0,4,0.0
U01966,control,desktop,US,5,0,2,0.0
U01967,control,console,UK,4,0,7,0.0
U01968,control,desktop,UK,5,0,3,0.0
U01969,control,mobile,US,8,0,2,0.0
U01970,control,mobile,DE,6,0,2,0.0
U01971,treatment,console,US,7,0,2,0.0
U01972,treatment,mobile,DE,9,1,4,7.5
U01973,control,console,DE,8,0,1,0.0
U01974,control,mobile,US,3,0,4,0.0
U01975,treatment,desktop,US,8,0,3,0.0
U01976,control,desktop,UK,2,1,1,31.1
U01977,treatment,mobile,FR,7,0,6,0.0
U01978,control,mobile,US,4,0,5,0.0
U01979,treatment,mobile,FR,5,0,2,0.0
U01980,control,console,US,1,0,3,0.0
U01981,treatment,desktop,DE,7,0,3,0.0
U01982,treatment,mobile,US,5,0,1,0.0
U01983,treatment,desktop,US,4,0,1,0.0
U01984,treatment,mobile,US,2,0,3,0.0
U01985,control,desktop,DE,1,0,3,0.0
U01986,treatment,console,US,4,0,0,0.0
U01987,control,console,FR,4,0,4,0.0
U01988,control,console,UK,4,1,6,5.84
U01989,control,mobile,CA,6,0,2,0.0
U01990,treatment,mobile,CA,5,0,2,0.0
U01991,treatment,console,US,4,0,4,0.0
U01992,treatment,mobile,UK,8,0,4,0.0
U01993,treatment,mobile,US,6,0,5,0.0
U01994,treatment,mobile,UK,5,1,3,18.78
U01995,treatment,console,US,7,0,3,0.0
U01996,control,desktop,US,3,0,4,0.0
U01997,control,console,DE,5,0,6,0.0
U01998,treatment,mobile,UK,8,1,3,14.46
U01999,treatment,mobile,CA,6,0,7,0.0
U02000,treatment,mobile,UK,5,0,4,0.0
U02001,treatment,console,UK,7,0,1,0.0
U02002,control,mobile,UK,6,0,1,0.0
U02003,treatment,console,CA,6,0,5,0.0
U02004,treatment,desktop,FR,6,1,2,13.77
U02005,treatment,console,UK,8,0,6,0.0
U02006,control,console,DE,6,0,4,0.0
U02007,control,desktop,UK,5,1,2,5.52
U02008,treatment,desktop,UK,6,0,4,0.0
U02009,treatment,mobile,UK,6,0,2,0.0
U02010,treatment,console,FR,3,1,3,15.01
U02011,control,console,US,4,0,7,0.0
U02012,control,desktop,US,4,0,6,0.0
U02013,control,mobile,UK,7,0,4,0.0
U02014,treatment,console,CA,3,0,3,0.0
U02015,treatment,console,CA,5,0,5,0.0
U02016,control,desktop,US,6,0,3,0.0
U02017,control,console,DE,5,1,2,37.35
U02018,treatment,desktop,DE,7,0,2,0.0
U02019,treatment,mobile,CA,6,0,2,0.0
U02020,control,desktop,US,5,0,3,0.0
U02021,treatment,mobile,US,6,0,2,0.0
U02022,control,desktop,US,6,0,4,0.0
U02023,treatment,desktop,DE,5,0,4,0.0
U02024,control,mobile,US,5,0,3,0.0
U02025,control,mobile,UK,6,1,6,10.83
U02026,treatment,desktop,FR,7,0,5,0.0
U02027,treatment,console,FR,7,0,4,0.0
U02028,treatment,console,US,6,0,7,0.0
U02029,control,mobile,US,5,0,3,0.0
U02030,treatment,console,US,6,0,4,0.0
U02031,treatment,mobile,US,5,0,2,0.0
U02032,treatment,mobile,UK,1,0,2,0.0
U02033,treatment,desktop,US,4,0,4,0.0
U02034,control,mobile,US,6,0,7,0.0
U02035,control,console,CA,8,0,4,0.0
U02036,treatment,mobile,UK,4,0,4,0.0
U02037,control,mobile,US,5,0,2,0.0
U02038,control,desktop,US,4,0,2,0.0
U02039,control,mobile,FR,9,1,5,11.92
U02040,control,mobile,US,4,0,2,0.0
U02041,treatment,mobile,US,3,0,2,0.0
U02042,control,mobile,US,2,1,1,18.02
U02043,treatment,console,US,7,0,5,0.0
U02044,treatment,mobile,US,5,0,3,0.0
U02045,treatment,desktop,DE,4,1,3,24.01
U02046,treatment,desktop,US,4,0,4,0.0
U02047,control,desktop,DE,6,0,0,0.0
U02048,treatment,desktop,UK,7,0,7,0.0
U02049,control,desktop,DE,3,0,2,0.0
U02050,treatment,console,CA,4,1,4,11.66
U02051,control,mobile,US,8,0,3,0.0
U02052,treatment,console,FR,10,0,7,0.0
U02053,control,mobile,US,9,0,5,0.0
U02054,treatment,desktop,DE,7,0,1,0.0
U02055,control,desktop,US,4,1,5,29.86
U02056,control,mobile,CA,9,0,3,0.0
U02057,control,mobile,US,11,0,3,0.0
U02058,control,mobile,UK,3,0,5,0.0
U02059,treatment,mobile,UK,3,1,3,32.06
U02060,treatment,desktop,US,7,1,8,8.46
U02061,control,mobile,DE,6,0,2,0.0
U02062,treatment,console,DE,5,0,2,0.0
U02063,treatment,console,UK,7,0,4,0.0
U02064,control,mobile,DE,2,0,2,0.0
U02065,control,mobile,UK,4,0,2,0.0
U02066,treatment,mobile,FR,7,0,6,0.0
U02067,control,console,US,4,0,7,0.0
U02068,treatment,mobile,US,9,0,6,0.0
U02069,control,mobile,US,4,0,2,0.0
U02070,treatment,console,US,4,1,10,12.81
U02071,control,desktop,DE,4,0,3,0.0
U02072,treatment,mobile,CA,5,1,7,19.53
U02073,control,console,US,4,0,3,0.0
U02074,treatment,console,US,5,0,4,0.0
U02075,treatment,desktop,US,8,0,6,0.0
U02076,control,mobile,DE,8,0,4,0.0
U02077,treatment,desktop,US,5,0,3,0.0
U02078,control,mobile,FR,3,0,3,0.0
U02079,treatment,desktop,DE,4,0,5,0.0
U02080,control,mobile,US,2,0,2,0.0
U02081,control,desktop,CA,6,0,3,0.0
U02082,treatment,console,UK,5,0,4,0.0
U02083,control,console,DE,5,1,4,9.92
U02084,control,console,US,4,0,2,0.0
U02085,control,mobile,UK,8,0,5,0.0
U02086,treatment,mobile,UK,6,0,4,0.0
U02087,treatment,desktop,DE,6,1,3,12.35
U02088,treatment,mobile,UK,1,0,2,0.0
U02089,treatment,mobile,FR,4,0,4,0.0
U02090,control,console,US,4,0,2,0.0
U02091,control,mobile,US,3,0,4,0.0
U02092,treatment,mobile,DE,5,0,4,0.0
U02093,control,desktop,US,9,0,6,0.0
U02094,treatment,console,UK,5,0,3,0.0
U02095,control,desktop,US,3,0,2,0.0
U02096,treatment,mobile,US,6,0,3,0.0
U02097,control,desktop,US,4,0,2,0.0
U02098,control,console,US,7,0,2,0.0
U02099,treatment,mobile,DE,6,0,1,0.0
U02100,treatment,desktop,FR,6,0,3,0.0
U02101,control,desktop,US,3,0,2,0.0
U02102,treatment,desktop,FR,6,0,0,0.0
U02103,treatment,mobile,UK,5,0,2,0.0
U02104,control,console,US,7,0,3,0.0
U02105,treatment,mobile,US,9,0,5,0.0
U02106,control,mobile,US,6,0,2,0.0
U02107,control,mobile,UK,6,0,4,0.0
U02108,treatment,desktop,UK,11,0,2,0.0
U02109,treatment,mobile,US,4,0,4,0.0
U02110,control,console,US,7,0,1,0.0
U02111,control,console,US,5,1,5,18.56
U02112,control,mobile,US,2,0,1,0.0
U02113,control,console,US,4,0,3,0.0
U02114,control,console,DE,2,0,3,0.0
U02115,treatment,mobile,US,8,0,0,0.0
U02116,treatment,desktop,UK,4,0,1,0.0
U02117,control,console,US,5,0,3,0.0
U02118,control,console,US,3,0,5,0.0
U02119,control,desktop,DE,8,0,5,0.0
U02120,control,console,FR,5,0,2,0.0
U02121,control,desktop,US,5,0,1,0.0
U02122,treatment,mobile,US,4,0,2,0.0
U02123,treatment,mobile,US,7,0,4,0.0
U02124,control,desktop,FR,8,0,3,0.0
U02125,control,mobile,DE,4,0,3,0.0
U02126,control,mobile,UK,8,1,4,9.43
U02127,control,mobile,CA,5,0,5,0.0
U02128,control,console,US,5,0,1,0.0
U02129,treatment,desktop,CA,3,0,5,0.0
U02130,treatment,mobile,US,5,0,2,0.0
U02131,treatment,mobile,US,3,0,4,0.0
U02132,treatment,mobile,US,8,0,2,0.0
U02133,treatment,mobile,UK,4,0,2,0.0
U02134,treatment,desktop,DE,8,0,5,0.0
U02135,control,mobile,UK,4,0,2,0.0
U02136,control,console,UK,6,0,2,0.0
U02137,control,mobile,US,6,0,5,0.0
U02138,treatment,mobile,CA,4,0,10,0.0
U02139,treatment,console,CA,8,0,8,0.0
U02140,treatment,mobile,US,7,0,4,0.0
U02141,treatment,mobile,US,4,0,3,0.0
U02142,control,mobile,US,8,0,4,0.0
U02143,control,desktop,US,3,0,12,0.0
U02144,treatment,mobile,CA,5,0,4,0.0
U02145,control,console,FR,2,0,1,0.0
U02146,control,desktop,DE,4,0,2,0.0
U02147,control,console,US,4,1,5,11.68
U02148,control,desktop,FR,6,0,6,0.0
U02149,treatment,console,CA,4,0,3,0.0
U02150,treatment,desktop,CA,3,0,2,0.0
U02151,treatment,desktop,US,7,0,1,0.0
U02152,treatment,desktop,UK,8,0,3,0.0
U02153,control,desktop,CA,4,0,4,0.0
U02154,treatment,mobile,US,6,0,3,0.0
U02155,control,desktop,UK,6,0,1,0.0
U02156,control,mobile,UK,8,0,2,0.0
U02157,treatment,desktop,US,4,0,1,0.0
U02158,control,mobile,FR,6,1,3,18.59
U02159,treatment,mobile,CA,5,0,5,0.0
U02160,treatment,mobile,CA,4,0,2,0.0
U02161,treatment,mobile,US,4,0,3,0.0
U02162,control,mobile,CA,6,0,4,0.0
U02163,treatment,mobile,UK,4,1,3,14.9
U02164,treatment,desktop,UK,5,0,2,0.0
U02165,control,mobile,UK,7,0,7,0.0
U02166,treatment,console,FR,2,0,4,0.0
U02167,control,console,CA,5,0,3,0.0
U02168,control,mobile,FR,4,0,4,0.0
U02169,control,mobile,CA,8,0,3,0.0
U02170,treatment,mobile,US,3,0,1,0.0
U02171,treatment,mobile,FR,6,0,4,0.0
U02172,treatment,desktop,US,4,0,3,0.0
U02173,treatment,desktop,FR,1,0,2,0.0
U02174,control,desktop,FR,4,0,6,0.0
U02175,control,mobile,US,8,1,6,7.48
U02176,control,desktop,UK,10,0,4,0.0
U02177,control,mobile,US,5,0,3,0.0
U02178,control,console,FR,4,0,3,0.0
U02179,treatment,console,US,3,0,1,0.0
U02180,treatment,mobile,US,5,1,1,9.94
U02181,control,console,CA,9,0,3,0.0
U02182,treatment,console,US,5,0,3,0.0
U02183,treatment,desktop,US,6,0,4,0.0
U02184,control,mobile,FR,5,1,3,4.49
U02185,control,console,US,9,0,3,0.0
U02186,control,mobile,US,6,0,1,0.0
U02187,control,mobile,DE,6,0,3,0.0
U02188,treatment,desktop,US,3,0,2,0.0
U02189,control,mobile,US,2,1,4,32.5
U02190,control,mobile,UK,7,0,3,0.0
U02191,treatment,console,FR,3,0,5,0.0
U02192,treatment,mobile,US,5,0,2,0.0
U02193,control,desktop,FR,2,0,1,0.0
U02194,treatment,desktop,DE,1,0,6,0.0
U02195,treatment,mobile,US,6,0,2,0.0
U02196,control,desktop,US,8,0,7,0.0
U02197,treatment,desktop,US,10,0,3,0.0
U02198,treatment,desktop,DE,7,0,2,0.0
U02199,control,desktop,US,6,0,5,0.0
U02200,treatment,console,DE,2,0,1,0.0
U02201,treatment,console,FR,8,0,4,0.0
U02202,control,mobile,US,5,0,3,0.0
U02203,treatment,mobile,FR,5,1,2,7.79
U02204,treatment,desktop,US,5,0,4,0.0
U02205,treatment,console,DE,9,0,4,0.0
U02206,control,console,US,5,0,4,0.0
U02207,control,mobile,US,2,1,2,7.3
U02208,control,console,DE,4,0,4,0.0
U02209,treatment,mobile,US,4,0,2,0.0
U02210,treatment,mobile,FR,6,0,4,0.0
U02211,control,desktop,DE,5,0,2,0.0
U02212,control,mobile,DE,3,0,4,0.0
U02213,control,desktop,US,8,0,4,0.0
U02214,control,mobile,CA,6,0,2,0.0
U02215,treatment,console,CA,8,0,7,0.0
U02216,control,console,US,6,0,3,0.0
U02217,control,mobile,US,4,1,5,20.53
U02218,treatment,desktop,CA,8,0,3,0.0
U02219,treatment,desktop,UK,3,0,2,0.0
U02220,treatment,mobile,US,8,0,2,0.0
U02221,treatment,console,CA,8,0,6,0.0
U02222,treatment,desktop,US,5,0,5,0.0
U02223,treatment,mobile,CA,8,0,6,0.0
U02224,control,console,US,5,0,1,0.0
U02225,control,mobile,US,7,0,4,0.0
U02226,control,mobile,US,6,0,6,0.0
U02227,treatment,mobile,US,4,1,6,15.47
U02228,control,console,CA,5,0,5,0.0
U02229,treatment,console,DE,6,0,3,0.0
U02230,treatment,mobile,CA,7,0,3,0.0
U02231,control,mobile,US,3,1,5,11.28
U02232,control,mobile,CA,6,0,4,0.0
U02233,control,desktop,DE,5,0,3,0.0
U02234,control,mobile,UK,3,0,2,0.0
U02235,control,mobile,US,6,0,4,0.0
U02236,treatment,mobile,US,5,1,2,8.04
U02237,control,desktop,US,3,0,5,0.0
U02238,control,desktop,CA,6,0,2,0.0
U02239,treatment,desktop,CA,8,0,2,0.0
U02240,treatment,mobile,UK,8,0,6,0.0
U02241,treatment,desktop,UK,6,0,6,0.0
U02242,treatment,desktop,US,7,0,2,0.0
U02243,treatment,desktop,FR,5,0,3,0.0
U02244,control,mobile,DE,5,0,2,0.0
U02245,control,mobile,US,5,0,4,0.0
U02246,control,desktop,US,4,0,3,0.0
U02247,treatment,mobile,CA,3,0,4,0.0
U02248,treatment,desktop,US,6,0,4,0.0
U02249,control,mobile,UK,6,0,7,0.0
U02250,control,mobile,DE,8,0,4,0.0
U02251,control,desktop,CA,2,0,4,0.0
U02252,control,mobile,DE,3,0,3,0.0
U02253,treatment,mobile,FR,7,0,7,0.0
U02254,treatment,console,FR,8,0,7,0.0
U02255,treatment,mobile,US,5,0,4,0.0
U02256,treatment,console,DE,6,0,5,0.0
U02257,treatment,mobile,FR,5,0,4,0.0
U02258,control,console,UK,6,0,6,0.0
U02259,control,console,DE,3,0,2,0.0
U02260,control,mobile,US,4,0,1,0.0
U02261,control,desktop,FR,5,0,3,0.0
U02262,treatment,desktop,US,2,1,3,11.55
U02263,control,desktop,US,4,0,5,0.0
U02264,control,mobile,DE,2,0,3,0.0
U02265,treatment,console,US,4,0,5,0.0
U02266,treatment,desktop,UK,5,1,3,35.55
U02267,treatment,console,US,4,0,4,0.0
U02268,control,console,FR,4,0,2,0.0
U02269,control,console,CA,1,0,3,0.0
U02270,control,desktop,DE,4,1,5,11.09
U02271,treatment,desktop,UK,6,0,3,0.0
U02272,control,console,DE,3,0,4,0.0
U02273,treatment,desktop,DE,3,0,3,0.0
U02274,control,mobile,US,4,0,2,0.0
U02275,treatment,desktop,US,9,1,3,7.36
U02276,control,mobile,UK,5,0,5,0.0
U02277,control,console,UK,8,0,5,0.0
U02278,control,desktop,DE,5,0,3,0.0
U02279,treatment,desktop,US,8,0,2,0.0
U02280,control,mobile,US,3,0,2,0.0
U02281,treatment,desktop,US,4,0,1,0.0
U02282,treatment,mobile,DE,8,0,3,0.0
U02283,treatment,desktop,US,5,1,5,6.29
U02284,control,desktop,US,7,0,4,0.0
U02285,treatment,desktop,UK,6,0,7,0.0
U02286,treatment,mobile,UK,6,0,4,0.0
U02287,treatment,desktop,US,3,0,2,0.0
U02288,control,desktop,US,4,1,6,8.8
U02289,control,console,US,3,0,0,0.0
U02290,treatment,console,US,2,0,2,0.0
U02291,treatment,console,UK,3,0,1,0.0
U02292,treatment,mobile,UK,2,0,3,0.0
U02293,control,mobile,DE,3,0,3,0.0
U02294,treatment,console,US,6,0,5,0.0
U02295,control,console,DE,4,0,3,0.0
U02296,treatment,mobile,UK,6,0,7,0.0
U02297,treatment,desktop,FR,5,1,3,14.36
U02298,control,mobile,US,5,0,3,0.0
U02299,treatment,mobile,DE,5,0,1,0.0
U02300,control,console,US,6,0,6,0.0
U02301,control,console,US,6,0,4,0.0
U02302,control,console,FR,8,0,3,0.0
U02303,control,mobile,UK,1,0,0,0.0
U02304,treatment,desktop,UK,6,0,3,0.0
U02305,control,console,UK,3,1,3,6.97
U02306,treatment,desktop,CA,4,1,2,12.11
U02307,treatment,mobile,CA,4,0,2,0.0
U02308,treatment,desktop,DE,6,0,4,0.0
U02309,control,mobile,US,3,0,2,0.0
U02310,control,desktop,UK,3,0,3,0.0
U02311,treatment,console,FR,2,0,2,0.0
U02312,control,mobile,UK,8,0,1,0.0
U02313,control,mobile,US,5,0,2,0.0
U02314,treatment,desktop,FR,2,0,1,0.0
U02315,treatment,desktop,US,11,0,3,0.0
U02316,control,mobile,FR,6,0,4,0.0
U02317,control,mobile,FR,8,0,3,0.0
U02318,control,desktop,FR,4,0,5,0.0
U02319,control,mobile,DE,6,0,2,0.0
U02320,treatment,desktop,US,2,0,4,0.0
U02321,control,desktop,DE,6,0,5,0.0
U02322,control,mobile,FR,3,0,5,0.0
U02323,control,desktop,DE,6,0,3,0.0
U02324,treatment,desktop,FR,3,0,0,0.0
U02325,treatment,desktop,CA,4,0,4,0.0
U02326,control,desktop,DE,5,0,3,0.0
U02327,treatment,mobile,CA,4,0,3,0.0
U02328,treatment,mobile,US,5,1,4,22.09
U02329,control,desktop,CA,7,0,0,0.0
U02330,treatment,desktop,CA,2,0,4,0.0
U02331,treatment,mobile,UK,7,0,2,0.0
U02332,control,mobile,US,3,0,4,0.0
U02333,treatment,desktop,US,4,0,0,0.0
U02334,treatment,mobile,FR,5,0,2,0.0
U02335,treatment,console,UK,6,1,5,24.55
U02336,treatment,desktop,US,6,1,6,7.13
U02337,treatment,mobile,US,5,0,1,0.0
U02338,treatment,desktop,US,3,0,6,0.0
U02339,treatment,mobile,CA,7,0,4,0.0
U02340,treatment,console,US,4,0,5,0.0
U02341,control,console,US,3,0,4,0.0
U02342,control,console,FR,2,0,4,0.0
U02343,treatment,desktop,UK,4,0,3,0.0
U02344,treatment,console,US,5,0,3,0.0
U02345,treatment,desktop,US,3,0,3,0.0
U02346,treatment,console,CA,3,0,3,0.0
U02347,treatment,mobile,FR,8,0,7,0.0
U02348,treatment,console,DE,3,0,3,0.0
U02349,treatment,desktop,US,4,0,3,0.0
U02350,treatment,mobile,US,4,0,0,0.0
U02351,control,console,US,7,0,4,0.0
U02352,control,desktop,US,2,0,5,0.0
U02353,control,console,US,8,0,4,0.0
U02354,control,mobile,UK,6,0,4,0.0
U02355,control,desktop,CA,9,0,6,0.0
U02356,control,desktop,DE,4,0,6,0.0
U02357,treatment,mobile,UK,4,0,2,0.0
U02358,treatment,console,CA,4,0,2,0.0
U02359,control,desktop,US,4,1,4,21.7
U02360,control,mobile,DE,4,0,3,0.0
U02361,treatment,desktop,UK,5,0,4,0.0
U02362,treatment,mobile,CA,2,0,3,0.0
U02363,control,console,UK,4,0,7,0.0
U02364,treatment,console,CA,3,0,2,0.0
U02365,treatment,desktop,DE,4,0,7,0.0
U02366,treatment,desktop,US,8,0,5,0.0
U02367,treatment,mobile,UK,8,0,3,0.0
U02368,treatment,mobile,FR,6,0,2,0.0
U02369,treatment,console,UK,7,0,4,0.0
U02370,control,mobile,UK,7,0,5,0.0
U02371,treatment,mobile,DE,6,0,4,0.0
U02372,control,mobile,UK,6,0,2,0.0
U02373,treatment,desktop,US,6,0,4,0.0
U02374,control,console,US,9,0,2,0.0
U02375,control,mobile,UK,6,0,7,0.0
U02376,treatment,mobile,US,9,1,2,13.63
U02377,control,mobile,UK,6,0,4,0.0
U02378,treatment,mobile,CA,3,0,2,0.0
U02379,control,mobile,US,7,0,1,0.0
U02380,control,console,DE,9,0,9,0.0
U02381,control,desktop,DE,7,0,3,0.0
U02382,control,mobile,FR,3,0,4,0.0
U02383,control,desktop,US,2,0,1,0.0
U02384,treatment,console,UK,9,0,7,0.0
U02385,control,mobile,US,2,0,1,0.0
U02386,control,mobile,DE,6,0,2,0.0
U02387,control,console,FR,3,0,5,0.0
U02388,treatment,mobile,UK,3,0,3,0.0
U02389,control,console,FR,2,0,7,0.0
U02390,treatment,console,UK,6,0,3,0.0
U02391,control,console,US,4,0,3,0.0
U02392,control,mobile,US,7,1,3,8.97
U02393,control,mobile,UK,8,0,2,0.0
U02394,treatment,console,CA,1,0,1,0.0
U02395,treatment,desktop,DE,5,0,6,0.0
U02396,control,mobile,US,4,0,6,0.0
U02397,control,desktop,UK,9,0,3,0.0
U02398,treatment,mobile,FR,3,0,3,0.0
U02399,control,desktop,FR,6,0,4,0.0
U02400,control,console,UK,3,0,4,0.0
U02401,control,desktop,US,5,0,6,0.0
U02402,treatment,desktop,DE,7,1,5,17.25
U02403,control,console,US,2,1,2,27.96
U02404,treatment,desktop,US,3,0,2,0.0
U02405,treatment,mobile,US,1,0,2,0.0
U02406,control,desktop,US,3,0,5,0.0
U02407,control,mobile,UK,3,0,3,0.0
U02408,control,mobile,US,7,1,1,5.5
U02409,control,desktop,UK,5,1,2,12.95
U02410,control,mobile,UK,6,0,3,0.0
U02411,treatment,mobile,CA,8,1,5,29.33
U02412,treatment,desktop,UK,7,0,5,0.0
U02413,control,mobile,UK,5,0,3,0.0
U02414,control,desktop,FR,2,0,4,0.0
U02415,treatment,mobile,CA,2,1,5,6.77
U02416,treatment,desktop,FR,4,0,5,0.0
U02417,treatment,console,UK,9,1,3,6.56
U02418,treatment,mobile,DE,6,1,2,10.93
U02419,control,console,DE,6,0,4,0.0
U02420,treatment,mobile,FR,7,0,2,0.0
U02421,treatment,mobile,UK,3,0,5,0.0
U02422,treatment,mobile,US,4,0,2,0.0
U02423,treatment,mobile,US,5,0,3,0.0
U02424,control,mobile,DE,1,0,5,0.0
U02425,treatment,console,US,8,0,4,0.0
U02426,treatment,console,US,9,0,3,0.0
U02427,control,console,DE,10,0,5,0.0
U02428,control,console,FR,5,0,3,0.0
U02429,treatment,mobile,CA,7,1,6,7.16
U02430,control,mobile,DE,4,0,3,0.0
U02431,treatment,mobile,UK,6,0,2,0.0
U02432,control,desktop,FR,5,0,2,0.0
U02433,treatment,console,US,4,0,2,0.0
U02434,treatment,mobile,UK,8,0,2,0.0
U02435,control,mobile,US,6,0,3,0.0
U02436,treatment,mobile,DE,8,1,4,24.92
U02437,treatment,console,UK,11,0,0,0.0
U02438,treatment,desktop,US,6,0,0,0.0
U02439,control,desktop,UK,4,0,2,0.0
U02440,control,desktop,DE,5,0,4,0.0
U02441,treatment,mobile,DE,5,0,6,0.0
U02442,control,mobile,US,3,0,2,0.0
U02443,treatment,console,US,7,0,7,0.0
U02444,treatment,console,FR,5,0,2,0.0
U02445,control,mobile,US,2,0,1,0.0
U02446,control,mobile,US,4,0,5,0.0
U02447,treatment,mobile,US,7,0,6,0.0
U02448,control,mobile,DE,5,0,1,0.0
U02449,treatment,mobile,FR,6,0,2,0.0
U02450,treatment,mobile,UK,6,0,2,0.0
U02451,treatment,desktop,FR,8,0,2,0.0
U02452,control,console,US,4,0,3,0.0
U02453,control,desktop,CA,9,0,4,0.0
U02454,treatment,desktop,US,6,1,8,19.66
U02455,control,console,US,2,0,5,0.0
U02456,treatment,console,UK,4,0,4,0.0
U02457,treatment,mobile,US,4,0,3,0.0
U02458,treatment,mobile,US,6,0,5,0.0
U02459,treatment,mobile,FR,6,1,4,24.8
U02460,control,console,FR,5,0,6,0.0
U02461,control,mobile,US,2,1,3,20.75
U02462,control,mobile,FR,4,0,2,0.0
U02463,treatment,desktop,FR,4,0,8,0.0
U02464,control,desktop,CA,7,0,2,0.0
U02465,control,desktop,US,3,0,2,0.0
U02466,treatment,console,US,2,0,4,0.0
U02467,control,desktop,CA,6,0,6,0.0
U02468,treatment,console,US,4,0,4,0.0
U02469,control,mobile,US,4,0,4,0.0
U02470,control,console,US,6,0,3,0.0
U02471,treatment,desktop,UK,5,0,2,0.0
U02472,treatment,mobile,US,3,0,3,0.0
U02473,treatment,console,US,4,0,1,0.0
U02474,control,console,US,5,0,5,0.0
U02475,treatment,console,US,4,0,1,0.0
U02476,control,console,US,2,0,3,0.0
U02477,treatment,mobile,UK,6,0,4,0.0
U02478,control,mobile,UK,5,0,2,0.0
U02479,control,mobile,US,2,0,2,0.0
U02480,treatment,console,UK,6,0,6,0.0
U02481,treatment,console,FR,3,0,3,0.0
U02482,treatment,console,US,3,0,2,0.0
U02483,treatment,console,US,6,0,2,0.0
U02484,treatment,desktop,US,3,0,3,0.0
U02485,treatment,mobile,DE,6,0,1,0.0
U02486,control,mobile,UK,5,0,3,0.0
U02487,control,desktop,DE,8,0,5,0.0
U02488,control,console,UK,5,0,3,0.0
U02489,treatment,mobile,US,5,1,3,10.21
U02490,control,console,US,3,0,0,0.0
U02491,control,desktop,US,5,0,4,0.0
U02492,treatment,mobile,DE,5,0,10,0.0
U02493,treatment,console,FR,4,0,4,0.0
U02494,control,desktop,US,3,0,0,0.0
U02495,treatment,desktop,UK,3,0,7,0.0
U02496,treatment,mobile,DE,3,0,2,0.0
U02497,control,mobile,US,3,0,6,0.0
U02498,control,mobile,US,8,0,3,0.0
U02499,treatment,desktop,US,10,0,6,0.0
U02500,treatment,console,US,4,0,1,0.0
U02501,treatment,console,DE,4,0,3,0.0
U02502,control,console,US,10,0,6,0.0
U02503,treatment,mobile,FR,6,0,3,0.0
U02504,control,console,DE,6,0,3,0.0
U02505,treatment,mobile,US,2,0,6,0.0
U02506,control,mobile,US,3,0,6,0.0
U02507,control,desktop,UK,9,0,2,0.0
U02508,control,console,US,2,0,0,0.0
U02509,control,console,US,4,0,3,0.0
U02510,treatment,console,UK,5,0,3,0.0
U02511,treatment,mobile,DE,7,0,1,0.0
U02512,treatment,mobile,US,4,0,3,0.0
U02513,treatment,mobile,UK,4,0,4,0.0
U02514,treatment,desktop,US,6,0,2,0.0
U02515,control,desktop,FR,9,0,3,0.0
U02516,treatment,mobile,US,4,0,4,0.0
U02517,control,desktop,CA,2,0,5,0.0
U02518,treatment,desktop,FR,2,0,4,0.0
U02519,control,desktop,FR,3,0,1,0.0
U02520,treatment,mobile,DE,3,1,5,33.27
U02521,control,mobile,FR,5,0,3,0.0
U02522,control,desktop,US,4,0,2,0.0
U02523,control,desktop,DE,8,0,2,0.0
U02524,control,mobile,US,7,0,6,0.0
U02525,treatment,mobile,US,9,1,3,16.02
U02526,treatment,console,CA,3,1,9,13.07
U02527,treatment,console,US,7,0,3,0.0
U02528,treatment,mobile,UK,6,0,1,0.0
U02529,treatment,desktop,UK,7,0,1,0.0
U02530,treatment,desktop,US,5,0,4,0.0
U02531,control,mobile,FR,5,0,4,0.0
U02532,treatment,mobile,FR,7,0,5,0.0
U02533,treatment,console,UK,2,1,4,36.61
U02534,control,desktop,UK,6,1,7,12.87
U02535,treatment,mobile,UK,5,0,5,0.0
U02536,treatment,console,DE,5,0,2,0.0
U02537,treatment,desktop,US,5,0,2,0.0
U02538,treatment,desktop,DE,5,0,2,0.0
U02539,control,mobile,US,6,0,5,0.0
U02540,treatment,mobile,UK,9,0,4,0.0
U02541,control,mobile,US,5,0,6,0.0
U02542,control,console,US,5,0,1,0.0
U02543,control,desktop,DE,4,1,3,4.97
U02544,control,console,US,4,1,5,26.54
U02545,treatment,mobile,CA,5,0,7,0.0
U02546,control,console,UK,3,0,5,0.0
U02547,control,desktop,CA,5,0,3,0.0
U02548,treatment,desktop,US,7,0,5,0.0
U02549,treatment,mobile,US,4,0,4,0.0
U02550,treatment,desktop,UK,5,1,3,25.28
U02551,treatment,mobile,US,4,0,3,0.0
U02552,treatment,mobile,UK,4,0,6,0.0
U02553,control,console,US,6,0,2,0.0
U02554,control,mobile,US,9,0,7,0.0
U02555,control,mobile,FR,6,0,5,0.0
U02556,control,console,DE,5,0,4,0.0
U02557,control,mobile,FR,6,0,2,0.0
U02558,treatment,desktop,DE,6,1,2,15.24
U02559,control,console,CA,11,0,5,0.0
U02560,treatment,desktop,UK,2,0,6,0.0
U02561,treatment,mobile,CA,7,0,2,0.0
U02562,control,desktop,US,2,0,3,0.0
U02563,treatment,desktop,US,6,0,4,0.0
U02564,control,mobile,US,5,0,7,0.0
U02565,treatment,console,UK,5,0,7,0.0
U02566,control,console,UK,4,0,1,0.0
U02567,control,mobile,US,6,0,2,0.0
U02568,control,mobile,FR,5,0,1,0.0
U02569,treatment,desktop,FR,4,0,6,0.0
U02570,treatment,desktop,UK,3,0,2,0.0
U02571,treatment,console,US,5,0,0,0.0
U02572,control,mobile,DE,5,0,2,0.0
U02573,control,mobile,US,3,0,5,0.0
U02574,treatment,desktop,US,8,1,4,12.8
U02575,control,console,US,5,0,1,0.0
U02576,treatment,mobile,DE,3,0,3,0.0
U02577,control,console,UK,3,1,3,13.45
U02578,treatment,mobile,UK,4,0,3,0.0
U02579,control,mobile,UK,3,0,6,0.0
U02580,control,desktop,US,7,0,5,0.0
U02581,treatment,mobile,US,3,0,4,0.0
U02582,treatment,desktop,US,8,1,3,8.99
U02583,control,mobile,FR,4,0,5,0.0
U02584,control,desktop,US,3,0,0,0.0
U02585,control,mobile,UK,6,0,1,0.0
U02586,control,console,UK,2,0,3,0.0
U02587,treatment,console,CA,4,0,3,0.0
U02588,treatment,mobile,US,4,0,6,0.0
U02589,treatment,mobile,FR,4,0,9,0.0
U02590,control,console,FR,3,0,1,0.0
U02591,control,mobile,CA,6,1,5,9.69
U02592,control,console,FR,6,0,1,0.0
U02593,control,desktop,US,3,0,5,0.0
U02594,treatment,console,US,4,0,1,0.0
U02595,treatment,mobile,CA,2,1,3,17.06
U02596,control,mobile,DE,4,0,3,0.0
U02597,control,mobile,FR,4,0,0,0.0
U02598,control,mobile,CA,3,0,2,0.0
U02599,treatment,mobile,DE,5,0,5,0.0
U02600,treatment,console,DE,5,1,2,6.8
U02601,treatment,mobile,US,6,0,2,0.0
U02602,treatment,mobile,US,4,0,4,0.0
U02603,control,mobile,US,8,0,6,0.0
U02604,treatment,mobile,DE,6,0,5,0.0
U02605,control,desktop,CA,4,0,4,0.0
U02606,control,mobile,CA,2,0,2,0.0
U02607,control,console,US,3,0,4,0.0
U02608,treatment,console,FR,6,0,6,0.0
U02609,treatment,mobile,UK,6,0,2,0.0
U02610,control,console,US,5,1,4,14.46
U02611,treatment,mobile,CA,5,1,4,48.92
U02612,treatment,mobile,CA,4,0,5,0.0
U02613,control,console,DE,2,0,2,0.0
U02614,control,console,DE,6,0,3,0.0
U02615,treatment,mobile,US,3,0,1,0.0
U02616,treatment,desktop,DE,5,0,5,0.0
U02617,treatment,mobile,US,3,0,4,0.0
U02618,treatment,desktop,UK,4,0,3,0.0
U02619,control,desktop,FR,4,0,3,0.0
U02620,control,mobile,UK,4,0,4,0.0
U02621,treatment,console,DE,6,0,5,0.0
U02622,treatment,desktop,US,6,0,6,0.0
U02623,treatment,mobile,UK,3,1,7,17.49
U02624,treatment,console,UK,5,0,5,0.0
U02625,control,desktop,UK,4,0,3,0.0
U02626,control,mobile,US,11,0,5,0.0
U02627,control,desktop,DE,4,0,2,0.0
U02628,control,console,US,2,0,3,0.0
U02629,control,console,US,7,0,6,0.0
U02630,control,mobile,FR,5,0,3,0.0
U02631,treatment,desktop,FR,4,0,4,0.0
U02632,treatment,console,DE,8,0,2,0.0
U02633,control,console,US,5,0,1,0.0
U02634,control,mobile,DE,5,1,6,14.75
U02635,treatment,desktop,US,3,0,1,0.0
U02636,control,console,US,2,0,4,0.0
U02637,control,mobile,US,3,0,5,0.0
U02638,treatment,mobile,DE,4,0,3,0.0
U02639,treatment,desktop,US,5,0,4,0.0
U02640,treatment,desktop,CA,7,0,1,0.0
U02641,control,desktop,UK,2,0,4,0.0
U02642,treatment,mobile,US,5,0,5,0.0
U02643,control,console,UK,4,0,0,0.0
U02644,treatment,mobile,FR,5,0,8,0.0
U02645,control,console,US,4,1,3,16.35
U02646,control,mobile,DE,3,0,3,0.0
U02647,control,mobile,US,1,0,3,0.0
U02648,treatment,console,UK,4,0,3,0.0
U02649,control,console,FR,4,0,2,0.0
U02650,control,mobile,FR,3,0,3,0.0
U02651,control,mobile,DE,8,0,1,0.0
U02652,control,desktop,US,6,0,4,0.0
U02653,control,console,DE,4,0,4,0.0
U02654,control,mobile,DE,5,0,1,0.0
U02655,treatment,console,CA,4,0,3,0.0
U02656,treatment,mobile,UK,7,0,7,0.0
U02657,control,desktop,CA,4,0,5,0.0
U02658,control,mobile,FR,4,1,5,18.74
U02659,control,mobile,US,1,0,2,0.0
U02660,treatment,console,DE,2,0,2,0.0
U02661,treatment,mobile,US,2,0,6,0.0
U02662,control,console,US,3,0,1,0.0
U02663,control,mobile,DE,2,0,6,0.0
U02664,control,mobile,UK,2,0,2,0.0
U02665,treatment,console,UK,2,0,2,0.0
U02666,treatment,desktop,DE,5,0,4,0.0
U02667,control,mobile,CA,4,0,1,0.0
U02668,treatment,desktop,UK,6,0,1,0.0
U02669,treatment,mobile,UK,3,0,4,0.0
U02670,treatment,console,UK,6,0,4,0.0
U02671,control,mobile,UK,1,0,5,0.0
U02672,control,desktop,CA,3,0,3,0.0
U02673,control,mobile,US,5,0,2,0.0
U02674,control,desktop,DE,6,0,3,0.0
U02675,control,console,US,2,0,3,0.0
U02676,control,console,CA,4,1,3,5.04
U02677,treatment,mobile,US,3,0,4,0.0
U02678,control,mobile,CA,2,0,4,0.0
U02679,treatment,mobile,DE,5,0,3,0.0
U02680,control,console,CA,5,0,2,0.0
U02681,control,mobile,US,2,0,1,0.0
U02682,control,desktop,FR,3,0,7,0.0
U02683,treatment,mobile,US,4,0,3,0.0
U02684,control,console,DE,2,0,6,0.0
U02685,treatment,desktop,DE,7,1,4,11.8
U02686,treatment,desktop,US,3,0,2,0.0
U02687,treatment,console,US,5,0,4,0.0
U02688,control,console,UK,6,1,5,4.62
U02689,control,desktop,CA,3,0,1,0.0
U02690,control,console,US,6,0,5,0.0
U02691,control,desktop,UK,4,0,4,0.0
U02692,control,mobile,DE,5,1,4,14.51
U02693,control,mobile,DE,4,1,8,9.63
U02694,treatment,desktop,UK,2,0,5,0.0
U02695,treatment,desktop,US,5,1,3,14.43
U02696,control,mobile,US,8,0,3,0.0
U02697,treatment,mobile,FR,6,0,3,0.0
U02698,treatment,desktop,US,2,1,1,20.69
U02699,treatment,mobile,US,4,0,4,0.0
U02700,treatment,desktop,DE,3,0,3,0.0
U02701,control,desktop,US,9,0,5,0.0
U02702,treatment,mobile,FR,7,0,7,0.0
U02703,control,mobile,FR,7,0,6,0.0
U02704,treatment,mobile,FR,9,0,2,0.0
U02705,control,mobile,US,7,0,2,0.0
U02706,control,desktop,UK,3,0,3,0.0
U02707,control,desktop,US,9,0,2,0.0
U02708,treatment,console,UK,3,0,3,0.0
U02709,control,mobile,US,4,0,4,0.0
U02710,treatment,desktop,US,5,0,2,0.0
U02711,treatment,mobile,US,2,0,4,0.0
U02712,treatment,console,US,2,0,4,0.0
U02713,treatment,mobile,US,4,0,3,0.0
U02714,treatment,desktop,US,5,0,0,0.0
U02715,control,desktop,DE,4,1,4,13.94
U02716,control,mobile,US,6,0,1,0.0
U02717,treatment,console,DE,7,0,3,0.0
U02718,treatment,mobile,DE,4,0,3,0.0
U02719,treatment,mobile,DE,9,0,3,0.0
U02720,treatment,desktop,CA,1,0,1,0.0
U02721,control,desktop,CA,5,0,3,0.0
U02722,treatment,mobile,UK,5,0,3,0.0
U02723,treatment,mobile,US,8,1,6,6.5
U02724,treatment,mobile,FR,4,0,0,0.0
U02725,treatment,console,FR,5,0,8,0.0
U02726,control,desktop,UK,7,0,4,0.0
U02727,treatment,mobile,CA,4,1,4,32.21
U02728,control,mobile,FR,5,0,2,0.0
U02729,control,console,FR,2,0,5,0.0
U02730,treatment,console,US,7,0,4,0.0
U02731,control,mobile,US,5,0,3,0.0
U02732,treatment,desktop,US,6,0,6,0.0
U02733,treatment,mobile,US,5,0,2,0.0
U02734,treatment,mobile,US,5,0,5,0.0
U02735,control,console,UK,1,0,3,0.0
U02736,treatment,console,FR,5,0,2,0.0
U02737,control,mobile,US,3,1,2,3.33
U02738,treatment,console,DE,2,0,7,0.0
U02739,control,desktop,US,4,0,4,0.0
U02740,control,console,CA,5,1,4,36.65
U02741,treatment,console,CA,2,1,2,16.47
U02742,treatment,desktop,DE,5,0,3,0.0
U02743,treatment,console,US,7,1,3,14.26
U02744,control,mobile,US,4,0,0,0.0
U02745,treatment,desktop,US,2,0,1,0.0
U02746,treatment,mobile,FR,6,0,1,0.0
U02747,control,console,CA,9,0,5,0.0
U02748,control,mobile,UK,5,0,4,0.0
U02749,treatment,mobile,US,7,0,5,0.0
U02750,treatment,console,US,4,0,4,0.0
U02751,control,mobile,US,5,0,5,0.0
U02752,treatment,mobile,DE,6,0,5,0.0
U02753,treatment,mobile,US,5,0,4,0.0
U02754,treatment,desktop,FR,5,0,4,0.0
U02755,control,mobile,US,3,0,6,0.0
U02756,control,mobile,US,6,0,3,0.0
U02757,treatment,desktop,US,4,1,6,9.0
U02758,treatment,console,FR,9,1,5,17.29
U02759,treatment,console,FR,5,1,2,20.28
U02760,treatment,mobile,FR,5,1,5,7.52
U02761,control,console,US,8,0,2,0.0
U02762,treatment,console,US,4,0,2,0.0
U02763,control,desktop,DE,5,0,2,0.0
U02764,control,desktop,CA,7,0,3,0.0
U02765,treatment,mobile,US,5,0,8,0.0
U02766,treatment,desktop,UK,4,0,5,0.0
U02767,control,desktop,UK,4,0,3,0.0
U02768,control,mobile,DE,7,0,3,0.0
U02769,control,mobile,US,2,0,2,0.0
U02770,control,mobile,UK,3,1,4,10.09
U02771,treatment,desktop,UK,11,1,8,8.49
U02772,treatment,mobile,DE,4,1,2,22.81
U02773,treatment,desktop,US,3,1,3,44.29
U02774,control,console,US,6,0,4,0.0
U02775,control,mobile,DE,8,0,6,0.0
U02776,control,mobile,UK,5,0,3,0.0
U02777,control,mobile,UK,3,1,6,31.11
U02778,treatment,mobile,US,8,0,0,0.0
U02779,control,console,US,4,0,3,0.0
U02780,treatment,desktop,UK,6,0,3,0.0
U02781,treatment,console,UK,5,0,2,0.0
U02782,treatment,console,UK,3,0,4,0.0
U02783,treatment,mobile,DE,2,0,2,0.0
U02784,treatment,desktop,FR,2,0,1,0.0
U02785,control,desktop,UK,4,0,8,0.0
U02786,treatment,desktop,DE,4,0,4,0.0
U02787,treatment,mobile,US,7,0,5,0.0
U02788,treatment,mobile,FR,3,0,9,0.0
U02789,control,desktop,US,1,1,5,11.44
U02790,treatment,desktop,UK,2,0,4,0.0
U02791,control,mobile,US,4,0,1,0.0
U02792,treatment,mobile,UK,5,0,3,0.0
U02793,treatment,desktop,UK,4,0,3,0.0
U02794,treatment,desktop,US,8,0,3,0.0
U02795,control,desktop,DE,6,0,7,0.0
U02796,control,mobile,UK,5,0,4,0.0
U02797,control,mobile,US,3,0,4,0.0
U02798,treatment,console,FR,3,0,4,0.0
U02799,control,desktop,US,4,0,2,0.0
U02800,treatment,mobile,UK,5,0,3,0.0
U02801,treatment,desktop,US,6,0,3,0.0
U02802,control,mobile,UK,5,0,3,0.0
U02803,treatment,desktop,FR,4,0,2,0.0
U02804,treatment,mobile,US,2,1,2,23.16
U02805,treatment,desktop,UK,6,0,5,0.0
U02806,treatment,console,FR,7,1,3,4.59
U02807,treatment,mobile,FR,3,0,3,0.0
U02808,control,mobile,DE,5,0,3,0.0
U02809,treatment,mobile,US,7,0,2,0.0
U02810,control,mobile,US,6,0,3,0.0
U02811,control,console,CA,5,0,1,0.0
U02812,control,console,US,5,0,5,0.0
U02813,control,mobile,CA,3,0,6,0.0
U02814,control,console,DE,4,0,4,0.0
U02815,treatment,mobile,FR,2,0,4,0.0
U02816,control,desktop,UK,4,0,3,0.0
U02817,treatment,desktop,CA,2,0,5,0.0
U02818,control,mobile,FR,4,0,2,0.0
U02819,control,desktop,FR,5,0,10,0.0
U02820,treatment,desktop,CA,3,0,3,0.0
U02821,control,mobile,FR,3,0,2,0.0
U02822,control,console,US,3,0,1,0.0
U02823,control,mobile,DE,2,1,4,23.4
U02824,treatment,mobile,FR,5,0,2,0.0
U02825,control,console,DE,7,0,2,0.0
U02826,treatment,mobile,US,4,1,3,67.32
U02827,control,mobile,US,7,0,4,0.0
U02828,control,mobile,FR,4,0,3,0.0
U02829,treatment,mobile,UK,7,0,5,0.0
U02830,control,mobile,DE,5,0,3,0.0
U02831,treatment,mobile,US,3,0,4,0.0
U02832,control,desktop,FR,5,0,8,0.0
U02833,control,desktop,US,2,0,3,0.0
U02834,treatment,console,US,5,0,1,0.0
U02835,treatment,console,UK,6,0,4,0.0
U02836,control,mobile,DE,7,0,3,0.0
U02837,control,console,FR,6,0,1,0.0
U02838,control,console,DE,4,0,8,0.0
U02839,treatment,console,US,2,0,2,0.0
U02840,treatment,desktop,US,4,0,3,0.0
U02841,treatment,mobile,DE,4,0,3,0.0
U02842,control,mobile,FR,5,0,7,0.0
U02843,treatment,console,DE,7,0,6,0.0
U02844,treatment,desktop,UK,4,0,4,0.0
U02845,control,console,US,6,0,3,0.0
U02846,control,desktop,DE,7,0,4,0.0
U02847,treatment,mobile,US,5,0,5,0.0
U02848,treatment,mobile,US,6,0,4,0.0
U02849,treatment,console,CA,8,0,7,0.0
U02850,treatment,mobile,FR,4,0,4,0.0
U02851,control,desktop,UK,7,0,4,0.0
U02852,treatment,console,US,3,0,1,0.0
U02853,control,mobile,DE,5,1,8,19.99
U02854,treatment,mobile,FR,6,0,5,0.0
U02855,control,desktop,US,3,0,6,0.0
U02856,treatment,console,UK,3,0,2,0.0
U02857,treatment,desktop,US,4,0,3,0.0
U02858,control,mobile,US,5,0,4,0.0
U02859,treatment,mobile,US,5,0,5,0.0
U02860,control,mobile,CA,3,0,1,0.0
U02861,treatment,mobile,US,4,0,6,0.0
U02862,control,mobile,UK,5,0,3,0.0
U02863,control,console,UK,6,0,6,0.0
U02864,control,mobile,US,4,0,2,0.0
U02865,control,console,UK,7,0,1,0.0
U02866,treatment,console,US,3,0,4,0.0
U02867,control,desktop,UK,4,0,3,0.0
U02868,control,desktop,US,6,0,3,0.0
U02869,treatment,mobile,US,4,0,5,0.0
U02870,treatment,desktop,US,6,0,1,0.0
U02871,control,mobile,CA,4,0,6,0.0
U02872,treatment,mobile,CA,2,0,3,0.0
U02873,treatment,desktop,US,6,0,11,0.0
U02874,control,mobile,US,4,0,6,0.0
U02875,treatment,mobile,DE,4,0,1,0.0
U02876,control,desktop,US,6,0,3,0.0
U02877,treatment,desktop,FR,4,0,8,0.0
U02878,control,mobile,DE,6,1,6,10.51
U02879,control,mobile,UK,3,0,5,0.0
U02880,control,mobile,US,5,0,3,0.0
U02881,control,desktop,FR,7,0,5,0.0
U02882,control,desktop,US,3,0,5,0.0
U02883,treatment,mobile,DE,6,0,4,0.0
U02884,treatment,desktop,DE,5,0,5,0.0
U02885,control,console,US,2,0,6,0.0
U02886,treatment,desktop,US,7,0,1,0.0
U02887,control,desktop,US,5,1,4,26.84
U02888,treatment,desktop,UK,5,0,5,0.0
U02889,control,console,US,2,0,5,0.0
U02890,control,console,UK,10,0,7,0.0
U02891,control,mobile,CA,9,0,7,0.0
U02892,control,mobile,DE,7,0,2,0.0
U02893,control,mobile,UK,5,0,4,0.0
U02894,treatment,console,FR,8,0,3,0.0
U02895,control,mobile,DE,5,1,6,2.78
U02896,control,console,DE,3,0,3,0.0
U02897,treatment,mobile,US,7,0,0,0.0
U02898,control,desktop,US,11,0,6,0.0
U02899,control,mobile,US,5,0,0,0.0
U02900,treatment,desktop,US,6,1,1,27.91
U02901,treatment,mobile,US,4,0,3,0.0
U02902,control,desktop,US,6,0,3,0.0
U02903,control,desktop,FR,3,1,9,10.56
U02904,control,mobile,CA,10,0,3,0.0
U02905,control,desktop,US,6,1,3,59.48
U02906,control,console,US,6,0,3,0.0
U02907,control,console,US,3,0,6,0.0
U02908,control,desktop,FR,2,0,2,0.0
U02909,treatment,desktop,UK,3,0,3,0.0
U02910,treatment,console,FR,10,0,3,0.0
U02911,control,desktop,FR,5,0,2,0.0
U02912,treatment,console,US,5,1,4,3.83
U02913,control,console,FR,4,1,2,10.6
U02914,treatment,mobile,US,4,1,2,7.09
U02915,control,mobile,US,6,0,4,0.0
U02916,control,desktop,FR,5,0,2,0.0
U02917,control,desktop,US,5,0,6,0.0
U02918,control,desktop,UK,8,0,1,0.0
U02919,control,console,DE,3,0,1,0.0
U02920,control,desktop,DE,8,0,2,0.0
U02921,treatment,mobile,DE,4,0,2,0.0
U02922,treatment,desktop,US,7,0,1,0.0
U02923,control,mobile,DE,10,0,4,0.0
U02924,treatment,desktop,US,6,0,1,0.0
U02925,control,console,US,4,0,1,0.0
U02926,treatment,mobile,US,4,1,8,21.58
U02927,treatment,console,DE,3,0,2,0.0
U02928,treatment,console,FR,5,0,2,0.0
U02929,control,mobile,UK,4,1,3,11.32
U02930,treatment,console,UK,7,1,3,27.23
U02931,treatment,console,FR,6,0,2,0.0
U02932,control,desktop,US,6,0,5,0.0
U02933,control,mobile,US,6,0,2,0.0
U02934,control,mobile,US,5,0,4,0.0
U02935,treatment,desktop,US,2,1,6,19.1
U02936,control,mobile,UK,4,0,3,0.0
U02937,control,mobile,FR,9,0,4,0.0
U02938,control,console,UK,7,0,1,0.0
U02939,control,desktop,FR,5,1,2,4.01
U02940,treatment,desktop,FR,6,0,9,0.0
U02941,treatment,console,UK,6,0,6,0.0
U02942,treatment,mobile,FR,7,0,2,0.0
U02943,treatment,mobile,DE,5,0,5,0.0
U02944,control,desktop,CA,4,0,2,0.0
U02945,control,mobile,DE,7,0,2,0.0
U02946,treatment,mobile,US,7,0,3,0.0
U02947,control,console,DE,4,0,2,0.0
U02948,control,mobile,DE,2,0,7,0.0
U02949,treatment,desktop,DE,10,0,8,0.0
U02950,control,desktop,US,5,0,2,0.0
U02951,treatment,desktop,FR,3,0,5,0.0
U02952,treatment,mobile,US,3,1,1,18.95
U02953,control,mobile,CA,6,0,3,0.0
U02954,treatment,console,US,6,0,2,0.0
U02955,treatment,console,UK,7,0,1,0.0
U02956,control,desktop,US,5,0,1,0.0
U02957,treatment,mobile,CA,4,1,4,35.19
U02958,control,desktop,FR,9,0,6,0.0
U02959,treatment,mobile,US,7,0,2,0.0
U02960,control,mobile,CA,3,0,1,0.0
U02961,control,mobile,US,5,0,9,0.0
U02962,control,mobile,US,6,1,4,5.57
U02963,treatment,mobile,UK,3,0,6,0.0
U02964,treatment,mobile,US,6,1,5,6.97
U02965,control,console,US,5,1,6,6.13
U02966,treatment,desktop,UK,7,0,9,0.0
U02967,control,mobile,UK,11,1,7,5.68
U02968,control,mobile,US,6,0,5,0.0
U02969,control,console,US,5,0,2,0.0
U02970,treatment,mobile,US,1,0,1,0.0
U02971,treatment,mobile,US,4,1,4,18.5
U02972,control,desktop,UK,5,0,2,0.0
U02973,control,desktop,UK,5,0,4,0.0
U02974,treatment,console,DE,6,0,4,0.0
U02975,control,mobile,FR,5,0,2,0.0
U02976,control,mobile,US,6,0,3,0.0
U02977,control,mobile,US,5,0,1,0.0
U02978,control,desktop,CA,5,0,3,0.0
U02979,treatment,mobile,FR,8,1,3,33.9
U02980,treatment,mobile,US,3,0,3,0.0
U02981,control,mobile,FR,6,0,2,0.0
U02982,control,console,US,4,0,8,0.0
U02983,control,mobile,US,6,0,5,0.0
U02984,treatment,mobile,DE,4,0,7,0.0
U02985,control,console,US,9,0,4,0.0
U02986,treatment,desktop,FR,7,1,1,14.81
U02987,treatment,desktop,UK,9,1,4,13.83
U02988,treatment,desktop,US,5,0,5,0.0
U02989,control,mobile,UK,4,0,2,0.0
U02990,control,console,DE,4,0,2,0.0
U02991,treatment,mobile,US,5,0,3,0.0
U02992,control,console,US,5,0,1,0.0
U02993,control,mobile,FR,6,0,5,0.0
U02994,control,desktop,UK,5,0,3,0.0
U02995,control,desktop,UK,6,0,4,0.0
U02996,treatment,mobile,US,6,1,3,12.99
U02997,control,mobile,US,4,1,6,26.32
U02998,treatment,console,UK,4,0,2,0.0
U02999,control,mobile,US,4,0,2,0.0
U03000,treatment,console,US,5,0,4,0.0
U03001,control,mobile,US,5,0,3,0.0
U03002,control,desktop,FR,3,0,3,0.0
U03003,control,desktop,US,6,0,5,0.0
U03004,treatment,desktop,US,5,1,5,22.15
U03005,treatment,desktop,US,4,0,5,0.0
U03006,treatment,desktop,CA,7,0,7,0.0
U03007,control,desktop,FR,2,1,2,35.95
U03008,treatment,desktop,US,4,0,6,0.0
U03009,control,desktop,DE,6,0,3,0.0
U03010,treatment,mobile,US,7,0,2,0.0
U03011,treatment,mobile,UK,6,1,2,13.91
U03012,control,mobile,US,5,0,1,0.0
U03013,treatment,desktop,US,6,0,7,0.0
U03014,control,console,US,2,1,3,22.33
U03015,control,mobile,US,8,0,0,0.0
U03016,treatment,desktop,DE,5,0,3,0.0
U03017,control,mobile,FR,4,0,8,0.0
U03018,control,desktop,FR,7,0,4,0.0
U03019,treatment,desktop,US,3,0,6,0.0
U03020,control,desktop,DE,1,0,1,0.0
U03021,treatment,desktop,US,2,0,1,0.0
U03022,control,console,US,3,0,3,0.0
U03023,treatment,mobile,DE,6,0,6,0.0
U03024,treatment,desktop,UK,3,1,2,16.69
U03025,control,mobile,FR,3,1,1,16.15
U03026,treatment,console,US,5,0,4,0.0
U03027,control,console,US,5,0,2,0.0
U03028,control,mobile,US,7,0,1,0.0
U03029,control,mobile,FR,8,0,3,0.0
U03030,treatment,desktop,US,4,0,4,0.0
U03031,control,console,DE,7,0,7,0.0
U03032,control,mobile,US,3,0,2,0.0
U03033,treatment,desktop,DE,7,0,6,0.0
U03034,control,mobile,US,2,1,3,11.61
U03035,treatment,desktop,CA,7,0,5,0.0
U03036,treatment,desktop,US,3,0,2,0.0
U03037,treatment,mobile,US,1,0,3,0.0
U03038,treatment,console,UK,3,1,4,4.31
U03039,control,mobile,US,6,0,3,0.0
U03040,control,console,FR,2,0,3,0.0
U03041,treatment,mobile,US,4,0,3,0.0
U03042,treatment,desktop,CA,2,0,3,0.0
U03043,treatment,mobile,UK,3,0,3,0.0
U03044,treatment,desktop,FR,5,0,0,0.0
U03045,control,mobile,DE,4,0,4,0.0
U03046,control,desktop,CA,3,0,4,0.0
U03047,control,mobile,US,4,0,2,0.0
U03048,control,mobile,DE,2,0,2,0.0
U03049,control,console,UK,5,0,3,0.0
U03050,treatment,desktop,US,4,0,1,0.0
U03051,control,desktop,FR,8,0,5,0.0
U03052,treatment,desktop,UK,10,0,4,0.0
U03053,treatment,mobile,FR,2,0,7,0.0
U03054,control,console,US,8,0,3,0.0
U03055,control,mobile,US,6,0,3,0.0
U03056,control,console,DE,5,0,3,0.0
U03057,control,console,UK,6,0,3,0.0
U03058,treatment,mobile,DE,1,0,4,0.0
U03059,treatment,mobile,CA,4,0,2,0.0
U03060,control,desktop,UK,8,0,6,0.0
U03061,treatment,console,US,10,1,6,7.92
U03062,control,mobile,UK,12,0,6,0.0
U03063,treatment,mobile,US,4,0,5,0.0
U03064,treatment,mobile,DE,8,0,4,0.0
U03065,treatment,console,CA,4,0,2,0.0
U03066,treatment,desktop,US,7,0,4,0.0
U03067,treatment,mobile,UK,7,1,5,12.15
U03068,treatment,desktop,UK,4,0,2,0.0
U03069,treatment,console,US,4,0,2,0.0
U03070,control,console,US,8,0,5,0.0
U03071,control,mobile,CA,5,1,4,5.71
U03072,control,mobile,US,3,0,2,0.0
U03073,control,mobile,FR,4,0,4,0.0
U03074,control,desktop,US,5,1,2,17.71
U03075,control,mobile,FR,5,0,1,0.0
U03076,treatment,mobile,FR,11,0,4,0.0
U03077,treatment,console,FR,3,0,3,0.0
U03078,treatment,desktop,US,4,0,6,0.0
U03079,control,mobile,US,8,0,1,0.0
U03080,treatment,mobile,US,4,0,5,0.0
U03081,treatment,mobile,US,7,0,2,0.0
U03082,treatment,mobile,DE,5,0,3,0.0
U03083,control,mobile,CA,6,0,3,0.0
U03084,treatment,mobile,DE,4,0,3,0.0
U03085,treatment,mobile,US,4,0,5,0.0
U03086,treatment,console,US,5,0,4,0.0
U03087,control,console,DE,5,0,4,0.0
U03088,treatment,mobile,US,4,0,2,0.0
U03089,treatment,desktop,UK,5,0,4,0.0
U03090,control,mobile,UK,7,0,4,0.0
U03091,treatment,console,FR,4,0,4,0.0
U03092,control,console,US,4,1,8,18.33
U03093,control,desktop,CA,6,0,8,0.0
U03094,control,desktop,US,3,0,3,0.0
U03095,treatment,mobile,DE,8,1,6,15.78
U03096,treatment,mobile,FR,7,0,1,0.0
U03097,treatment,desktop,FR,5,1,3,17.49
U03098,treatment,mobile,UK,8,0,6,0.0
U03099,treatment,desktop,US,5,0,2,0.0
U03100,control,desktop,UK,9,1,4,27.31
U03101,treatment,mobile,US,3,0,1,0.0
U03102,treatment,desktop,UK,1,0,1,0.0
U03103,treatment,console,DE,9,0,2,0.0
U03104,treatment,desktop,US,5,0,1,0.0
U03105,control,desktop,CA,7,0,1,0.0
U03106,treatment,console,FR,6,0,2,0.0
U03107,treatment,mobile,DE,3,1,2,17.72
U03108,treatment,desktop,DE,3,0,5,0.0
U03109,control,mobile,UK,6,0,3,0.0
U03110,control,mobile,UK,4,0,6,0.0
U03111,treatment,console,US,5,0,2,0.0
U03112,control,mobile,CA,6,0,4,0.0
U03113,treatment,mobile,UK,4,0,5,0.0
U03114,treatment,mobile,US,2,1,7,10.57
U03115,control,console,FR,5,0,4,0.0
U03116,treatment,console,US,3,0,4,0.0
U03117,control,mobile,CA,2,0,0,0.0
U03118,control,desktop,CA,5,1,7,16.88
U03119,control,mobile,UK,3,0,7,0.0
U03120,control,desktop,DE,7,0,5,0.0
U03121,treatment,desktop,UK,3,1,3,16.59
U03122,control,mobile,US,5,0,1,0.0
U03123,treatment,desktop,FR,3,0,4,0.0
U03124,treatment,console,UK,1,0,1,0.0
U03125,treatment,mobile,CA,4,0,2,0.0
U03126,treatment,mobile,CA,4,0,4,0.0
U03127,treatment,console,DE,7,0,4,0.0
U03128,control,mobile,US,6,0,0,0.0
U03129,treatment,desktop,US,5,0,4,0.0
U03130,control,desktop,US,7,0,5,0.0
U03131,control,mobile,UK,5,0,2,0.0
U03132,control,mobile,UK,8,0,4,0.0
U03133,control,mobile,UK,8,1,1,5.92
U03134,treatment,mobile,DE,5,0,3,0.0
U03135,control,desktop,UK,8,0,4,0.0
U03136,treatment,console,US,10,1,2,13.99
U03137,control,mobile,DE,3,0,3,0.0
U03138,treatment,desktop,UK,7,0,3,0.0
U03139,treatment,mobile,US,9,0,3,0.0
U03140,treatment,mobile,UK,5,0,9,0.0
U03141,treatment,desktop,UK,5,0,5,0.0
U03142,control,mobile,US,3,0,3,0.0
U03143,control,desktop,UK,6,0,2,0.0
U03144,control,mobile,US,7,0,2,0.0
U03145,treatment,desktop,UK,5,0,4,0.0
U03146,treatment,console,US,3,0,2,0.0
U03147,treatment,mobile,DE,5,0,0,0.0
U03148,treatment,console,DE,5,0,3,0.0
U03149,control,mobile,US,4,0,4,0.0
U03150,control,mobile,CA,4,0,1,0.0
U03151,treatment,mobile,FR,5,0,1,0.0
U03152,treatment,console,DE,5,0,2,0.0
U03153,control,desktop,US,7,0,7,0.0
U03154,control,console,UK,8,0,5,0.0
U03155,control,desktop,US,2,0,2,0.0
U03156,treatment,mobile,US,3,1,4,26.97
U03157,treatment,console,CA,6,0,5,0.0
U03158,treatment,console,CA,7,0,3,0.0
U03159,treatment,console,UK,4,0,5,0.0
U03160,control,desktop,CA,1,1,2,3.77
U03161,treatment,console,FR,7,0,1,0.0
U03162,treatment,mobile,DE,7,0,5,0.0
U03163,treatment,console,CA,5,0,8,0.0
U03164,control,console,US,4,0,2,0.0
U03165,treatment,desktop,US,1,0,4,0.0
U03166,treatment,mobile,FR,5,0,3,0.0
U03167,treatment,mobile,UK,3,0,3,0.0
U03168,treatment,console,DE,3,0,1,0.0
U03169,treatment,console,FR,6,0,3,0.0
U03170,control,desktop,FR,3,0,2,0.0
U03171,treatment,console,US,5,1,4,24.74
U03172,treatment,desktop,DE,6,0,7,0.0
U03173,control,console,UK,6,0,1,0.0
U03174,control,mobile,FR,7,0,2,0.0
U03175,treatment,mobile,US,6,0,4,0.0
U03176,treatment,desktop,DE,5,0,2,0.0
U03177,treatment,mobile,FR,5,0,2,0.0
U03178,treatment,mobile,US,2,0,1,0.0
U03179,treatment,console,US,6,0,4,0.0
U03180,control,mobile,US,3,0,3,0.0
U03181,control,desktop,DE,5,1,3,11.11
U03182,control,mobile,DE,6,0,2,0.0
U03183,control,console,FR,2,1,3,37.11
U03184,control,mobile,UK,6,0,4,0.0
U03185,treatment,desktop,US,4,0,3,0.0
U03186,treatment,desktop,US,4,0,3,0.0
U03187,treatment,mobile,UK,4,0,4,0.0
U03188,control,mobile,FR,4,0,4,0.0
U03189,control,mobile,US,6,0,2,0.0
U03190,control,mobile,UK,4,0,2,0.0
U03191,control,mobile,DE,4,0,5,0.0
U03192,control,mobile,US,3,0,3,0.0
U03193,treatment,desktop,DE,5,0,3,0.0
U03194,treatment,mobile,UK,4,0,4,0.0
U03195,treatment,mobile,UK,4,0,6,0.0
U03196,treatment,mobile,UK,5,0,6,0.0
U03197,control,desktop,US,5,0,2,0.0
U03198,control,desktop,DE,9,1,4,6.38
U03199,treatment,desktop,DE,8,0,2,0.0
U03200,control,desktop,UK,6,0,2,0.0
U03201,control,desktop,US,2,0,0,0.0
U03202,treatment,mobile,US,2,0,1,0.0
U03203,control,mobile,FR,2,0,2,0.0
U03204,control,desktop,US,5,1,3,38.17
U03205,treatment,mobile,DE,5,0,5,0.0
U03206,control,console,DE,3,0,3,0.0
U03207,control,desktop,DE,3,0,2,0.0
U03208,control,desktop,US,4,0,2,0.0
U03209,control,desktop,UK,5,0,5,0.0
U03210,control,console,UK,8,0,3,0.0
U03211,control,mobile,FR,4,0,0,0.0
U03212,control,mobile,DE,4,0,5,0.0
U03213,treatment,console,US,5,1,4,18.27
U03214,treatment,desktop,US,3,0,7,0.0
U03215,control,mobile,UK,9,0,6,0.0
U03216,treatment,mobile,US,6,0,2,0.0
U03217,control,mobile,DE,3,0,5,0.0
U03218,control,console,UK,7,0,6,0.0
U03219,treatment,mobile,CA,5,0,3,0.0
U03220,control,mobile,UK,3,0,2,0.0
U03221,control,mobile,DE,3,0,2,0.0
U03222,treatment,console,US,3,0,2,0.0
U03223,control,desktop,FR,5,1,2,12.67
U03224,control,desktop,FR,5,0,5,0.0
U03225,control,console,US,7,0,3,0.0
U03226,treatment,mobile,US,2,0,2,0.0
U03227,control,console,CA,6,0,3,0.0
U03228,control,desktop,DE,6,0,2,0.0
U03229,control,desktop,UK,8,0,6,0.0
U03230,control,console,FR,2,1,2,4.24
U03231,control,console,US,10,0,3,0.0
U03232,control,mobile,US,3,0,1,0.0
U03233,control,mobile,FR,2,0,2,0.0
U03234,treatment,console,CA,4,1,4,7.68
U03235,control,mobile,UK,6,1,4,21.25
U03236,control,desktop,US,6,0,5,0.0
U03237,treatment,mobile,US,4,1,0,9.52
U03238,control,console,FR,7,0,0,0.0
U03239,treatment,desktop,FR,4,0,5,0.0
U03240,treatment,console,CA,6,0,5,0.0
U03241,control,desktop,UK,6,1,6,10.63
U03242,control,console,UK,6,1,7,8.12
U03243,control,desktop,US,6,1,7,7.26
U03244,control,desktop,UK,6,0,6,0.0
U03245,treatment,desktop,UK,6,0,3,0.0
U03246,control,desktop,US,8,1,3,27.34
U03247,control,desktop,DE,4,0,4,0.0
U03248,treatment,mobile,DE,3,0,3,0.0
U03249,treatment,mobile,FR,3,0,11,0.0
U03250,control,desktop,UK,6,1,3,0.89
U03251,control,mobile,FR,6,0,0,0.0
U03252,control,desktop,US,7,0,4,0.0
U03253,control,mobile,US,4,0,3,0.0
U03254,treatment,mobile,DE,6,1,5,15.8
U03255,treatment,desktop,FR,8,0,5,0.0
U03256,treatment,mobile,UK,4,0,5,0.0
U03257,treatment,console,FR,2,0,7,0.0
U03258,treatment,console,US,5,0,3,0.0
U03259,control,desktop,DE,2,0,2,0.0
U03260,treatment,mobile,FR,7,1,2,5.29
U03261,treatment,mobile,DE,6,0,3,0.0
U03262,treatment,console,US,3,0,2,0.0
U03263,control,mobile,US,4,0,5,0.0
U03264,treatment,console,US,6,0,5,0.0
U03265,control,console,FR,6,0,5,0.0
U03266,treatment,mobile,CA,7,1,3,47.31
U03267,treatment,desktop,FR,3,0,2,0.0
U03268,control,desktop,FR,4,0,3,0.0
U03269,control,desktop,DE,3,0,5,0.0
U03270,treatment,mobile,FR,7,0,3,0.0
U03271,treatment,desktop,US,2,0,5,0.0
U03272,treatment,mobile,US,3,0,2,0.0
U03273,treatment,console,US,7,0,7,0.0
U03274,control,desktop,US,9,0,6,0.0
U03275,treatment,desktop,US,5,0,4,0.0
U03276,treatment,console,CA,7,0,2,0.0
U03277,control,desktop,FR,7,0,5,0.0
U03278,treatment,desktop,FR,5,0,5,0.0
U03279,treatment,mobile,FR,9,0,3,0.0
U03280,control,desktop,FR,6,1,4,16.69
U03281,treatment,mobile,DE,6,0,3,0.0
U03282,treatment,console,US,3,0,5,0.0
U03283,treatment,mobile,FR,3,0,3,0.0
U03284,treatment,mobile,US,7,1,6,45.99
U03285,treatment,console,DE,2,0,1,0.0
U03286,treatment,mobile,UK,10,0,6,0.0
U03287,treatment,console,US,5,0,3,0.0
U03288,control,mobile,US,4,0,6,0.0
U03289,control,mobile,DE,3,0,4,0.0
U03290,treatment,desktop,FR,1,0,2,0.0
U03291,treatment,desktop,UK,2,0,5,0.0
U03292,control,console,UK,6,0,5,0.0
U03293,treatment,mobile,CA,6,0,4,0.0
U03294,treatment,mobile,US,3,0,3,0.0
U03295,control,mobile,DE,5,1,1,15.01
U03296,treatment,mobile,FR,5,0,4,0.0
U03297,control,desktop,DE,8,0,4,0.0
U03298,control,mobile,UK,3,0,3,0.0
U03299,control,desktop,DE,7,0,3,0.0
U03300,treatment,console,CA,2,0,2,0.0
U03301,control,mobile,US,6,0,3,0.0
U03302,control,desktop,DE,3,0,1,0.0
U03303,control,mobile,US,5,0,3,0.0
U03304,control,console,CA,4,0,0,0.0
U03305,control,mobile,US,3,0,2,0.0
U03306,treatment,desktop,US,3,0,9,0.0
U03307,control,mobile,UK,8,0,2,0.0
U03308,control,mobile,CA,4,0,3,0.0
U03309,treatment,mobile,US,4,0,4,0.0
U03310,control,mobile,US,2,0,5,0.0
U03311,treatment,console,UK,5,0,5,0.0
U03312,treatment,mobile,FR,3,0,2,0.0
U03313,treatment,console,UK,8,0,0,0.0
U03314,treatment,desktop,DE,4,0,3,0.0
U03315,control,mobile,DE,7,0,4,0.0
U03316,treatment,mobile,FR,7,0,3,0.0
U03317,control,mobile,DE,4,0,4,0.0
U03318,treatment,console,FR,7,0,4,0.0
U03319,control,mobile,UK,7,0,5,0.0
U03320,treatment,console,US,6,0,4,0.0
U03321,treatment,mobile,UK,7,0,3,0.0
U03322,treatment,mobile,US,5,0,2,0.0
U03323,treatment,mobile,US,6,1,3,5.95
U03324,control,desktop,US,7,0,8,0.0
U03325,control,desktop,CA,6,0,5,0.0
U03326,control,console,CA,5,0,3,0.0
U03327,treatment,mobile,US,4,0,5,0.0
U03328,control,mobile,DE,6,1,6,13.08
U03329,treatment,console,DE,5,0,6,0.0
U03330,control,desktop,CA,4,1,4,13.25
U03331,control,console,UK,7,0,5,0.0
U03332,treatment,mobile,DE,2,0,3,0.0
U03333,treatment,desktop,US,7,0,4,0.0
U03334,control,mobile,US,6,0,4,0.0
U03335,treatment,console,DE,5,0,2,0.0
U03336,control,mobile,US,2,0,2,0.0
U03337,control,console,UK,7,1,6,8.43
U03338,treatment,mobile,FR,3,0,2,0.0
U03339,control,console,UK,10,1,1,15.95
U03340,treatment,console,US,7,0,2,0.0
U03341,control,console,US,6,0,3,0.0
U03342,treatment,desktop,DE,4,1,2,3.98
U03343,control,mobile,DE,2,0,1,0.0
U03344,treatment,console,CA,8,0,3,0.0
U03345,control,desktop,US,4,0,7,0.0
U03346,control,desktop,UK,4,1,4,27.19
U03347,control,mobile,UK,5,0,5,0.0
U03348,treatment,mobile,US,10,0,4,0.0
U03349,control,mobile,US,5,0,3,0.0
U03350,treatment,desktop,CA,8,0,6,0.0
U03351,treatment,mobile,US,3,0,2,0.0
U03352,treatment,mobile,US,5,0,3,0.0
U03353,treatment,console,FR,4,0,2,0.0
U03354,treatment,desktop,FR,8,0,5,0.0
U03355,control,console,DE,8,1,1,38.38
U03356,control,mobile,US,2,0,3,0.0
U03357,treatment,mobile,US,4,0,4,0.0
U03358,treatment,desktop,US,6,0,2,0.0
U03359,control,mobile,UK,6,1,1,22.68
U03360,control,desktop,US,4,0,3,0.0
U03361,treatment,mobile,FR,11,1,3,62.3
U03362,control,desktop,US,6,0,4,0.0
U03363,treatment,mobile,UK,6,0,1,0.0
U03364,treatment,desktop,UK,4,0,2,0.0
U03365,treatment,console,FR,6,1,3,15.81
U03366,control,mobile,US,7,1,2,28.14
U03367,control,desktop,US,3,0,3,0.0
U03368,treatment,desktop,FR,7,0,6,0.0
U03369,treatment,desktop,US,3,1,5,8.81
U03370,treatment,mobile,DE,4,0,2,0.0
U03371,control,mobile,UK,5,1,4,13.3
U03372,treatment,console,DE,10,0,1,0.0
U03373,treatment,desktop,UK,5,1,3,9.8
U03374,treatment,desktop,US,4,0,3,0.0
U03375,control,mobile,US,5,0,6,0.0
U03376,treatment,console,FR,3,0,2,0.0
U03377,treatment,mobile,US,7,0,4,0.0
U03378,control,mobile,FR,7,0,6,0.0
U03379,control,desktop,US,6,0,4,0.0
U03380,control,desktop,FR,5,0,1,0.0
U03381,treatment,desktop,US,3,0,1,0.0
U03382,control,mobile,US,5,0,4,0.0
U03383,control,mobile,DE,5,0,1,0.0
U03384,treatment,desktop,US,3,0,10,0.0
U03385,control,mobile,CA,7,0,3,0.0
U03386,treatment,desktop,CA,7,0,2,0.0
U03387,treatment,desktop,UK,7,0,4,0.0
U03388,treatment,mobile,CA,6,0,3,0.0
U03389,treatment,desktop,UK,6,0,2,0.0
U03390,treatment,console,DE,4,0,4,0.0
U03391,treatment,console,FR,7,0,2,0.0
U03392,treatment,mobile,US,9,0,6,0.0
U03393,control,desktop,UK,4,0,3,0.0
U03394,treatment,console,FR,2,0,2,0.0
U03395,control,desktop,US,8,0,3,0.0
U03396,control,mobile,US,6,0,1,0.0
U03397,control,mobile,FR,4,0,4,0.0
U03398,control,desktop,US,10,0,3,0.0
U03399,control,console,UK,7,0,3,0.0
U03400,treatment,console,CA,4,0,3,0.0
U03401,treatment,console,DE,4,1,9,12.78
U03402,control,mobile,DE,4,1,5,11.23
U03403,treatment,desktop,US,5,0,6,0.0
U03404,control,mobile,CA,8,0,1,0.0
U03405,treatment,mobile,US,2,0,5,0.0
U03406,control,mobile,UK,5,0,2,0.0
U03407,control,console,US,7,0,3,0.0
U03408,treatment,mobile,DE,6,1,6,19.27
U03409,control,desktop,US,5,0,5,0.0
U03410,control,mobile,US,5,0,5,0.0
U03411,control,mobile,US,3,1,5,14.3
U03412,control,desktop,DE,5,0,3,0.0
U03413,control,mobile,UK,5,0,2,0.0
U03414,treatment,mobile,DE,5,1,5,13.51
U03415,control,desktop,US,4,0,1,0.0
U03416,treatment,console,US,6,0,5,0.0
U03417,control,desktop,UK,1,0,1,0.0
U03418,treatment,console,CA,3,0,2,0.0
U03419,control,mobile,DE,1,0,6,0.0
U03420,treatment,mobile,UK,6,0,2,0.0
U03421,control,mobile,US,4,0,3,0.0
U03422,treatment,console,UK,6,0,6,0.0
U03423,treatment,mobile,US,3,0,5,0.0
U03424,treatment,mobile,DE,3,0,2,0.0
U03425,treatment,console,UK,5,0,3,0.0
U03426,control,console,CA,4,0,3,0.0
U03427,control,mobile,US,4,0,1,0.0
U03428,control,console,US,3,0,8,0.0
U03429,treatment,mobile,UK,5,0,3,0.0
U03430,treatment,desktop,UK,2,0,5,0.0
U03431,treatment,desktop,FR,9,0,6,0.0
U03432,control,console,US,6,1,5,11.57
U03433,treatment,mobile,FR,5,0,6,0.0
U03434,control,console,US,4,0,2,0.0
U03435,treatment,mobile,US,5,0,2,0.0
U03436,control,desktop,US,7,0,3,0.0
U03437,control,desktop,US,3,0,2,0.0
U03438,control,console,UK,4,0,5,0.0
U03439,control,console,UK,6,1,6,15.38
U03440,control,console,CA,3,0,6,0.0
U03441,treatment,desktop,DE,2,0,3,0.0
U03442,control,mobile,UK,6,0,5,0.0
U03443,treatment,console,FR,5,1,5,9.16
U03444,treatment,desktop,US,4,0,2,0.0
U03445,control,mobile,FR,4,1,4,13.84
U03446,control,desktop,CA,4,0,5,0.0
U03447,treatment,mobile,UK,4,0,2,0.0
U03448,treatment,desktop,CA,5,0,3,0.0
U03449,control,mobile,UK,4,1,2,13.13
U03450,treatment,mobile,US,6,0,4,0.0
U03451,control,console,DE,6,0,2,0.0
U03452,control,console,DE,5,0,2,0.0
U03453,control,desktop,UK,3,0,3,0.0
U03454,control,console,UK,3,0,3,0.0
U03455,control,mobile,US,5,0,1,0.0
U03456,control,mobile,US,4,0,4,0.0
U03457,control,console,US,6,0,4,0.0
U03458,treatment,desktop,UK,7,0,2,0.0
U03459,control,console,CA,2,0,5,0.0
U03460,treatment,mobile,FR,8,0,7,0.0
U03461,treatment,mobile,CA,5,0,5,0.0
U03462,control,mobile,UK,6,0,2,0.0
U03463,control,console,UK,2,0,1,0.0
U03464,control,mobile,US,6,0,2,0.0
U03465,treatment,desktop,DE,4,0,5,0.0
U03466,control,mobile,DE,4,0,2,0.0
U03467,treatment,desktop,UK,10,0,4,0.0
U03468,treatment,mobile,FR,8,0,3,0.0
U03469,control,console,US,2,0,2,0.0
U03470,control,desktop,US,7,0,4,0.0
U03471,control,mobile,US,5,0,1,0.0
U03472,treatment,mobile,UK,6,0,4,0.0
U03473,control,mobile,US,2,0,2,0.0
U03474,treatment,desktop,CA,6,0,6,0.0
U03475,control,console,US,7,0,5,0.0
U03476,treatment,mobile,UK,7,0,2,0.0
U03477,control,desktop,US,6,1,7,10.36
U03478,control,mobile,UK,3,0,2,0.0
U03479,control,console,CA,4,0,3,0.0
U03480,control,console,FR,4,0,2,0.0
U03481,control,console,US,4,0,3,0.0
U03482,control,mobile,CA,5,0,3,0.0
U03483,control,mobile,US,4,0,2,0.0
U03484,treatment,console,FR,3,0,4,0.0
U03485,control,mobile,US,5,0,6,0.0
U03486,control,desktop,FR,4,1,2,25.53
U03487,control,console,CA,4,0,3,0.0
U03488,treatment,console,US,5,0,2,0.0
U03489,treatment,desktop,UK,3,0,4,0.0
U03490,control,desktop,UK,3,0,3,0.0
U03491,control,console,US,6,0,1,0.0
U03492,control,mobile,US,6,0,1,0.0
U03493,treatment,console,US,4,0,3,0.0
U03494,control,mobile,US,5,0,3,0.0
U03495,treatment,console,UK,4,0,2,0.0
U03496,control,console,CA,4,0,3,0.0
U03497,treatment,desktop,UK,5,0,2,0.0
U03498,treatment,mobile,UK,4,0,5,0.0
U03499,control,mobile,UK,5,1,4,2.61
U03500,control,console,CA,1,0,3,0.0
U03501,treatment,desktop,US,2,0,8,0.0
U03502,control,mobile,UK,6,0,5,0.0
U03503,control,console,UK,4,0,5,0.0
U03504,control,console,US,2,0,2,0.0
U03505,control,console,CA,3,0,3,0.0
U03506,treatment,desktop,US,4,1,6,9.87
U03507,treatment,console,US,7,1,1,42.25
U03508,treatment,console,US,3,0,3,0.0
U03509,treatment,mobile,UK,8,0,2,0.0
U03510,control,console,US,2,0,2,0.0
U03511,control,desktop,US,4,1,1,6.55
U03512,treatment,console,DE,5,0,4,0.0
U03513,treatment,console,UK,2,0,1,0.0
U03514,control,desktop,UK,4,0,2,0.0
U03515,treatment,mobile,US,4,1,4,24.68
U03516,treatment,mobile,DE,4,0,0,0.0
U03517,treatment,mobile,US,6,0,3,0.0
U03518,control,desktop,FR,7,0,5,0.0
U03519,control,console,FR,8,1,3,13.09
U03520,treatment,mobile,CA,10,0,4,0.0
U03521,control,mobile,US,14,0,3,0.0
U03522,control,desktop,CA,4,0,1,0.0
U03523,control,mobile,DE,4,0,4,0.0
U03524,treatment,mobile,DE,4,0,3,0.0
U03525,control,mobile,US,2,0,1,0.0
U03526,treatment,desktop,UK,8,0,6,0.0
U03527,treatment,desktop,US,5,0,7,0.0
U03528,treatment,console,FR,8,0,3,0.0
U03529,control,mobile,CA,8,0,2,0.0
U03530,treatment,mobile,US,10,0,5,0.0
U03531,treatment,console,CA,4,0,3,0.0
U03532,control,console,UK,4,1,3,9.97
U03533,treatment,mobile,CA,2,0,1,0.0
U03534,control,console,US,7,0,2,0.0
U03535,treatment,console,DE,5,1,3,11.39
U03536,control,console,US,7,0,4,0.0
U03537,control,mobile,CA,10,0,4,0.0
U03538,control,mobile,UK,4,1,5,11.47
U03539,control,mobile,US,7,1,2,36.64
U03540,control,console,FR,3,1,3,29.65
U03541,treatment,console,UK,7,0,3,0.0
U03542,treatment,desktop,US,3,0,4,0.0
U03543,treatment,mobile,US,7,0,3,0.0
U03544,control,mobile,FR,5,0,5,0.0
U03545,control,desktop,CA,3,0,2,0.0
U03546,control,console,US,3,1,3,23.78
U03547,control,mobile,DE,5,0,6,0.0
U03548,treatment,desktop,US,9,0,3,0.0
U03549,treatment,desktop,DE,7,0,3,0.0
U03550,treatment,console,US,4,0,4,0.0
U03551,treatment,console,US,5,0,2,0.0
U03552,control,mobile,US,4,0,4,0.0
U03553,control,desktop,UK,3,0,4,0.0
U03554,control,console,DE,7,0,6,0.0
U03555,control,console,UK,4,0,4,0.0
U03556,treatment,desktop,CA,6,0,5,0.0
U03557,control,mobile,FR,3,1,4,26.6
U03558,control,desktop,DE,8,0,5,0.0
U03559,treatment,desktop,FR,10,0,0,0.0
U03560,treatment,mobile,CA,6,0,5,0.0
U03561,treatment,console,FR,5,0,6,0.0
U03562,control,mobile,DE,3,0,8,0.0
U03563,treatment,console,US,8,0,4,0.0
U03564,treatment,mobile,FR,4,0,6,0.0
U03565,control,mobile,DE,4,0,6,0.0
U03566,treatment,desktop,US,6,0,6,0.0
U03567,treatment,desktop,US,3,0,4,0.0
U03568,control,console,US,3,0,2,0.0
U03569,treatment,desktop,FR,3,0,3,0.0
U03570,treatment,mobile,FR,4,0,2,0.0
U03571,treatment,console,UK,4,0,3,0.0
U03572,treatment,desktop,UK,5,1,4,31.88
U03573,control,mobile,CA,10,1,2,20.45
U03574,control,console,UK,2,0,3,0.0
U03575,treatment,mobile,DE,8,0,2,0.0
U03576,treatment,mobile,US,6,0,4,0.0
U03577,control,desktop,US,6,0,8,0.0
U03578,treatment,desktop,UK,4,0,4,0.0
U03579,treatment,desktop,UK,3,1,5,29.31
U03580,treatment,console,US,5,0,7,0.0
U03581,treatment,mobile,US,7,0,6,0.0
U03582,treatment,console,FR,5,0,5,0.0
U03583,treatment,mobile,CA,2,1,6,27.21
U03584,treatment,mobile,FR,4,0,3,0.0
U03585,treatment,mobile,US,6,1,4,45.6
U03586,treatment,mobile,US,3,1,3,5.89
U03587,control,mobile,UK,7,0,3,0.0
U03588,treatment,console,DE,9,0,7,0.0
U03589,treatment,console,US,9,0,3,0.0
U03590,control,desktop,FR,4,0,4,0.0
U03591,treatment,mobile,DE,1,0,3,0.0
U03592,control,console,UK,7,0,4,0.0
U03593,control,mobile,US,4,0,0,0.0
U03594,treatment,desktop,DE,4,0,5,0.0
U03595,control,desktop,FR,2,0,0,0.0
U03596,treatment,mobile,US,3,0,4,0.0
U03597,treatment,desktop,DE,4,0,6,0.0
U03598,control,console,UK,3,0,3,0.0
U03599,treatment,mobile,CA,6,1,6,12.97
U03600,control,desktop,US,7,0,6,0.0
U03601,treatment,console,FR,7,0,4,0.0
U03602,control,mobile,US,4,1,4,30.77
U03603,control,mobile,CA,4,0,6,0.0
U03604,treatment,desktop,DE,3,1,2,22.91
U03605,treatment,console,UK,4,0,2,0.0
U03606,control,mobile,US,4,0,2,0.0
U03607,treatment,desktop,US,5,0,3,0.0
U03608,control,mobile,FR,4,0,4,0.0
U03609,control,console,FR,3,0,1,0.0
U03610,treatment,console,US,4,1,5,8.26
U03611,control,desktop,US,3,0,2,0.0
U03612,treatment,console,FR,5,0,1,0.0
U03613,control,desktop,FR,8,0,4,0.0
U03614,control,console,US,6,0,3,0.0
U03615,control,mobile,DE,10,0,3,0.0
U03616,treatment,mobile,US,6,0,6,0.0
U03617,treatment,console,US,5,0,6,0.0
U03618,treatment,mobile,CA,3,0,6,0.0
U03619,treatment,mobile,DE,4,0,3,0.0
U03620,control,console,UK,8,0,8,0.0
U03621,control,desktop,US,4,0,4,0.0
U03622,control,mobile,US,8,1,4,11.71
U03623,control,mobile,US,4,0,1,0.0
U03624,treatment,mobile,CA,6,0,6,0.0
U03625,treatment,mobile,UK,3,0,5,0.0
U03626,control,mobile,US,6,1,2,12.55
U03627,treatment,desktop,FR,2,0,1,0.0
U03628,treatment,console,UK,5,0,2,0.0
U03629,treatment,mobile,US,3,0,1,0.0
U03630,control,mobile,DE,6,0,4,0.0
U03631,treatment,desktop,US,5,1,7,7.7
U03632,treatment,mobile,US,2,0,4,0.0
U03633,treatment,mobile,US,6,0,3,0.0
U03634,control,mobile,CA,4,0,2,0.0
U03635,control,desktop,FR,7,0,4,0.0
U03636,control,mobile,UK,2,0,4,0.0
U03637,treatment,mobile,US,5,0,2,0.0
U03638,control,desktop,DE,7,0,6,0.0
U03639,control,console,US,2,0,1,0.0
U03640,control,desktop,US,4,0,3,0.0
U03641,treatment,console,US,5,1,2,33.42
U03642,control,desktop,US,5,0,6,0.0
U03643,control,mobile,CA,3,0,3,0.0
U03644,treatment,mobile,UK,5,0,3,0.0
U03645,treatment,mobile,UK,1,0,3,0.0
U03646,control,mobile,FR,7,1,5,18.12
U03647,control,mobile,FR,6,0,4,0.0
U03648,treatment,mobile,US,7,0,3,0.0
U03649,treatment,desktop,FR,3,0,3,0.0
U03650,treatment,desktop,FR,4,0,6,0.0
U03651,treatment,mobile,US,7,0,4,0.0
U03652,control,desktop,DE,7,0,3,0.0
U03653,control,mobile,DE,5,1,4,33.38
U03654,treatment,desktop,US,9,0,3,0.0
U03655,treatment,desktop,CA,8,0,5,0.0
U03656,control,mobile,CA,6,0,1,0.0
U03657,control,mobile,US,4,0,6,0.0
U03658,treatment,console,UK,7,0,2,0.0
U03659,control,desktop,CA,4,0,2,0.0
U03660,treatment,desktop,US,5,1,4,31.57
U03661,treatment,mobile,UK,4,0,5,0.0
U03662,control,mobile,DE,7,0,3,0.0
U03663,control,mobile,DE,6,0,2,0.0
U03664,treatment,console,UK,6,0,2,0.0
U03665,control,mobile,US,3,0,6,0.0
U03666,treatment,mobile,FR,3,1,6,4.79
U03667,control,console,CA,3,0,2,0.0
U03668,treatment,desktop,US,4,0,2,0.0
U03669,treatment,mobile,UK,7,0,4,0.0
U03670,treatment,desktop,US,8,0,2,0.0
U03671,treatment,desktop,US,5,0,4,0.0
U03672,treatment,console,US,6,0,1,0.0
U03673,control,mobile,DE,4,0,3,0.0
U03674,control,console,UK,6,0,6,0.0
U03675,treatment,mobile,FR,4,0,3,0.0
U03676,control,console,FR,6,0,0,0.0
U03677,control,console,FR,7,0,4,0.0
U03678,control,console,US,4,0,3,0.0
U03679,treatment,console,DE,3,0,4,0.0
U03680,treatment,desktop,US,4,0,1,0.0
U03681,control,mobile,US,8,0,6,0.0
U03682,treatment,mobile,DE,11,0,3,0.0
U03683,treatment,mobile,FR,2,0,3,0.0
U03684,treatment,desktop,FR,7,0,1,0.0
U03685,control,mobile,US,7,0,6,0.0
U03686,treatment,desktop,DE,5,0,1,0.0
U03687,treatment,desktop,US,8,0,5,0.0
U03688,control,console,DE,4,0,2,0.0
U03689,treatment,mobile,US,6,0,5,0.0
U03690,control,console,FR,5,0,4,0.0
U03691,control,desktop,CA,3,0,2,0.0
U03692,treatment,console,US,5,0,1,0.0
U03693,control,console,FR,2,0,7,0.0
U03694,control,mobile,DE,4,0,4,0.0
U03695,treatment,mobile,US,2,0,3,0.0
U03696,control,console,US,6,0,4,0.0
U03697,treatment,desktop,US,6,0,6,0.0
U03698,control,console,US,6,0,3,0.0
U03699,treatment,console,UK,2,0,1,0.0
U03700,control,desktop,DE,5,0,0,0.0
U03701,treatment,console,US,3,0,1,0.0
U03702,control,console,US,6,0,2,0.0
U03703,control,console,FR,6,0,0,0.0
U03704,treatment,mobile,DE,5,0,3,0.0
U03705,control,mobile,UK,4,0,0,0.0
U03706,control,mobile,DE,3,0,3,0.0
U03707,treatment,mobile,US,5,0,4,0.0
U03708,control,console,FR,8,0,3,0.0
U03709,treatment,console,UK,5,0,7,0.0
U03710,control,mobile,UK,7,0,6,0.0
U03711,control,mobile,CA,6,0,5,0.0
U03712,control,desktop,US,8,0,1,0.0
U03713,control,console,UK,4,0,6,0.0
U03714,treatment,desktop,US,7,0,6,0.0
U03715,treatment,mobile,US,7,1,2,26.48
U03716,treatment,mobile,FR,3,0,5,0.0
U03717,treatment,desktop,UK,10,0,1,0.0
U03718,control,desktop,UK,8,0,5,0.0
U03719,treatment,console,FR,8,1,2,13.79
U03720,control,console,US,7,0,4,0.0
U03721,treatment,mobile,UK,7,1,6,14.39
U03722,treatment,mobile,UK,11,0,4,0.0
U03723,control,mobile,FR,4,0,6,0.0
U03724,control,mobile,US,8,1,4,4.83
U03725,control,mobile,DE,8,0,3,0.0
U03726,treatment,mobile,DE,2,0,5,0.0
U03727,treatment,mobile,US,3,0,3,0.0
U03728,treatment,console,FR,5,0,3,0.0
U03729,control,mobile,CA,8,0,6,0.0
U03730,treatment,console,DE,7,0,3,0.0
U03731,treatment,mobile,FR,6,1,4,7.07
U03732,control,mobile,UK,2,0,1,0.0
U03733,treatment,mobile,US,3,0,0,0.0
U03734,control,mobile,DE,5,0,3,0.0
U03735,treatment,mobile,US,1,0,1,0.0
U03736,treatment,console,UK,4,0,3,0.0
U03737,treatment,console,UK,3,0,4,0.0
U03738,treatment,mobile,US,7,0,4,0.0
U03739,control,mobile,FR,4,0,7,0.0
U03740,treatment,mobile,UK,9,1,3,24.82
U03741,treatment,console,DE,4,0,5,0.0
U03742,control,mobile,UK,5,0,4,0.0
U03743,control,mobile,US,5,1,1,1.96
U03744,control,console,US,4,0,2,0.0
U03745,treatment,console,UK,3,0,5,0.0
U03746,treatment,desktop,US,6,0,5,0.0
U03747,control,mobile,US,7,0,3,0.0
U03748,treatment,mobile,US,7,0,3,0.0
U03749,control,mobile,DE,5,0,4,0.0
U03750,control,desktop,CA,2,0,3,0.0
U03751,control,console,DE,5,0,1,0.0
U03752,control,mobile,US,6,0,1,0.0
U03753,treatment,console,US,6,0,2,0.0
U03754,control,desktop,US,3,0,4,0.0
U03755,control,console,US,4,0,6,0.0
U03756,treatment,mobile,US,4,0,4,0.0
U03757,control,mobile,US,7,1,7,9.58
U03758,control,mobile,FR,4,1,1,30.39
U03759,treatment,desktop,US,5,0,3,0.0
U03760,treatment,mobile,UK,5,0,0,0.0
U03761,control,mobile,DE,4,0,5,0.0
U03762,control,console,FR,5,0,1,0.0
U03763,control,desktop,FR,6,0,4,0.0
U03764,control,desktop,US,7,1,1,14.26
U03765,treatment,desktop,DE,4,0,6,0.0
U03766,treatment,desktop,CA,5,0,3,0.0
U03767,control,desktop,UK,5,1,5,19.83
U03768,control,mobile,US,4,0,4,0.0
U03769,control,mobile,US,6,0,4,0.0
U03770,treatment,mobile,FR,8,0,4,0.0
U03771,control,mobile,US,9,0,3,0.0
U03772,treatment,desktop,DE,9,0,5,0.0
U03773,treatment,desktop,UK,3,1,3,15.73
U03774,treatment,mobile,UK,4,0,4,0.0
U03775,control,console,UK,4,0,2,0.0
U03776,control,desktop,US,4,0,5,0.0
U03777,control,desktop,FR,8,0,5,0.0
U03778,treatment,console,UK,4,0,3,0.0
U03779,control,mobile,UK,3,0,3,0.0
U03780,control,mobile,FR,5,0,2,0.0
U03781,treatment,mobile,US,6,1,5,8.59
U03782,control,desktop,US,3,0,2,0.0
U03783,treatment,mobile,UK,6,0,7,0.0
U03784,control,console,CA,10,0,9,0.0
U03785,control,mobile,US,4,0,2,0.0
U03786,control,desktop,UK,5,1,5,27.6
U03787,control,desktop,DE,4,0,4,0.0
U03788,treatment,mobile,US,4,0,2,0.0
U03789,control,desktop,US,3,0,3,0.0
U03790,treatment,desktop,US,5,0,4,0.0
U03791,treatment,console,US,4,1,3,29.04
U03792,treatment,desktop,DE,6,0,1,0.0
U03793,treatment,desktop,UK,5,1,3,19.81
U03794,treatment,mobile,FR,4,0,5,0.0
U03795,treatment,desktop,UK,5,1,3,21.45
U03796,treatment,mobile,DE,10,0,1,0.0
U03797,control,mobile,UK,5,0,4,0.0
U03798,control,mobile,US,7,0,2,0.0
U03799,treatment,desktop,US,8,0,4,0.0
U03800,treatment,mobile,DE,2,0,2,0.0
U03801,treatment,console,FR,7,0,2,0.0
U03802,control,mobile,US,5,0,3,0.0
U03803,treatment,mobile,FR,4,0,2,0.0
U03804,treatment,mobile,CA,2,0,5,0.0
U03805,control,mobile,CA,4,0,2,0.0
U03806,treatment,mobile,US,4,0,4,0.0
U03807,treatment,desktop,UK,1,0,3,0.0
U03808,control,mobile,DE,5,0,6,0.0
U03809,treatment,mobile,US,5,0,3,0.0
U03810,control,mobile,FR,5,0,3,0.0
U03811,treatment,mobile,UK,4,0,2,0.0
U03812,control,console,FR,6,0,4,0.0
U03813,control,mobile,UK,4,0,4,0.0
U03814,control,console,FR,5,0,6,0.0
U03815,treatment,desktop,DE,6,0,7,0.0
U03816,treatment,mobile,UK,7,1,4,21.8
U03817,control,console,US,8,0,4,0.0
U03818,treatment,mobile,US,2,0,1,0.0
U03819,treatment,console,FR,6,0,2,0.0
U03820,control,desktop,US,5,0,2,0.0
U03821,treatment,mobile,US,7,0,3,0.0
U03822,control,console,US,5,0,1,0.0
U03823,treatment,mobile,DE,3,1,3,11.0
U03824,treatment,console,UK,7,0,1,0.0
U03825,control,console,CA,3,0,1,0.0
U03826,treatment,mobile,DE,5,0,2,0.0
U03827,control,mobile,FR,7,0,2,0.0
U03828,control,console,FR,7,0,7,0.0
U03829,treatment,mobile,US,7,0,1,0.0
U03830,treatment,desktop,US,4,0,2,0.0
U03831,control,mobile,US,3,0,1,0.0
U03832,control,mobile,US,5,0,5,0.0
U03833,treatment,desktop,UK,6,1,2,6.15
U03834,treatment,desktop,FR,5,0,4,0.0
U03835,treatment,desktop,US,5,0,1,0.0
U03836,treatment,desktop,US,6,1,3,9.32
U03837,treatment,mobile,US,8,0,5,0.0
U03838,treatment,mobile,UK,7,0,2,0.0
U03839,control,mobile,US,7,1,2,62.18
U03840,treatment,mobile,US,4,0,2,0.0
U03841,control,mobile,FR,3,0,1,0.0
U03842,control,desktop,DE,9,0,5,0.0
U03843,control,mobile,UK,7,0,3,0.0
U03844,control,mobile,DE,3,0,1,0.0
U03845,treatment,desktop,US,4,0,6,0.0
U03846,treatment,mobile,UK,7,0,3,0.0
U03847,control,console,UK,3,0,4,0.0
U03848,control,mobile,UK,6,0,6,0.0
U03849,treatment,mobile,FR,8,0,3,0.0
U03850,control,console,FR,6,0,2,0.0
U03851,treatment,desktop,DE,4,0,1,0.0
U03852,control,console,UK,4,0,2,0.0
U03853,control,mobile,US,3,0,3,0.0
U03854,treatment,mobile,US,8,0,3,0.0
U03855,treatment,desktop,US,7,0,1,0.0
U03856,treatment,mobile,US,4,0,1,0.0
U03857,treatment,desktop,UK,4,0,4,0.0
U03858,treatment,mobile,UK,6,1,3,15.89
U03859,treatment,mobile,US,5,1,5,20.92
U03860,treatment,mobile,US,3,1,2,23.67
U03861,control,console,DE,2,0,4,0.0
U03862,control,mobile,FR,6,0,5,0.0
U03863,treatment,console,DE,5,0,8,0.0
U03864,treatment,mobile,CA,3,0,2,0.0
U03865,control,desktop,DE,7,0,7,0.0
U03866,control,mobile,FR,5,0,4,0.0
U03867,control,desktop,DE,5,0,4,0.0
U03868,control,console,FR,6,0,4,0.0
U03869,control,desktop,US,8,0,8,0.0
U03870,treatment,mobile,US,6,0,2,0.0
U03871,treatment,desktop,US,4,0,4,0.0
U03872,treatment,mobile,US,5,0,2,0.0
U03873,treatment,desktop,US,7,0,1,0.0
U03874,control,desktop,CA,3,0,3,0.0
U03875,control,mobile,DE,8,0,7,0.0
U03876,control,desktop,US,3,0,3,0.0
U03877,treatment,desktop,US,4,0,5,0.0
U03878,treatment,mobile,FR,1,0,3,0.0
U03879,control,mobile,FR,5,0,3,0.0
U03880,treatment,mobile,DE,6,0,1,0.0
U03881,control,console,UK,7,0,3,0.0
U03882,treatment,desktop,FR,9,0,1,0.0
U03883,control,mobile,CA,6,0,2,0.0
U03884,control,mobile,FR,5,0,1,0.0
U03885,treatment,mobile,DE,4,0,0,0.0
U03886,treatment,mobile,UK,3,0,1,0.0
U03887,control,mobile,CA,5,0,2,0.0
U03888,control,mobile,UK,4,0,5,0.0
U03889,control,mobile,UK,6,0,4,0.0
U03890,treatment,desktop,DE,6,0,2,0.0
U03891,treatment,desktop,US,4,0,2,0.0
U03892,control,mobile,FR,3,0,7,0.0
U03893,control,desktop,DE,5,0,2,0.0
U03894,control,mobile,UK,5,0,2,0.0
U03895,control,mobile,DE,6,1,3,14.29
U03896,treatment,console,FR,8,0,3,0.0
U03897,treatment,desktop,FR,2,0,3,0.0
U03898,control,mobile,UK,4,1,2,7.72
U03899,control,mobile,US,8,0,6,0.0
U03900,control,desktop,UK,7,0,3,0.0
U03901,treatment,mobile,FR,5,1,5,19.81
U03902,control,console,DE,5,0,4,0.0
U03903,control,mobile,US,3,0,4,0.0
U03904,control,mobile,US,8,1,2,18.36
U03905,control,desktop,FR,8,0,5,0.0
U03906,treatment,desktop,FR,5,0,7,0.0
U03907,control,desktop,US,9,0,5,0.0
U03908,control,console,UK,6,1,5,12.9
U03909,treatment,console,US,4,0,4,0.0
U03910,treatment,mobile,FR,4,0,2,0.0
U03911,treatment,mobile,US,6,0,4,0.0
U03912,control,mobile,FR,5,1,3,12.27
U03913,control,desktop,US,6,0,9,0.0
U03914,control,desktop,US,2,0,4,0.0
U03915,control,mobile,UK,6,0,3,0.0
U03916,control,console,US,3,0,3,0.0
U03917,treatment,mobile,UK,5,0,1,0.0
U03918,control,console,US,9,0,3,0.0
U03919,control,console,US,6,0,3,0.0
U03920,control,mobile,FR,10,0,4,0.0
U03921,control,mobile,US,6,1,5,18.61
U03922,treatment,mobile,US,7,0,0,0.0
U03923,treatment,console,UK,4,0,4,0.0
U03924,control,mobile,US,2,0,3,0.0
U03925,control,console,DE,5,0,2,0.0
U03926,treatment,desktop,DE,4,0,2,0.0
U03927,control,desktop,DE,5,0,4,0.0
U03928,control,console,FR,3,0,3,0.0
U03929,treatment,mobile,US,4,1,1,14.16
U03930,treatment,desktop,US,6,0,2,0.0
U03931,control,mobile,UK,4,0,2,0.0
U03932,treatment,mobile,US,4,0,2,0.0
U03933,control,mobile,US,5,0,3,0.0
U03934,treatment,mobile,DE,5,0,3,0.0
U03935,treatment,desktop,FR,7,1,6,3.95
U03936,treatment,mobile,US,2,0,1,0.0
U03937,treatment,desktop,US,6,0,5,0.0
U03938,control,mobile,FR,5,0,2,0.0
U03939,control,desktop,FR,6,1,3,34.53
U03940,treatment,console,DE,4,0,3,0.0
U03941,control,desktop,US,3,0,3,0.0
U03942,control,console,US,4,0,5,0.0
U03943,treatment,mobile,DE,6,0,7,0.0
U03944,control,mobile,UK,8,0,5,0.0
U03945,control,desktop,US,6,1,5,5.83
U03946,control,mobile,UK,5,0,2,0.0
U03947,treatment,desktop,DE,3,0,3,0.0
U03948,control,console,US,5,1,4,21.17
U03949,treatment,mobile,UK,3,0,1,0.0
U03950,treatment,console,US,2,0,2,0.0
U03951,treatment,mobile,UK,5,0,3,0.0
U03952,treatment,desktop,FR,8,0,7,0.0
U03953,control,mobile,CA,5,0,4,0.0
U03954,control,desktop,US,3,0,3,0.0
U03955,control,mobile,UK,8,0,3,0.0
U03956,treatment,console,FR,4,0,2,0.0
U03957,treatment,console,FR,8,0,3,0.0
U03958,control,desktop,FR,5,0,1,0.0
U03959,treatment,desktop,US,4,0,4,0.0
U03960,control,desktop,UK,6,0,4,0.0
U03961,control,desktop,CA,3,0,2,0.0
U03962,treatment,desktop,US,8,0,7,0.0
U03963,treatment,desktop,US,5,0,3,0.0
U03964,control,console,FR,11,0,5,0.0
U03965,control,desktop,DE,3,0,3,0.0
U03966,control,mobile,UK,3,0,7,0.0
U03967,treatment,console,CA,11,0,2,0.0
U03968,control,mobile,US,3,0,0,0.0
U03969,control,mobile,UK,1,0,5,0.0
U03970,control,console,UK,7,0,1,0.0
U03971,treatment,mobile,US,9,0,2,0.0
U03972,treatment,mobile,US,7,0,5,0.0
U03973,treatment,desktop,UK,7,0,5,0.0
U03974,control,console,US,2,0,1,0.0
U03975,treatment,mobile,US,8,0,4,0.0
U03976,control,desktop,US,5,0,3,0.0
U03977,treatment,mobile,CA,3,1,2,22.33
U03978,treatment,mobile,US,8,0,3,0.0
U03979,treatment,mobile,FR,5,0,4,0.0
U03980,treatment,mobile,US,6,0,5,0.0
U03981,treatment,console,UK,2,0,5,0.0
U03982,treatment,desktop,UK,9,0,0,0.0
U03983,control,console,CA,9,0,2,0.0
U03984,treatment,console,UK,10,0,8,0.0
U03985,treatment,console,US,11,1,6,18.54
U03986,control,desktop,US,6,0,2,0.0
U03987,control,mobile,DE,5,0,5,0.0
U03988,control,console,US,2,0,3,0.0
U03989,treatment,desktop,UK,4,0,2,0.0
U03990,treatment,mobile,US,5,0,1,0.0
U03991,control,mobile,FR,4,0,2,0.0
U03992,treatment,mobile,FR,6,0,4,0.0
U03993,control,desktop,CA,6,0,3,0.0
U03994,control,console,US,4,0,3,0.0
U03995,treatment,desktop,UK,5,0,3,0.0
U03996,control,mobile,UK,6,1,1,6.53
U03997,treatment,mobile,FR,4,1,3,12.26
U03998,treatment,console,DE,5,0,1,0.0
U03999,treatment,mobile,DE,4,0,4,0.0
U04000,treatment,mobile,US,3,0,3,0.0
U04001,control,console,US,4,0,2,0.0
U04002,control,console,US,4,0,2,0.0
U04003,treatment,desktop,US,8,0,4,0.0
U04004,control,desktop,US,8,0,5,0.0
U04005,control,mobile,US,5,0,2,0.0
U04006,treatment,console,UK,4,1,7,10.53
U04007,control,desktop,US,1,1,4,42.29
U04008,control,desktop,CA,2,0,2,0.0
U04009,treatment,mobile,CA,4,0,4,0.0
U04010,control,desktop,FR,8,0,4,0.0
U04011,control,mobile,FR,7,0,6,0.0
U04012,control,desktop,UK,4,1,5,16.79
U04013,control,desktop,UK,2,0,6,0.0
U04014,control,console,UK,11,0,5,0.0
U04015,treatment,mobile,UK,5,0,6,0.0
U04016,control,console,DE,6,0,3,0.0
U04017,control,mobile,UK,2,0,1,0.0
U04018,treatment,desktop,CA,6,0,3,0.0
U04019,control,mobile,DE,2,0,2,0.0
U04020,control,mobile,UK,7,1,2,8.3
U04021,treatment,console,FR,2,0,2,0.0
U04022,treatment,mobile,FR,4,0,1,0.0
U04023,treatment,console,US,8,0,1,0.0
U04024,control,mobile,UK,3,0,2,0.0
U04025,control,desktop,US,7,0,5,0.0
U04026,control,mobile,US,4,0,5,0.0
U04027,treatment,desktop,DE,10,0,3,0.0
U04028,treatment,console,US,2,0,2,0.0
U04029,treatment,desktop,FR,2,0,5,0.0
U04030,control,mobile,US,6,0,3,0.0
U04031,control,console,CA,6,0,3,0.0
U04032,control,desktop,UK,4,0,2,0.0
U04033,control,mobile,FR,4,0,1,0.0
U04034,control,desktop,UK,9,0,8,0.0
U04035,control,desktop,FR,4,0,7,0.0
U04036,control,console,FR,3,0,3,0.0
U04037,control,mobile,US,5,0,5,0.0
U04038,control,mobile,UK,5,0,2,0.0
U04039,treatment,console,CA,7,0,7,0.0
U04040,control,desktop,CA,6,1,9,29.64
U04041,treatment,desktop,FR,4,0,2,0.0
U04042,treatment,console,US,7,0,3,0.0
U04043,treatment,mobile,UK,10,0,3,0.0
U04044,control,mobile,US,6,0,3,0.0
U04045,treatment,console,DE,4,0,3,0.0
U04046,control,desktop,UK,8,0,5,0.0
U04047,treatment,console,UK,3,0,2,0.0
U04048,control,desktop,CA,5,0,4,0.0
U04049,control,mobile,DE,3,0,1,0.0
U04050,treatment,mobile,DE,4,0,4,0.0
U04051,treatment,mobile,CA,3,0,4,0.0
U04052,treatment,console,US,4,0,8,0.0
U04053,control,mobile,US,5,1,1,7.35
U04054,control,desktop,CA,5,1,1,25.5
U04055,control,mobile,CA,3,0,0,0.0
U04056,treatment,mobile,UK,5,0,5,0.0
U04057,control,mobile,US,5,0,3,0.0
U04058,treatment,desktop,US,6,0,4,0.0
U04059,treatment,mobile,UK,4,0,2,0.0
U04060,control,console,US,4,0,1,0.0
U04061,treatment,console,UK,5,0,4,0.0
U04062,treatment,mobile,DE,5,0,4,0.0
U04063,control,console,UK,6,0,5,0.0
U04064,control,mobile,FR,7,0,3,0.0
U04065,treatment,mobile,US,5,0,5,0.0
U04066,control,mobile,US,6,0,5,0.0
U04067,treatment,console,FR,13,0,5,0.0
U04068,control,desktop,DE,3,1,6,12.89
U04069,treatment,mobile,FR,4,0,8,0.0
U04070,treatment,desktop,FR,5,0,1,0.0
U04071,treatment,desktop,FR,5,0,3,0.0
U04072,control,desktop,FR,5,0,1,0.0
U04073,control,desktop,DE,6,0,2,0.0
U04074,control,console,US,7,0,2,0.0
U04075,treatment,desktop,DE,4,0,5,0.0
U04076,control,mobile,US,5,1,0,11.91
U04077,control,console,CA,4,0,7,0.0
U04078,control,mobile,US,5,0,5,0.0
U04079,control,desktop,US,1,0,4,0.0
U04080,control,desktop,US,1,0,1,0.0
U04081,treatment,mobile,US,6,0,4,0.0
U04082,control,mobile,US,3,0,4,0.0
U04083,treatment,desktop,US,6,1,7,20.49
U04084,control,console,CA,5,0,5,0.0
U04085,control,console,US,1,0,2,0.0
U04086,treatment,desktop,CA,5,0,5,0.0
U04087,control,mobile,FR,6,0,3,0.0
U04088,treatment,mobile,UK,2,0,3,0.0
U04089,treatment,console,US,3,0,2,0.0
U04090,control,mobile,CA,8,1,8,21.91
U04091,control,desktop,FR,4,0,5,0.0
U04092,treatment,mobile,UK,4,0,0,0.0
U04093,treatment,mobile,US,6,0,5,0.0
U04094,treatment,desktop,US,9,0,2,0.0
U04095,control,desktop,DE,4,1,3,9.28
U04096,control,desktop,UK,2,0,3,0.0
U04097,control,mobile,US,3,0,6,0.0
U04098,control,console,US,4,0,6,0.0
U04099,control,desktop,US,3,0,1,0.0
U04100,treatment,console,US,9,0,5,0.0
U04101,control,desktop,DE,2,0,4,0.0
U04102,control,mobile,FR,5,0,3,0.0
U04103,treatment,desktop,DE,3,0,5,0.0
U04104,control,desktop,CA,3,0,3,0.0
U04105,treatment,desktop,FR,9,0,2,0.0
U04106,control,desktop,UK,4,0,2,0.0
U04107,control,mobile,UK,9,0,6,0.0
U04108,control,console,DE,3,0,2,0.0
U04109,control,mobile,DE,6,0,2,0.0
U04110,control,mobile,CA,5,1,3,33.08
U04111,control,console,UK,7,0,4,0.0
U04112,treatment,mobile,US,6,1,5,10.26
U04113,treatment,console,FR,8,0,4,0.0
U04114,treatment,mobile,FR,5,0,3,0.0
U04115,treatment,mobile,US,6,0,2,0.0
U04116,treatment,mobile,US,5,0,3,0.0
U04117,treatment,mobile,FR,4,0,9,0.0
U04118,treatment,mobile,US,6,0,4,0.0
U04119,control,mobile,FR,4,0,4,0.0
U04120,control,mobile,CA,4,0,3,0.0
U04121,control,mobile,US,4,0,3,0.0
U04122,treatment,mobile,US,7,0,3,0.0
U04123,treatment,mobile,CA,5,0,3,0.0
U04124,control,mobile,US,3,0,1,0.0
U04125,control,mobile,UK,6,0,2,0.0
U04126,control,mobile,US,4,0,2,0.0
U04127,control,mobile,DE,4,0,3,0.0
U04128,control,mobile,US,2,0,2,0.0
U04129,control,mobile,DE,1,0,5,0.0
U04130,treatment,console,US,3,0,2,0.0
U04131,treatment,mobile,UK,4,0,3,0.0
U04132,treatment,mobile,US,4,0,7,0.0
U04133,control,desktop,US,5,0,5,0.0
U04134,treatment,desktop,FR,7,0,8,0.0
U04135,treatment,mobile,US,5,0,4,0.0
U04136,control,console,FR,4,0,2,0.0
U04137,control,desktop,UK,8,0,2,0.0
U04138,treatment,console,US,7,1,3,20.69
U04139,control,console,US,8,0,7,0.0
U04140,control,desktop,FR,5,1,6,25.29
U04141,control,desktop,DE,6,0,5,0.0
U04142,control,mobile,FR,5,0,3,0.0
U04143,treatment,console,US,5,0,1,0.0
U04144,treatment,desktop,CA,5,0,2,0.0
U04145,treatment,mobile,FR,4,0,4,0.0
U04146,control,mobile,CA,7,0,1,0.0
U04147,control,desktop,US,6,1,9,19.26
U04148,treatment,desktop,UK,7,0,3,0.0
U04149,treatment,console,DE,6,0,7,0.0
U04150,treatment,mobile,US,5,0,6,0.0
U04151,control,console,FR,3,0,3,0.0
U04152,control,mobile,UK,4,0,4,0.0
U04153,control,desktop,US,3,0,1,0.0
U04154,treatment,mobile,UK,3,0,3,0.0
U04155,treatment,mobile,US,3,0,1,0.0
U04156,treatment,mobile,UK,5,0,2,0.0
U04157,control,mobile,CA,3,0,1,0.0
U04158,control,mobile,UK,6,0,4,0.0
U04159,control,console,US,10,0,3,0.0
U04160,treatment,mobile,UK,7,0,3,0.0
U04161,control,desktop,UK,2,0,0,0.0
U04162,control,desktop,US,6,0,4,0.0
U04163,control,mobile,UK,3,0,2,0.0
U04164,control,console,US,5,0,1,0.0
U04165,control,console,UK,2,0,1,0.0
U04166,control,console,DE,6,1,2,46.02
U04167,control,console,FR,6,0,2,0.0
U04168,control,desktop,FR,6,0,3,0.0
U04169,control,console,UK,5,0,3,0.0
U04170,treatment,mobile,US,3,0,2,0.0
U04171,control,mobile,UK,4,0,5,0.0
U04172,treatment,desktop,US,5,0,3,0.0
U04173,treatment,mobile,FR,5,0,4,0.0
U04174,treatment,desktop,UK,3,0,3,0.0
U04175,treatment,mobile,US,5,0,4,0.0
U04176,treatment,mobile,FR,2,1,3,32.47
U04177,treatment,console,US,5,0,2,0.0
U04178,treatment,mobile,US,4,1,2,33.14
U04179,treatment,mobile,CA,9,0,4,0.0
U04180,control,desktop,UK,5,0,3,0.0
U04181,control,console,FR,6,0,4,0.0
U04182,control,console,UK,7,0,4,0.0
U04183,control,mobile,CA,11,0,5,0.0
U04184,treatment,console,FR,5,1,2,64.16
U04185,control,desktop,US,3,0,1,0.0
U04186,control,console,CA,4,0,2,0.0
U04187,treatment,mobile,UK,8,0,6,0.0
U04188,treatment,mobile,FR,7,0,4,0.0
U04189,treatment,desktop,DE,2,0,1,0.0
U04190,control,desktop,UK,3,0,7,0.0
U04191,control,mobile,US,4,0,1,0.0
U04192,treatment,desktop,UK,6,0,3,0.0
U04193,control,desktop,US,6,0,2,0.0
U04194,control,mobile,US,4,0,4,0.0
U04195,control,desktop,US,4,0,3,0.0
U04196,treatment,mobile,FR,7,0,6,0.0
U04197,control,console,CA,6,0,8,0.0
U04198,control,desktop,US,3,0,2,0.0
U04199,control,desktop,DE,5,0,3,0.0
U04200,treatment,console,UK,4,0,3,0.0
U04201,treatment,desktop,CA,4,1,3,21.5
U04202,control,mobile,FR,9,0,1,0.0
U04203,treatment,desktop,CA,4,0,4,0.0
U04204,control,console,FR,6,1,3,2.48
U04205,control,mobile,US,7,0,8,0.0
U04206,control,desktop,US,5,0,4,0.0
U04207,treatment,mobile,US,4,1,4,13.05
U04208,treatment,console,UK,3,0,0,0.0
U04209,control,desktop,US,5,0,2,0.0
U04210,treatment,console,US,4,0,2,0.0
U04211,control,desktop,DE,5,0,2,0.0
U04212,control,mobile,DE,4,0,2,0.0
U04213,control,desktop,US,4,0,5,0.0
U04214,treatment,console,DE,10,0,4,0.0
U04215,treatment,mobile,US,4,0,3,0.0
U04216,control,mobile,US,3,0,4,0.0
U04217,control,desktop,US,5,0,8,0.0
U04218,control,desktop,UK,8,0,4,0.0
U04219,treatment,mobile,US,2,0,2,0.0
U04220,treatment,mobile,US,5,0,2,0.0
U04221,control,mobile,UK,6,0,8,0.0
U04222,control,desktop,US,1,0,0,0.0
U04223,treatment,desktop,US,7,0,1,0.0
U04224,control,desktop,FR,5,0,3,0.0
U04225,control,console,UK,5,0,2,0.0
U04226,treatment,mobile,US,11,0,5,0.0
U04227,treatment,desktop,UK,6,0,3,0.0
U04228,treatment,mobile,UK,2,0,3,0.0
U04229,treatment,mobile,US,5,0,4,0.0
U04230,control,desktop,US,6,1,2,12.85
U04231,treatment,desktop,DE,4,0,7,0.0
U04232,control,console,FR,4,0,5,0.0
U04233,control,mobile,CA,6,0,3,0.0
U04234,treatment,mobile,CA,4,0,0,0.0
U04235,treatment,mobile,UK,4,0,4,0.0
U04236,control,desktop,UK,4,0,3,0.0
U04237,treatment,mobile,US,5,0,2,0.0
U04238,control,console,US,5,0,1,0.0
U04239,treatment,console,US,3,0,2,0.0
U04240,treatment,desktop,US,4,0,3,0.0
U04241,treatment,desktop,CA,4,0,5,0.0
U04242,treatment,mobile,US,7,0,4,0.0
U04243,treatment,desktop,CA,4,0,4,0.0
U04244,treatment,desktop,CA,6,0,2,0.0
U04245,treatment,console,US,9,0,3,0.0
U04246,treatment,desktop,UK,4,0,3,0.0
U04247,control,mobile,US,6,0,3,0.0
U04248,treatment,mobile,US,3,1,3,35.88
U04249,control,mobile,FR,5,0,4,0.0
U04250,control,console,CA,11,0,11,0.0
U04251,treatment,console,UK,5,1,4,32.87
U04252,treatment,console,UK,6,0,2,0.0
U04253,treatment,console,FR,5,1,5,23.13
U04254,control,mobile,US,4,0,2,0.0
U04255,control,desktop,FR,9,1,8,2.17
U04256,control,desktop,US,7,0,3,0.0
U04257,control,mobile,UK,7,0,2,0.0
U04258,control,desktop,US,4,0,3,0.0
U04259,control,desktop,UK,6,1,5,34.65
U04260,treatment,console,US,5,0,5,0.0
U04261,control,mobile,UK,6,0,2,0.0
U04262,treatment,console,US,5,0,6,0.0
U04263,control,console,FR,6,0,6,0.0
U04264,control,console,UK,4,0,5,0.0
U04265,control,mobile,FR,5,0,2,0.0
U04266,control,mobile,UK,3,0,3,0.0
U04267,treatment,desktop,DE,9,0,6,0.0
U04268,treatment,mobile,US,4,0,2,0.0
U04269,treatment,mobile,FR,5,0,4,0.0
U04270,treatment,console,UK,5,0,2,0.0
U04271,control,mobile,US,1,0,2,0.0
U04272,control,mobile,CA,6,0,1,0.0
U04273,treatment,console,UK,7,0,9,0.0
U04274,treatment,mobile,FR,7,0,4,0.0
U04275,control,console,DE,9,0,6,0.0
U04276,treatment,mobile,US,3,0,1,0.0
U04277,control,mobile,UK,8,1,9,4.65
U04278,treatment,mobile,FR,5,0,2,0.0
U04279,control,mobile,CA,7,0,4,0.0
U04280,control,mobile,UK,4,0,4,0.0
U04281,control,console,FR,6,0,5,0.0
U04282,control,console,FR,4,0,4,0.0
U04283,control,mobile,US,5,0,4,0.0
U04284,control,mobile,FR,5,0,5,0.0
U04285,control,desktop,UK,6,0,3,0.0
U04286,treatment,desktop,US,8,0,7,0.0
U04287,treatment,mobile,CA,4,0,4,0.0
U04288,treatment,mobile,FR,3,0,4,0.0
U04289,control,mobile,US,4,1,5,6.29
U04290,control,desktop,DE,4,1,5,27.43
U04291,control,mobile,US,1,0,4,0.0
U04292,treatment,desktop,US,4,0,11,0.0
U04293,control,mobile,UK,8,0,2,0.0
U04294,treatment,mobile,UK,3,0,1,0.0
U04295,control,desktop,US,6,1,6,6.57
U04296,control,mobile,US,7,0,6,0.0
U04297,control,console,FR,6,0,4,0.0
U04298,treatment,desktop,FR,3,0,3,0.0
U04299,treatment,console,US,4,0,2,0.0
U04300,treatment,desktop,UK,6,0,4,0.0
U04301,treatment,mobile,CA,8,0,5,0.0
U04302,treatment,mobile,UK,8,0,2,0.0
U04303,treatment,desktop,US,4,1,0,15.93
U04304,control,desktop,US,5,0,5,0.0
U04305,treatment,mobile,CA,2,0,6,0.0
U04306,control,mobile,US,1,0,4,0.0
U04307,treatment,mobile,CA,5,0,4,0.0
U04308,treatment,mobile,CA,6,1,5,17.16
U04309,control,mobile,CA,5,0,1,0.0
U04310,treatment,desktop,FR,3,0,1,0.0
U04311,control,console,DE,7,1,2,2.85
U04312,control,mobile,CA,2,0,4,0.0
U04313,treatment,mobile,US,8,0,6,0.0
U04314,treatment,mobile,FR,5,0,4,0.0
U04315,treatment,mobile,UK,6,0,2,0.0
U04316,treatment,desktop,US,7,0,5,0.0
U04317,treatment,mobile,US,6,0,1,0.0
U04318,treatment,console,CA,4,0,1,0.0
U04319,control,console,US,4,0,1,0.0
U04320,control,desktop,US,6,0,3,0.0
U04321,treatment,console,DE,7,0,1,0.0
U04322,control,desktop,DE,5,0,1,0.0
U04323,control,console,UK,6,0,5,0.0
U04324,treatment,mobile,US,4,0,3,0.0
U04325,control,console,DE,5,0,5,0.0
U04326,treatment,mobile,CA,7,0,6,0.0
U04327,treatment,mobile,CA,4,0,4,0.0
U04328,treatment,console,US,8,1,1,14.03
U04329,control,mobile,US,4,1,6,34.68
U04330,treatment,mobile,DE,5,0,4,0.0
U04331,treatment,mobile,US,8,0,4,0.0
U04332,control,mobile,DE,5,0,4,0.0
U04333,control,mobile,FR,8,0,0,0.0
U04334,control,mobile,UK,4,0,1,0.0
U04335,control,desktop,FR,4,0,1,0.0
U04336,control,console,US,4,0,2,0.0
U04337,treatment,mobile,CA,5,0,6,0.0
U04338,control,console,US,7,1,3,12.76
U04339,control,desktop,FR,3,0,3,0.0
U04340,treatment,console,UK,3,1,7,14.5
U04341,treatment,console,US,3,0,2,0.0
U04342,treatment,console,UK,7,0,1,0.0
U04343,treatment,mobile,DE,4,0,4,0.0
U04344,control,desktop,CA,8,0,4,0.0
U04345,control,console,FR,4,0,2,0.0
U04346,control,desktop,DE,6,0,2,0.0
U04347,control,mobile,UK,3,0,3,0.0
U04348,treatment,desktop,CA,4,1,3,34.33
U04349,control,console,US,3,0,4,0.0
U04350,treatment,mobile,DE,6,0,1,0.0
U04351,control,desktop,US,7,0,7,0.0
U04352,control,console,FR,7,0,3,0.0
U04353,control,desktop,US,4,0,2,0.0
U04354,control,mobile,US,3,0,3,0.0
U04355,control,desktop,UK,8,0,1,0.0
U04356,treatment,desktop,US,7,1,2,4.91
U04357,control,mobile,US,9,0,5,0.0
U04358,control,desktop,CA,8,0,3,0.0
U04359,treatment,mobile,FR,4,0,6,0.0
U04360,treatment,console,CA,2,0,4,0.0
U04361,control,console,US,10,0,6,0.0
U04362,treatment,console,DE,4,0,0,0.0
U04363,control,desktop,US,3,0,6,0.0
U04364,control,mobile,CA,6,1,3,26.42
U04365,treatment,desktop,US,4,0,1,0.0
U04366,treatment,mobile,US,4,0,3,0.0
U04367,control,desktop,US,3,0,2,0.0
U04368,treatment,mobile,US,4,0,2,0.0
U04369,control,desktop,FR,6,0,2,0.0
U04370,treatment,desktop,US,1,0,1,0.0
U04371,control,mobile,DE,7,0,3,0.0
U04372,treatment,mobile,US,5,1,3,9.58
U04373,control,mobile,UK,5,0,3,0.0
U04374,treatment,mobile,CA,3,0,5,0.0
U04375,treatment,mobile,FR,4,0,9,0.0
U04376,treatment,console,CA,8,0,4,0.0
U04377,control,console,US,12,0,4,0.0
U04378,control,console,FR,4,0,4,0.0
U04379,treatment,mobile,DE,8,0,4,0.0
U04380,control,mobile,DE,5,0,2,0.0
U04381,control,desktop,UK,3,0,3,0.0
U04382,treatment,desktop,UK,8,1,4,9.1
U04383,treatment,desktop,UK,6,0,3,0.0
U04384,treatment,console,DE,1,0,3,0.0
U04385,control,desktop,FR,5,0,7,0.0
U04386,treatment,desktop,DE,6,0,4,0.0
U04387,control,console,UK,6,0,2,0.0
U04388,treatment,mobile,FR,9,0,2,0.0
U04389,treatment,console,UK,5,0,5,0.0
U04390,treatment,desktop,FR,4,0,1,0.0
U04391,control,mobile,US,5,0,2,0.0
U04392,control,console,DE,3,1,9,16.74
U04393,treatment,console,UK,8,0,3,0.0
U04394,control,console,US,5,1,6,21.04
U04395,treatment,mobile,US,4,0,4,0.0
U04396,treatment,mobile,US,7,0,4,0.0
U04397,treatment,desktop,UK,5,0,2,0.0
U04398,treatment,mobile,US,5,0,6,0.0
U04399,treatment,mobile,UK,6,0,6,0.0
U04400,control,mobile,CA,4,0,2,0.0
U04401,control,mobile,US,5,0,4,0.0
U04402,control,desktop,US,3,0,4,0.0
U04403,control,desktop,US,7,0,4,0.0
U04404,control,mobile,FR,2,0,1,0.0
U04405,control,desktop,UK,7,1,3,15.76
U04406,treatment,mobile,DE,7,0,3,0.0
U04407,control,mobile,CA,5,0,2,0.0
U04408,control,desktop,US,3,0,6,0.0
U04409,treatment,desktop,UK,4,1,6,36.95
U04410,treatment,mobile,US,3,0,4,0.0
U04411,control,desktop,CA,1,0,3,0.0
U04412,treatment,mobile,UK,4,0,5,0.0
U04413,treatment,desktop,UK,6,1,4,11.62
U04414,control,mobile,CA,4,0,2,0.0
U04415,treatment,desktop,FR,11,0,4,0.0
U04416,control,desktop,US,6,0,1,0.0
U04417,control,mobile,UK,8,0,2,0.0
U04418,control,desktop,US,7,0,3,0.0
U04419,control,console,FR,3,0,3,0.0
U04420,control,mobile,US,8,0,4,0.0
U04421,treatment,desktop,UK,6,0,2,0.0
U04422,control,console,CA,1,1,2,8.45
U04423,treatment,mobile,FR,5,0,5,0.0
U04424,control,console,US,5,1,4,8.23
U04425,control,mobile,CA,2,0,3,0.0
U04426,treatment,desktop,DE,3,0,4,0.0
U04427,treatment,console,CA,5,0,4,0.0
U04428,treatment,console,UK,6,0,3,0.0
U04429,treatment,desktop,US,6,0,4,0.0
U04430,treatment,desktop,DE,7,0,5,0.0
U04431,control,mobile,US,5,0,5,0.0
U04432,control,mobile,US,5,0,4,0.0
U04433,control,console,DE,4,1,3,19.6
U04434,treatment,mobile,DE,6,0,5,0.0
U04435,treatment,console,US,8,1,1,37.47
U04436,control,mobile,US,4,1,3,5.91
U04437,control,mobile,DE,5,1,6,15.6
U04438,treatment,mobile,DE,9,1,5,20.93
U04439,control,desktop,US,3,0,0,0.0
U04440,treatment,mobile,US,5,0,3,0.0
U04441,treatment,mobile,UK,6,0,1,0.0
U04442,control,console,FR,3,0,2,0.0
U04443,control,console,FR,3,1,10,17.81
U04444,treatment,console,DE,4,0,3,0.0
U04445,control,mobile,US,2,0,2,0.0
U04446,treatment,mobile,UK,4,0,3,0.0
U04447,control,desktop,US,3,0,4,0.0
U04448,control,mobile,US,3,0,3,0.0
U04449,control,mobile,US,4,0,3,0.0
U04450,treatment,console,US,5,0,0,0.0
U04451,treatment,mobile,UK,3,0,4,0.0
U04452,treatment,console,CA,3,0,3,0.0
U04453,control,mobile,US,5,0,2,0.0
U04454,treatment,mobile,FR,5,0,3,0.0
U04455,control,mobile,DE,6,1,5,15.25
U04456,control,console,FR,3,0,7,0.0
U04457,treatment,desktop,US,5,0,2,0.0
U04458,treatment,console,UK,4,1,5,32.79
U04459,control,mobile,DE,5,0,3,0.0
U04460,treatment,console,US,6,0,4,0.0
U04461,control,desktop,UK,9,0,2,0.0
U04462,treatment,desktop,DE,6,0,8,0.0
U04463,control,console,UK,4,0,4,0.0
U04464,control,console,UK,8,0,6,0.0
U04465,control,desktop,CA,6,1,4,4.56
U04466,control,mobile,US,5,1,5,6.39
U04467,treatment,console,US,4,0,6,0.0
U04468,treatment,mobile,UK,5,0,2,0.0
U04469,treatment,console,CA,6,1,2,39.55
U04470,control,mobile,CA,9,0,1,0.0
U04471,control,mobile,US,4,0,4,0.0
U04472,control,mobile,US,5,0,7,0.0
U04473,treatment,desktop,DE,7,0,6,0.0
U04474,treatment,mobile,UK,6,0,4,0.0
U04475,control,console,US,6,0,4,0.0
U04476,control,desktop,US,5,0,3,0.0
U04477,control,mobile,US,9,0,5,0.0
U04478,control,desktop,DE,4,0,4,0.0
U04479,control,console,US,7,1,3,14.83
U04480,control,console,US,3,0,1,0.0
U04481,treatment,mobile,US,3,0,3,0.0
U04482,treatment,console,US,3,0,1,0.0
U04483,control,mobile,CA,7,0,6,0.0
U04484,control,desktop,US,5,1,4,0.6
U04485,control,console,US,2,0,4,0.0
U04486,control,mobile,US,7,1,5,4.48
U04487,control,mobile,FR,4,0,3,0.0
U04488,control,desktop,DE,3,0,5,0.0
U04489,treatment,mobile,UK,5,1,3,19.36
U04490,control,mobile,UK,5,0,6,0.0
U04491,control,mobile,US,5,0,3,0.0
U04492,treatment,console,FR,7,0,2,0.0
U04493,treatment,mobile,UK,4,0,1,0.0
U04494,treatment,desktop,US,5,0,4,0.0
U04495,control,console,DE,7,0,2,0.0
U04496,treatment,console,US,6,1,7,30.82
U04497,treatment,desktop,DE,7,0,3,0.0
U04498,treatment,desktop,US,6,0,3,0.0
U04499,treatment,mobile,DE,4,0,4,0.0
U04500,control,mobile,FR,4,0,4,0.0
U04501,control,mobile,CA,5,0,5,0.0
U04502,treatment,mobile,DE,5,0,3,0.0
U04503,control,mobile,US,6,0,0,0.0
U04504,control,desktop,DE,3,0,7,0.0
U04505,treatment,mobile,FR,4,0,2,0.0
U04506,control,mobile,US,6,0,4,0.0
U04507,treatment,console,US,5,0,1,0.0
U04508,treatment,mobile,UK,3,0,3,0.0
U04509,treatment,desktop,DE,3,0,1,0.0
U04510,treatment,mobile,US,8,0,2,0.0
U04511,control,desktop,UK,3,0,2,0.0
U04512,control,mobile,US,7,0,5,0.0
U04513,treatment,mobile,CA,6,0,4,0.0
U04514,treatment,console,UK,5,0,3,0.0
U04515,control,desktop,US,4,0,5,0.0
U04516,control,mobile,CA,6,0,5,0.0
U04517,control,mobile,CA,5,0,3,0.0
U04518,treatment,desktop,US,3,0,3,0.0
U04519,control,mobile,UK,5,0,0,0.0
U04520,control,desktop,US,3,0,4,0.0
U04521,control,desktop,US,8,0,4,0.0
U04522,treatment,desktop,US,6,1,6,17.76
U04523,control,console,US,6,0,5,0.0
U04524,treatment,mobile,FR,3,0,5,0.0
U04525,control,console,DE,7,0,3,0.0
U04526,control,desktop,FR,3,0,6,0.0
U04527,control,desktop,DE,9,0,6,0.0
U04528,treatment,desktop,US,4,0,1,0.0
U04529,treatment,desktop,UK,6,0,1,0.0
U04530,control,mobile,FR,3,0,2,0.0
U04531,control,console,DE,3,0,2,0.0
U04532,treatment,console,US,4,0,2,0.0
U04533,treatment,mobile,US,4,0,1,0.0
U04534,treatment,desktop,DE,1,0,4,0.0
U04535,control,console,UK,3,0,1,0.0
U04536,treatment,console,FR,2,0,2,0.0
U04537,treatment,desktop,US,4,0,2,0.0
U04538,treatment,mobile,US,3,0,1,0.0
U04539,control,desktop,US,4,0,4,0.0
U04540,control,mobile,US,5,0,4,0.0
U04541,treatment,desktop,FR,3,1,5,26.82
U04542,treatment,desktop,US,5,0,2,0.0
U04543,treatment,desktop,UK,4,1,5,16.14
U04544,control,mobile,UK,4,0,9,0.0
U04545,treatment,desktop,UK,5,0,4,0.0
U04546,treatment,desktop,US,7,0,0,0.0
U04547,control,mobile,UK,3,0,2,0.0
U04548,treatment,mobile,US,6,0,3,0.0
U04549,control,mobile,DE,5,0,5,0.0
U04550,control,console,FR,6,0,4,0.0
U04551,treatment,desktop,US,6,1,4,8.84
U04552,control,desktop,FR,4,0,2,0.0
U04553,treatment,desktop,CA,8,0,1,0.0
U04554,treatment,console,DE,3,0,1,0.0
U04555,control,desktop,DE,4,1,1,7.24
U04556,treatment,mobile,US,7,0,8,0.0
U04557,control,mobile,UK,6,0,1,0.0
U04558,control,mobile,CA,4,0,1,0.0
U04559,control,console,CA,8,0,2,0.0
U04560,treatment,desktop,US,6,0,2,0.0
U04561,control,console,UK,6,0,4,0.0
U04562,treatment,desktop,UK,4,0,6,0.0
U04563,control,console,US,5,0,4,0.0
U04564,control,console,CA,3,0,1,0.0
U04565,control,desktop,UK,11,0,5,0.0
U04566,control,mobile,DE,3,0,3,0.0
U04567,treatment,mobile,FR,8,1,5,9.3
U04568,treatment,desktop,US,5,0,2,0.0
U04569,control,console,DE,5,0,5,0.0
U04570,treatment,desktop,US,6,0,4,0.0
U04571,treatment,mobile,UK,5,1,3,14.08
U04572,control,desktop,US,6,0,3,0.0
U04573,treatment,mobile,UK,3,0,1,0.0
U04574,control,mobile,DE,3,0,5,0.0
U04575,control,console,US,4,0,5,0.0
U04576,control,desktop,FR,5,0,3,0.0
U04577,treatment,mobile,US,4,1,3,18.75
U04578,treatment,mobile,CA,6,1,3,3.67
U04579,treatment,desktop,DE,2,0,4,0.0
U04580,treatment,mobile,DE,1,1,3,15.26
U04581,control,mobile,US,5,0,4,0.0
U04582,treatment,desktop,US,4,0,3,0.0
U04583,control,desktop,DE,2,0,2,0.0
U04584,control,mobile,DE,3,0,3,0.0
U04585,control,desktop,DE,7,0,4,0.0
U04586,treatment,desktop,UK,5,0,3,0.0
U04587,control,mobile,UK,4,0,1,0.0
U04588,control,mobile,UK,3,0,1,0.0
U04589,treatment,mobile,UK,7,0,6,0.0
U04590,treatment,mobile,FR,6,0,1,0.0
U04591,treatment,console,US,3,0,5,0.0
U04592,control,desktop,US,4,0,1,0.0
U04593,control,console,UK,3,1,4,6.74
U04594,control,mobile,FR,11,0,5,0.0
U04595,control,desktop,UK,8,1,3,28.36
U04596,control,desktop,US,3,0,3,0.0
U04597,treatment,console,FR,5,0,2,0.0
U04598,treatment,console,DE,3,0,7,0.0
U04599,treatment,desktop,UK,3,0,4,0.0
U04600,treatment,desktop,UK,5,0,8,0.0
U04601,treatment,console,US,7,0,2,0.0
U04602,treatment,console,DE,7,0,5,0.0
U04603,control,console,US,6,0,3,0.0
U04604,treatment,mobile,US,7,0,1,0.0
U04605,control,mobile,US,7,0,4,0.0
U04606,control,mobile,US,2,1,1,24.75
U04607,control,desktop,DE,6,1,3,2.2
U04608,control,mobile,FR,6,0,3,0.0
U04609,control,mobile,UK,5,0,5,0.0
U04610,treatment,desktop,UK,7,0,3,0.0
U04611,treatment,mobile,UK,8,0,0,0.0
U04612,treatment,desktop,UK,6,0,4,0.0
U04613,treatment,mobile,US,5,0,3,0.0
U04614,treatment,console,UK,3,0,5,0.0
U04615,treatment,mobile,FR,10,0,1,0.0
U04616,control,desktop,FR,7,1,2,13.28
U04617,control,desktop,DE,7,0,2,0.0
U04618,treatment,mobile,US,4,0,5,0.0
U04619,treatment,mobile,DE,4,0,3,0.0
U04620,control,console,US,7,0,1,0.0
U04621,treatment,desktop,DE,2,0,1,0.0
U04622,control,mobile,UK,5,0,2,0.0
U04623,treatment,desktop,FR,2,0,4,0.0
U04624,treatment,mobile,US,6,1,5,4.61
U04625,control,desktop,US,4,0,6,0.0
U04626,treatment,desktop,US,8,0,3,0.0
U04627,treatment,desktop,US,2,0,3,0.0
U04628,treatment,mobile,CA,8,0,2,0.0
U04629,control,mobile,DE,3,0,1,0.0
U04630,control,mobile,FR,8,0,3,0.0
U04631,control,mobile,CA,7,0,6,0.0
U04632,treatment,desktop,US,2,0,1,0.0
U04633,treatment,desktop,FR,2,1,4,12.17
U04634,control,mobile,CA,3,0,1,0.0
U04635,control,mobile,UK,7,0,1,0.0
U04636,treatment,desktop,US,7,0,6,0.0
U04637,control,desktop,US,7,0,2,0.0
U04638,treatment,console,DE,3,1,8,16.12
U04639,control,mobile,FR,5,0,2,0.0
U04640,treatment,mobile,US,4,0,6,0.0
U04641,control,mobile,FR,2,0,3,0.0
U04642,treatment,desktop,DE,4,0,2,0.0
U04643,control,desktop,US,6,0,4,0.0
U04644,control,mobile,DE,7,0,3,0.0
U04645,treatment,mobile,FR,8,0,4,0.0
U04646,control,desktop,US,5,0,2,0.0
U04647,control,mobile,US,2,1,4,7.86
U04648,treatment,desktop,DE,4,0,2,0.0
U04649,control,mobile,US,5,0,2,0.0
U04650,control,mobile,UK,5,0,3,0.0
U04651,treatment,mobile,FR,7,1,4,9.43
U04652,control,console,US,4,1,6,9.96
U04653,treatment,mobile,US,7,0,5,0.0
U04654,treatment,mobile,FR,5,0,1,0.0
U04655,control,console,DE,3,0,3,0.0
U04656,treatment,mobile,US,4,0,1,0.0
U04657,treatment,mobile,US,3,0,1,0.0
U04658,treatment,mobile,UK,1,0,5,0.0
U04659,treatment,desktop,UK,3,0,7,0.0
U04660,control,mobile,CA,10,0,4,0.0
U04661,control,console,UK,4,0,2,0.0
U04662,treatment,desktop,UK,3,0,2,0.0
U04663,treatment,desktop,FR,5,0,0,0.0
U04664,control,mobile,FR,8,0,1,0.0
U04665,treatment,console,DE,2,1,3,18.69
U04666,control,console,US,8,1,5,4.11
U04667,control,console,US,6,0,5,0.0
U04668,treatment,mobile,CA,5,0,4,0.0
U04669,control,desktop,DE,7,0,7,0.0
U04670,control,desktop,FR,3,0,1,0.0
U04671,control,console,US,5,0,3,0.0
U04672,treatment,mobile,FR,5,0,2,0.0
U04673,control,console,CA,3,0,2,0.0
U04674,treatment,desktop,US,7,1,8,22.91
U04675,treatment,console,US,2,0,3,0.0
U04676,control,desktop,UK,5,0,2,0.0
U04677,treatment,console,DE,3,0,3,0.0
U04678,control,mobile,US,6,1,7,38.99
U04679,treatment,mobile,US,7,0,2,0.0
U04680,control,mobile,DE,5,0,4,0.0
U04681,control,console,DE,7,0,5,0.0
U04682,treatment,mobile,US,6,0,6,0.0
U04683,control,desktop,CA,5,0,4,0.0
U04684,treatment,console,UK,1,0,2,0.0
U04685,treatment,console,US,8,1,5,20.11
U04686,treatment,desktop,DE,3,0,6,0.0
U04687,control,console,DE,3,1,4,8.67
U04688,treatment,mobile,DE,5,0,1,0.0
U04689,control,desktop,DE,6,0,2,0.0
U04690,treatment,desktop,FR,2,0,5,0.0
U04691,control,console,FR,5,0,4,0.0
U04692,control,mobile,CA,10,0,5,0.0
U04693,control,mobile,CA,6,0,2,0.0
U04694,treatment,desktop,US,7,0,5,0.0
U04695,treatment,desktop,DE,7,0,5,0.0
U04696,treatment,console,US,4,0,4,0.0
U04697,control,desktop,DE,2,0,3,0.0
U04698,control,console,UK,8,0,7,0.0
U04699,treatment,desktop,US,4,0,6,0.0
U04700,treatment,console,CA,8,0,1,0.0
U04701,control,desktop,DE,6,0,4,0.0
U04702,treatment,mobile,UK,3,0,3,0.0
U04703,control,mobile,US,4,0,2,0.0
U04704,treatment,console,US,8,0,4,0.0
U04705,control,mobile,FR,2,0,2,0.0
U04706,treatment,desktop,UK,1,0,2,0.0
U04707,control,mobile,DE,5,0,4,0.0
U04708,treatment,console,DE,6,0,4,0.0
U04709,treatment,mobile,US,4,0,2,0.0
U04710,treatment,desktop,US,4,0,1,0.0
U04711,control,desktop,FR,4,0,4,0.0
U04712,control,mobile,FR,4,0,1,0.0
U04713,control,desktop,US,9,0,3,0.0
U04714,treatment,console,US,3,0,3,0.0
U04715,control,desktop,DE,3,0,4,0.0
U04716,treatment,console,US,5,0,3,0.0
U04717,treatment,console,US,3,0,6,0.0
U04718,treatment,desktop,US,10,1,3,9.22
U04719,treatment,desktop,US,3,1,5,20.98
U04720,control,console,FR,6,0,2,0.0
U04721,treatment,desktop,CA,8,0,1,0.0
U04722,treatment,mobile,DE,2,0,2,0.0
U04723,treatment,console,UK,7,0,2,0.0
U04724,treatment,console,US,2,0,3,0.0
U04725,treatment,desktop,UK,10,0,0,0.0
U04726,treatment,mobile,DE,8,0,4,0.0
U04727,treatment,desktop,US,6,0,3,0.0
U04728,treatment,desktop,CA,2,0,3,0.0
U04729,treatment,mobile,US,6,0,4,0.0
U04730,control,desktop,UK,9,0,2,0.0
U04731,treatment,desktop,US,7,0,3,0.0
U04732,control,mobile,US,3,0,4,0.0
U04733,treatment,desktop,UK,3,1,7,34.66
U04734,treatment,mobile,US,5,0,2,0.0
U04735,treatment,console,US,4,0,6,0.0
U04736,control,mobile,UK,4,0,2,0.0
U04737,treatment,console,US,7,0,0,0.0
U04738,control,mobile,FR,6,0,4,0.0
U04739,treatment,console,FR,2,0,3,0.0
U04740,treatment,console,US,1,0,5,0.0
U04741,control,mobile,US,5,0,0,0.0
U04742,control,console,FR,8,0,6,0.0
U04743,treatment,desktop,CA,9,0,3,0.0
U04744,treatment,desktop,FR,4,0,4,0.0
U04745,treatment,console,US,8,1,2,16.67
U04746,control,console,FR,2,0,7,0.0
U04747,control,desktop,DE,3,0,4,0.0
U04748,treatment,console,UK,5,0,2,0.0
U04749,control,mobile,UK,7,0,2,0.0
U04750,treatment,mobile,CA,5,0,6,0.0
U04751,treatment,mobile,CA,5,0,5,0.0
U04752,treatment,mobile,US,4,0,5,0.0
U04753,control,desktop,DE,4,0,4,0.0
U04754,control,mobile,US,4,0,4,0.0
U04755,treatment,desktop,DE,6,0,7,0.0
U04756,treatment,mobile,US,4,0,3,0.0
U04757,treatment,mobile,US,4,0,3,0.0
U04758,treatment,desktop,US,9,0,10,0.0
U04759,control,mobile,US,4,0,6,0.0
U04760,control,desktop,CA,6,0,5,0.0
U04761,control,console,FR,7,0,4,0.0
U04762,control,desktop,UK,4,0,1,0.0
U04763,treatment,console,US,5,0,2,0.0
U04764,control,console,US,4,0,6,0.0
U04765,treatment,mobile,UK,9,0,3,0.0
U04766,treatment,desktop,US,3,0,1,0.0
U04767,control,mobile,US,6,1,5,6.6
U04768,control,mobile,UK,3,0,4,0.0
U04769,treatment,desktop,CA,7,0,3,0.0
U04770,control,desktop,FR,5,0,3,0.0
U04771,control,console,UK,4,0,1,0.0
U04772,control,desktop,DE,6,1,2,14.43
U04773,treatment,console,US,4,0,2,0.0
U04774,treatment,desktop,DE,4,0,2,0.0
U04775,treatment,mobile,US,4,0,6,0.0
U04776,control,mobile,UK,7,0,1,0.0
U04777,treatment,desktop,US,5,0,4,0.0
U04778,treatment,desktop,CA,6,0,4,0.0
U04779,control,mobile,DE,6,0,6,0.0
U04780,treatment,mobile,DE,5,0,4,0.0
U04781,control,mobile,FR,5,0,3,0.0
U04782,control,desktop,FR,7,1,8,2.76
U04783,treatment,mobile,FR,3,0,3,0.0
U04784,treatment,mobile,UK,3,0,1,0.0
U04785,treatment,mobile,UK,4,0,4,0.0
U04786,control,mobile,FR,5,0,1,0.0
U04787,control,desktop,CA,6,0,4,0.0
U04788,treatment,console,US,4,0,6,0.0
U04789,treatment,mobile,CA,4,1,5,15.53
U04790,treatment,desktop,DE,5,1,2,4.32
U04791,control,desktop,UK,6,0,2,0.0
U04792,control,desktop,CA,7,0,4,0.0
U04793,treatment,mobile,FR,4,1,4,40.98
U04794,control,mobile,US,4,1,4,25.26
U04795,control,console,DE,7,0,3,0.0
U04796,treatment,console,US,5,0,1,0.0
U04797,treatment,mobile,DE,4,0,4,0.0
U04798,control,desktop,US,8,0,4,0.0
U04799,control,mobile,US,9,0,4,0.0
U04800,treatment,mobile,DE,3,0,3,0.0
U04801,treatment,mobile,UK,3,0,3,0.0
U04802,treatment,desktop,UK,2,0,6,0.0
U04803,treatment,mobile,UK,7,0,1,0.0
U04804,treatment,mobile,US,7,0,5,0.0
U04805,treatment,mobile,US,2,0,4,0.0
U04806,treatment,mobile,US,7,0,9,0.0
U04807,control,mobile,US,3,0,1,0.0
U04808,treatment,desktop,UK,4,0,3,0.0
U04809,control,desktop,FR,5,0,2,0.0
U04810,treatment,desktop,DE,6,0,5,0.0
U04811,control,desktop,DE,7,0,6,0.0
U04812,control,console,UK,4,0,1,0.0
U04813,treatment,mobile,DE,1,0,2,0.0
U04814,control,mobile,US,8,0,5,0.0
U04815,treatment,console,FR,3,0,6,0.0
U04816,control,desktop,UK,4,0,7,0.0
U04817,treatment,desktop,DE,6,0,4,0.0
U04818,treatment,mobile,CA,2,0,5,0.0
U04819,treatment,mobile,FR,4,1,6,18.12
U04820,treatment,mobile,FR,4,0,5,0.0
U04821,control,console,UK,6,0,4,0.0
U04822,control,desktop,US,3,0,3,0.0
U04823,control,mobile,US,3,0,1,0.0
U04824,treatment,mobile,US,6,0,4,0.0
U04825,control,mobile,DE,5,0,3,0.0
U04826,treatment,mobile,DE,4,0,2,0.0
U04827,treatment,desktop,CA,4,0,4,0.0
U04828,control,mobile,CA,6,0,6,0.0
U04829,treatment,console,US,7,0,5,0.0
U04830,control,desktop,CA,4,0,3,0.0
U04831,treatment,console,FR,7,1,1,15.68
U04832,control,console,DE,2,0,4,0.0
U04833,control,console,US,7,0,4,0.0
U04834,treatment,console,UK,4,1,2,13.95
U04835,treatment,mobile,US,6,0,6,0.0
U04836,control,mobile,UK,3,0,5,0.0
U04837,control,mobile,US,4,0,0,0.0
U04838,control,desktop,UK,3,1,3,29.29
U04839,control,desktop,US,4,1,8,24.5
U04840,treatment,mobile,DE,1,0,0,0.0
U04841,treatment,console,UK,4,1,4,2.77
U04842,treatment,console,FR,4,0,5,0.0
U04843,treatment,desktop,UK,6,0,5,0.0
U04844,treatment,mobile,US,5,0,3,0.0
U04845,control,mobile,US,4,0,4,0.0
U04846,control,desktop,US,8,1,6,16.25
U04847,control,mobile,US,3,1,2,14.72
U04848,treatment,desktop,DE,2,0,2,0.0
U04849,treatment,mobile,US,2,0,2,0.0
U04850,treatment,mobile,US,7,0,4,0.0
U04851,treatment,mobile,US,4,0,4,0.0
U04852,control,desktop,UK,5,0,2,0.0
U04853,treatment,mobile,CA,6,0,5,0.0
U04854,control,console,US,4,0,4,0.0
U04855,control,mobile,UK,5,0,1,0.0
U04856,control,console,FR,5,0,3,0.0
U04857,control,mobile,DE,5,0,3,0.0
U04858,treatment,mobile,US,2,0,6,0.0
U04859,treatment,console,CA,7,1,4,19.74
U04860,control,desktop,US,5,0,4,0.0
U04861,treatment,desktop,US,6,1,4,8.08
U04862,treatment,desktop,FR,1,0,2,0.0
U04863,control,mobile,CA,5,1,3,7.21
U04864,treatment,console,US,6,0,7,0.0
U04865,treatment,mobile,UK,3,0,2,0.0
U04866,control,console,DE,8,0,4,0.0
U04867,control,console,DE,2,0,6,0.0
U04868,control,console,US,7,0,3,0.0
U04869,control,desktop,CA,7,0,2,0.0
U04870,control,desktop,UK,6,0,4,0.0
U04871,control,desktop,FR,7,0,4,0.0
U04872,treatment,mobile,FR,4,0,5,0.0
U04873,control,console,UK,1,0,3,0.0
U04874,treatment,desktop,US,8,0,4,0.0
U04875,control,mobile,UK,4,0,4,0.0
U04876,treatment,console,DE,3,0,4,0.0
U04877,control,mobile,US,9,0,3,0.0
U04878,treatment,console,FR,3,0,2,0.0
U04879,control,console,US,4,0,2,0.0
U04880,control,mobile,US,2,0,2,0.0
U04881,control,mobile,UK,6,0,4,0.0
U04882,treatment,desktop,UK,2,0,1,0.0
U04883,treatment,mobile,US,7,0,2,0.0
U04884,treatment,console,CA,7,1,5,17.94
U04885,treatment,mobile,FR,6,0,2,0.0
U04886,control,mobile,US,5,0,3,0.0
U04887,treatment,mobile,CA,6,0,2,0.0
U04888,treatment,console,UK,4,0,5,0.0
U04889,control,desktop,CA,9,1,5,13.15
U04890,control,console,US,6,0,3,0.0
U04891,treatment,console,UK,8,1,3,51.68
U04892,treatment,desktop,FR,3,0,5,0.0
U04893,treatment,mobile,US,3,1,4,35.79
U04894,treatment,mobile,FR,5,0,3,0.0
U04895,treatment,console,DE,8,0,5,0.0
U04896,control,mobile,UK,5,0,3,0.0
U04897,control,console,UK,8,0,3,0.0
U04898,treatment,console,US,5,1,3,6.02
U04899,treatment,desktop,US,5,1,4,3.99
U04900,control,desktop,US,8,0,8,0.0
U04901,treatment,console,US,4,0,4,0.0
U04902,treatment,console,US,12,0,6,0.0
U04903,control,desktop,US,1,0,4,0.0
U04904,treatment,mobile,UK,4,0,0,0.0
U04905,control,desktop,US,9,0,5,0.0
U04906,treatment,mobile,UK,8,0,3,0.0
U04907,control,console,FR,3,0,1,0.0
U04908,treatment,desktop,DE,7,0,6,0.0
U04909,treatment,console,UK,7,0,3,0.0
U04910,control,mobile,FR,4,0,1,0.0
U04911,treatment,console,US,7,1,5,33.13
U04912,control,mobile,US,8,0,2,0.0
U04913,control,desktop,US,6,0,1,0.0
U04914,treatment,mobile,US,7,0,5,0.0
U04915,treatment,console,FR,5,0,6,0.0
U04916,control,desktop,UK,3,0,1,0.0
U04917,control,desktop,DE,8,0,2,0.0
U04918,treatment,mobile,US,1,0,5,0.0
U04919,control,mobile,US,7,0,5,0.0
U04920,treatment,mobile,US,4,0,4,0.0
U04921,treatment,mobile,UK,1,0,2,0.0
U04922,control,desktop,UK,6,0,3,0.0
U04923,treatment,desktop,US,5,0,9,0.0
U04924,control,mobile,US,7,0,4,0.0
U04925,control,desktop,CA,4,0,6,0.0
U04926,control,mobile,DE,6,1,8,34.74
U04927,control,mobile,FR,3,0,1,0.0
U04928,control,console,CA,3,0,3,0.0
U04929,control,mobile,UK,11,0,3,0.0
U04930,treatment,desktop,FR,2,0,4,0.0
U04931,control,console,CA,10,0,6,0.0
U04932,treatment,console,US,6,0,7,0.0
U04933,treatment,desktop,DE,9,0,7,0.0
U04934,control,desktop,US,3,0,3,0.0
U04935,treatment,console,UK,6,1,4,32.62
U04936,control,console,US,6,0,5,0.0
U04937,control,mobile,UK,4,0,5,0.0
U04938,treatment,desktop,US,9,0,7,0.0
U04939,control,console,DE,6,1,4,26.48
U04940,treatment,console,UK,7,0,2,0.0
U04941,control,mobile,US,4,0,5,0.0
U04942,treatment,mobile,UK,4,0,3,0.0
U04943,control,desktop,CA,5,0,0,0.0
U04944,treatment,mobile,FR,6,0,2,0.0
U04945,treatment,desktop,UK,7,0,3,0.0
U04946,treatment,desktop,FR,9,0,2,0.0
U04947,treatment,mobile,FR,4,0,3,0.0
U04948,treatment,mobile,FR,1,0,8,0.0
U04949,treatment,console,FR,6,0,1,0.0
U04950,control,console,US,7,0,2,0.0
U04951,treatment,console,US,3,0,7,0.0
U04952,treatment,console,FR,7,0,5,0.0
U04953,treatment,console,FR,3,0,5,0.0
U04954,treatment,desktop,US,9,0,4,0.0
U04955,treatment,mobile,US,4,0,3,0.0
U04956,control,console,US,4,1,2,11.65
U04957,control,desktop,US,4,0,2,0.0
U04958,control,mobile,DE,4,0,5,0.0
U04959,treatment,console,UK,4,0,4,0.0
U04960,control,mobile,US,5,1,6,19.19
U04961,treatment,console,US,2,0,3,0.0
U04962,control,desktop,UK,2,0,3,0.0
U04963,control,mobile,US,5,0,1,0.0
U04964,control,console,US,5,0,6,0.0
U04965,control,console,US,7,0,5,0.0
U04966,control,desktop,UK,10,0,3,0.0
U04967,treatment,desktop,US,5,0,5,0.0
U04968,control,mobile,US,5,0,1,0.0
U04969,control,mobile,UK,5,0,0,0.0
U04970,treatment,mobile,FR,14,0,2,0.0
U04971,treatment,mobile,DE,1,0,8,0.0
U04972,treatment,mobile,US,8,0,5,0.0
U04973,control,desktop,DE,8,1,7,10.33
U04974,control,mobile,US,5,0,2,0.0
U04975,control,desktop,UK,8,0,2,0.0
U04976,treatment,mobile,US,2,0,5,0.0
U04977,control,mobile,FR,3,0,1,0.0
U04978,treatment,console,DE,9,0,1,0.0
U04979,control,console,FR,1,0,2,0.0
U04980,control,console,CA,3,0,6,0.0
U04981,control,mobile,US,4,0,3,0.0
U04982,control,desktop,CA,5,1,2,14.67
U04983,control,mobile,DE,5,0,3,0.0
U04984,control,desktop,US,5,0,2,0.0
U04985,treatment,console,US,5,0,5,0.0
U04986,control,mobile,US,3,0,1,0.0
U04987,control,console,UK,7,0,2,0.0
U04988,control,desktop,UK,5,1,2,5.0
U04989,treatment,mobile,US,6,0,4,0.0
U04990,treatment,mobile,US,4,0,3,0.0
U04991,treatment,console,UK,3,0,4,0.0
U04992,control,desktop,UK,4,0,2,0.0
U04993,control,mobile,CA,4,0,4,0.0
U04994,treatment,mobile,US,2,0,5,0.0
U04995,treatment,console,CA,2,0,4,0.0
U04996,control,mobile,US,6,0,6,0.0
U04997,treatment,console,UK,9,0,2,0.0
U04998,treatment,desktop,UK,6,0,3,0.0
U04999,control,mobile,US,5,0,4,0.0
U05000,treatment,mobile,US,5,0,2,0.0
U05001,treatment,console,US,3,0,4,0.0
U05002,treatment,mobile,FR,7,0,5,0.0
U05003,treatment,mobile,US,6,0,7,0.0
U05004,control,mobile,US,4,0,3,0.0
U05005,treatment,console,US,5,0,4,0.0
U05006,treatment,desktop,DE,10,1,5,18.8
U05007,treatment,desktop,CA,4,0,3,0.0
U05008,control,mobile,US,3,0,7,0.0
U05009,treatment,desktop,US,3,0,3,0.0
U05010,treatment,console,CA,7,0,0,0.0
U05011,control,mobile,CA,6,0,3,0.0
U05012,treatment,console,FR,6,0,6,0.0
U05013,control,console,FR,7,0,0,0.0
U05014,treatment,mobile,US,7,0,5,0.0
U05015,control,console,US,2,1,2,22.32
U05016,treatment,desktop,US,7,0,3,0.0
U05017,treatment,desktop,DE,6,0,5,0.0
U05018,control,mobile,FR,6,1,2,18.3
U05019,treatment,console,US,6,1,1,2.87
U05020,control,desktop,US,5,1,2,16.29
U05021,control,console,FR,7,0,4,0.0
U05022,treatment,mobile,US,6,0,1,0.0
U05023,control,mobile,DE,5,0,3,0.0
U05024,control,console,FR,4,0,2,0.0
U05025,treatment,desktop,UK,10,0,2,0.0
U05026,control,mobile,US,7,0,2,0.0
U05027,control,console,UK,1,0,3,0.0
U05028,control,mobile,UK,4,0,3,0.0
U05029,treatment,console,US,9,0,2,0.0
U05030,treatment,console,DE,3,1,4,9.34
U05031,control,mobile,US,8,0,7,0.0
U05032,control,desktop,DE,5,0,5,0.0
U05033,control,console,UK,5,0,4,0.0
U05034,treatment,console,FR,6,0,6,0.0
U05035,control,desktop,US,5,0,3,0.0
U05036,control,desktop,DE,5,0,5,0.0
U05037,control,desktop,UK,6,0,3,0.0
U05038,treatment,mobile,FR,2,0,8,0.0
U05039,control,desktop,US,5,0,6,0.0
U05040,control,mobile,CA,7,0,3,0.0
U05041,control,mobile,US,3,0,7,0.0
U05042,treatment,mobile,FR,4,0,1,0.0
U05043,treatment,console,US,3,1,4,11.68
U05044,treatment,mobile,UK,7,0,5,0.0
U05045,control,mobile,DE,4,0,3,0.0
U05046,treatment,mobile,UK,6,0,5,0.0
U05047,control,mobile,FR,4,0,3,0.0
U05048,control,console,US,5,0,4,0.0
U05049,control,mobile,FR,7,0,3,0.0
U05050,control,mobile,US,6,0,5,0.0
U05051,treatment,console,US,6,0,1,0.0
U05052,control,mobile,DE,7,0,5,0.0
U05053,control,desktop,DE,6,0,3,0.0
U05054,control,console,DE,5,0,6,0.0
U05055,treatment,console,DE,5,0,2,0.0
U05056,control,mobile,US,5,0,4,0.0
U05057,control,desktop,FR,1,0,1,0.0
U05058,treatment,desktop,US,1,0,5,0.0
U05059,control,desktop,UK,6,1,3,17.44
U05060,control,mobile,DE,7,0,5,0.0
U05061,control,console,US,5,0,2,0.0
U05062,control,desktop,CA,6,1,7,24.98
U05063,control,desktop,CA,3,0,3,0.0
U05064,treatment,console,FR,5,0,3,0.0
U05065,treatment,console,US,2,0,8,0.0
U05066,treatment,console,FR,3,0,3,0.0
U05067,control,mobile,US,4,0,1,0.0
U05068,control,mobile,UK,8,0,5,0.0
U05069,control,desktop,FR,6,0,1,0.0
U05070,treatment,mobile,FR,6,0,4,0.0
U05071,control,desktop,UK,3,1,3,22.61
U05072,treatment,desktop,FR,4,0,1,0.0
U05073,treatment,desktop,FR,5,0,3,0.0
U05074,treatment,mobile,US,5,1,5,20.68
U05075,control,console,UK,4,0,1,0.0
U05076,treatment,desktop,FR,7,1,3,11.28
U05077,treatment,desktop,UK,7,0,1,0.0
U05078,treatment,desktop,US,5,0,2,0.0
U05079,treatment,mobile,US,4,0,2,0.0
U05080,treatment,desktop,FR,2,0,0,0.0
U05081,control,mobile,FR,6,0,4,0.0
U05082,treatment,desktop,DE,5,1,4,9.04
U05083,control,mobile,FR,5,0,11,0.0
U05084,treatment,mobile,DE,4,0,5,0.0
U05085,control,mobile,DE,3,0,1,0.0
U05086,control,mobile,UK,7,0,5,0.0
U05087,control,console,US,10,0,2,0.0
U05088,control,console,US,5,0,5,0.0
U05089,control,mobile,UK,10,0,3,0.0
U05090,control,mobile,US,5,0,3,0.0
U05091,control,console,US,5,1,2,7.88
U05092,control,mobile,UK,6,0,3,0.0
U05093,control,desktop,US,2,0,3,0.0
U05094,control,mobile,US,3,1,2,27.04
U05095,control,desktop,UK,5,0,7,0.0
U05096,control,console,FR,6,0,5,0.0
U05097,control,mobile,FR,5,0,2,0.0
U05098,treatment,console,DE,2,0,3,0.0
U05099,control,console,UK,7,0,5,0.0
U05100,control,console,DE,3,0,5,0.0
U05101,control,console,DE,4,0,2,0.0
U05102,treatment,console,US,2,1,7,23.06
U05103,treatment,desktop,UK,7,0,5,0.0
U05104,control,console,US,7,0,2,0.0
U05105,treatment,mobile,US,7,0,6,0.0
U05106,treatment,desktop,UK,8,0,4,0.0
U05107,control,desktop,UK,11,0,8,0.0
U05108,treatment,mobile,US,5,0,3,0.0
U05109,treatment,mobile,US,7,0,3,0.0
U05110,treatment,mobile,US,3,0,2,0.0
U05111,control,mobile,CA,9,0,5,0.0
U05112,treatment,mobile,UK,8,0,2,0.0
U05113,treatment,mobile,FR,2,0,2,0.0
U05114,treatment,mobile,US,8,0,3,0.0
U05115,treatment,desktop,FR,6,0,3,0.0
U05116,control,mobile,DE,5,0,4,0.0
U05117,treatment,mobile,DE,3,0,5,0.0
U05118,control,mobile,DE,8,0,5,0.0
U05119,treatment,mobile,DE,7,0,6,0.0
U05120,control,mobile,DE,6,0,2,0.0
U05121,treatment,console,UK,3,0,6,0.0
U05122,treatment,mobile,US,10,0,5,0.0
U05123,treatment,mobile,FR,5,0,6,0.0
U05124,treatment,desktop,US,5,0,2,0.0
U05125,control,console,UK,8,0,4,0.0
U05126,treatment,desktop,CA,10,0,3,0.0
U05127,treatment,mobile,CA,4,0,2,0.0
U05128,control,desktop,US,9,0,3,0.0
U05129,treatment,desktop,US,7,0,5,0.0
U05130,treatment,mobile,US,2,0,2,0.0
U05131,control,console,US,2,0,2,0.0
U05132,treatment,console,CA,6,1,7,27.68
U05133,control,desktop,US,2,0,1,0.0
U05134,treatment,mobile,US,5,0,1,0.0
U05135,treatment,desktop,FR,3,0,2,0.0
U05136,control,console,US,3,0,4,0.0
U05137,control,console,CA,2,1,4,18.16
U05138,treatment,mobile,US,3,0,2,0.0
U05139,treatment,mobile,UK,2,0,2,0.0
U05140,control,mobile,CA,3,0,3,0.0
U05141,control,console,US,5,0,1,0.0
U05142,treatment,desktop,DE,5,0,2,0.0
U05143,treatment,mobile,UK,4,1,5,2.94
U05144,treatment,mobile,DE,4,0,5,0.0
U05145,treatment,mobile,US,11,0,7,0.0
U05146,treatment,console,FR,3,0,3,0.0
U05147,control,mobile,CA,4,1,5,22.73
U05148,control,mobile,UK,5,0,3,0.0
U05149,treatment,desktop,US,9,0,5,0.0
U05150,treatment,desktop,DE,3,0,7,0.0
U05151,treatment,desktop,CA,4,0,6,0.0
U05152,treatment,console,US,5,0,3,0.0
U05153,control,mobile,CA,5,0,2,0.0
U05154,control,mobile,FR,2,0,1,0.0
U05155,treatment,mobile,DE,1,0,3,0.0
U05156,control,desktop,US,3,0,2,0.0
U05157,control,console,US,3,0,2,0.0
U05158,treatment,mobile,DE,8,0,6,0.0
U05159,control,console,DE,7,1,5,7.78
U05160,control,desktop,US,5,1,7,6.11
U05161,control,console,US,2,0,3,0.0
U05162,control,desktop,FR,4,0,3,0.0
U05163,treatment,mobile,US,3,0,2,0.0
U05164,treatment,console,US,6,0,6,0.0
U05165,control,console,US,4,0,6,0.0
U05166,control,desktop,UK,5,1,2,10.26
U05167,control,console,UK,6,0,4,0.0
U05168,control,mobile,US,4,0,5,0.0
U05169,control,desktop,DE,6,0,1,0.0
U05170,control,mobile,FR,5,1,4,11.99
U05171,treatment,mobile,UK,7,0,4,0.0
U05172,control,mobile,US,8,0,5,0.0
U05173,treatment,mobile,FR,2,0,5,0.0
U05174,control,mobile,UK,4,0,4,0.0
U05175,control,desktop,CA,3,0,3,0.0
U05176,control,console,DE,7,0,4,0.0
U05177,treatment,mobile,CA,5,0,4,0.0
U05178,control,mobile,DE,4,0,3,0.0
U05179,control,mobile,CA,4,1,0,4.46
U05180,control,mobile,DE,5,0,10,0.0
U05181,treatment,mobile,US,5,0,8,0.0
U05182,control,desktop,FR,3,0,4,0.0
U05183,treatment,console,US,4,0,2,0.0
U05184,treatment,desktop,US,7,0,3,0.0
U05185,control,desktop,US,7,0,3,0.0
U05186,control,desktop,FR,2,1,5,4.31
U05187,treatment,mobile,FR,2,1,3,7.89
U05188,control,mobile,FR,4,0,4,0.0
U05189,treatment,mobile,US,5,0,2,0.0
U05190,treatment,mobile,CA,6,0,3,0.0
U05191,treatment,console,FR,2,0,4,0.0
U05192,control,desktop,US,4,0,1,0.0
U05193,control,desktop,UK,5,0,3,0.0
U05194,treatment,mobile,US,5,0,4,0.0
U05195,treatment,mobile,UK,4,0,7,0.0
U05196,treatment,console,DE,2,0,8,0.0
U05197,control,mobile,UK,2,1,3,16.78
U05198,treatment,desktop,US,7,0,2,0.0
U05199,treatment,mobile,DE,7,1,3,9.02
U05200,control,mobile,US,6,1,10,10.66
U05201,control,mobile,FR,9,0,7,0.0
U05202,control,console,US,1,0,2,0.0
U05203,treatment,mobile,US,5,0,3,0.0
U05204,control,desktop,CA,3,0,4,0.0
U05205,treatment,mobile,US,2,0,5,0.0
U05206,treatment,desktop,US,5,0,2,0.0
U05207,treatment,desktop,CA,5,0,0,0.0
U05208,treatment,desktop,US,2,0,1,0.0
U05209,control,mobile,FR,6,0,6,0.0
U05210,control,mobile,CA,3,0,3,0.0
U05211,control,console,US,6,0,1,0.0
U05212,treatment,desktop,FR,5,0,2,0.0
U05213,control,mobile,DE,9,0,4,0.0
U05214,control,mobile,CA,6,0,2,0.0
U05215,treatment,mobile,US,3,0,6,0.0
U05216,control,desktop,FR,7,0,0,0.0
U05217,control,mobile,US,8,0,3,0.0
U05218,control,mobile,DE,6,0,0,0.0
U05219,treatment,mobile,FR,3,0,4,0.0
U05220,control,desktop,CA,4,0,5,0.0
U05221,treatment,console,US,3,0,4,0.0
U05222,treatment,desktop,UK,4,0,5,0.0
U05223,treatment,desktop,CA,5,0,7,0.0
U05224,control,console,DE,6,1,5,15.04
U05225,control,mobile,UK,6,0,2,0.0
U05226,treatment,desktop,US,4,0,5,0.0
U05227,treatment,mobile,CA,8,0,2,0.0
U05228,control,mobile,CA,2,0,2,0.0
U05229,control,desktop,US,6,1,6,20.09
U05230,control,mobile,FR,3,0,3,0.0
U05231,treatment,desktop,US,6,0,1,0.0
U05232,treatment,desktop,US,4,0,5,0.0
U05233,treatment,mobile,FR,4,0,4,0.0
U05234,treatment,mobile,US,7,0,1,0.0
U05235,control,desktop,US,5,0,3,0.0
U05236,control,desktop,US,3,0,3,0.0
U05237,treatment,console,UK,3,1,2,12.85
U05238,treatment,mobile,US,4,0,1,0.0
U05239,treatment,console,CA,4,0,4,0.0
U05240,treatment,mobile,US,8,0,3,0.0
U05241,treatment,mobile,DE,4,0,1,0.0
U05242,treatment,desktop,US,5,0,3,0.0
U05243,control,mobile,FR,5,1,4,26.03
U05244,control,mobile,DE,8,0,5,0.0
U05245,treatment,mobile,CA,5,0,4,0.0
U05246,control,console,US,9,0,3,0.0
U05247,treatment,console,US,3,0,4,0.0
U05248,treatment,console,UK,4,0,4,0.0
U05249,control,mobile,UK,6,0,2,0.0
U05250,control,desktop,US,2,0,4,0.0
U05251,control,console,FR,2,0,2,0.0
U05252,control,mobile,UK,6,0,5,0.0
U05253,control,mobile,DE,5,1,2,11.88
U05254,treatment,mobile,DE,5,0,3,0.0
U05255,treatment,desktop,US,3,1,1,15.91
U05256,treatment,desktop,FR,4,0,5,0.0
U05257,control,mobile,US,6,0,3,0.0
U05258,treatment,mobile,CA,4,1,6,17.57
U05259,control,desktop,FR,1,0,2,0.0
U05260,treatment,desktop,FR,4,0,5,0.0
U05261,treatment,mobile,US,4,0,1,0.0
U05262,treatment,mobile,FR,3,0,1,0.0
U05263,control,console,CA,10,0,3,0.0
U05264,control,desktop,UK,7,0,1,0.0
U05265,treatment,desktop,US,5,0,6,0.0
U05266,control,desktop,FR,2,1,6,13.7
U05267,treatment,console,US,4,0,4,0.0
U05268,control,mobile,US,4,0,2,0.0
U05269,control,mobile,DE,9,0,5,0.0
U05270,treatment,mobile,FR,5,0,2,0.0
U05271,control,console,UK,8,0,5,0.0
U05272,control,mobile,US,8,0,5,0.0
U05273,control,mobile,US,4,0,4,0.0
U05274,treatment,mobile,UK,3,0,6,0.0
U05275,control,desktop,UK,5,0,3,0.0
U05276,treatment,desktop,DE,2,0,4,0.0
U05277,treatment,mobile,FR,5,1,2,8.94
U05278,control,mobile,CA,6,0,3,0.0
U05279,treatment,console,CA,4,0,1,0.0
U05280,control,mobile,CA,4,0,3,0.0
U05281,control,desktop,UK,4,0,5,0.0
U05282,treatment,mobile,US,5,0,10,0.0
U05283,control,console,UK,4,0,5,0.0
U05284,control,mobile,DE,6,0,4,0.0
U05285,control,desktop,CA,6,0,3,0.0
U05286,treatment,mobile,UK,6,1,5,6.31
U05287,treatment,mobile,US,4,0,2,0.0
U05288,control,desktop,US,3,0,3,0.0
U05289,control,desktop,UK,6,1,11,5.6
U05290,control,console,FR,3,0,2,0.0
U05291,control,desktop,US,6,0,3,0.0
U05292,treatment,desktop,US,5,0,3,0.0
U05293,treatment,console,CA,3,0,4,0.0
U05294,control,mobile,US,4,0,5,0.0
U05295,treatment,console,US,3,0,4,0.0
U05296,control,mobile,FR,7,0,2,0.0
U05297,treatment,mobile,US,7,0,2,0.0
U05298,treatment,console,DE,5,0,4,0.0
U05299,control,mobile,US,6,0,3,0.0
U05300,control,mobile,US,2,0,5,0.0
U05301,control,mobile,UK,4,0,4,0.0
U05302,treatment,desktop,FR,6,0,4,0.0
U05303,treatment,desktop,US,7,1,8,10.48
U05304,control,mobile,CA,3,0,3,0.0
U05305,treatment,mobile,UK,3,1,4,29.26
U05306,control,mobile,FR,4,1,3,2.83
U05307,treatment,mobile,CA,8,0,1,0.0
U05308,treatment,mobile,UK,3,0,4,0.0
U05309,treatment,mobile,DE,4,1,0,24.51
U05310,treatment,console,FR,9,0,3,0.0
U05311,treatment,desktop,DE,6,0,3,0.0
U05312,treatment,mobile,FR,3,0,5,0.0
U05313,control,mobile,UK,3,0,5,0.0
U05314,control,mobile,CA,3,0,4,0.0
U05315,control,mobile,US,2,0,1,0.0
U05316,control,mobile,US,6,0,2,0.0
U05317,treatment,console,US,6,0,1,0.0
U05318,treatment,desktop,US,4,0,3,0.0
U05319,treatment,desktop,US,6,0,7,0.0
U05320,treatment,mobile,UK,2,0,2,0.0
U05321,control,desktop,FR,7,0,3,0.0
U05322,control,console,US,7,0,1,0.0
U05323,control,mobile,US,5,0,3,0.0
U05324,treatment,console,CA,10,0,8,0.0
U05325,treatment,mobile,CA,5,0,1,0.0
U05326,treatment,desktop,FR,6,0,4,0.0
U05327,treatment,mobile,UK,2,0,2,0.0
U05328,treatment,desktop,CA,2,0,9,0.0
U05329,treatment,mobile,UK,5,1,6,26.61
U05330,control,desktop,US,6,0,3,0.0
U05331,control,desktop,CA,4,0,3,0.0
U05332,control,desktop,UK,8,1,6,18.22
U05333,control,desktop,UK,4,0,2,0.0
U05334,control,mobile,US,2,0,6,0.0
U05335,treatment,desktop,US,4,0,6,0.0
U05336,control,mobile,US,6,1,3,17.56
U05337,treatment,desktop,FR,5,0,4,0.0
U05338,control,mobile,FR,6,0,2,0.0
U05339,control,desktop,CA,7,1,1,21.06
U05340,control,mobile,UK,4,0,6,0.0
U05341,treatment,console,DE,3,0,2,0.0
U05342,control,desktop,FR,6,0,4,0.0
U05343,control,mobile,US,6,0,4,0.0
U05344,control,desktop,US,7,0,1,0.0
U05345,control,mobile,UK,5,1,0,9.78
U05346,control,mobile,UK,6,0,2,0.0
U05347,treatment,mobile,UK,5,0,0,0.0
U05348,treatment,console,DE,5,0,7,0.0
U05349,control,console,DE,11,0,3,0.0
U05350,control,console,UK,3,0,2,0.0
U05351,treatment,mobile,US,5,0,4,0.0
U05352,control,mobile,UK,2,0,4,0.0
U05353,treatment,console,US,3,0,3,0.0
U05354,control,mobile,CA,7,0,3,0.0
U05355,control,desktop,US,2,0,5,0.0
U05356,treatment,console,FR,3,0,3,0.0
U05357,control,mobile,US,4,0,1,0.0
U05358,treatment,mobile,UK,10,0,2,0.0
U05359,control,console,FR,4,0,4,0.0
U05360,control,desktop,UK,4,0,2,0.0
U05361,treatment,console,US,5,0,3,0.0
U05362,control,desktop,DE,7,0,3,0.0
U05363,control,mobile,US,6,1,7,29.39
U05364,control,console,CA,6,1,1,13.52
U05365,treatment,console,CA,8,0,5,0.0
U05366,control,console,UK,7,1,6,11.03
U05367,control,desktop,US,7,0,5,0.0
U05368,control,desktop,DE,4,0,3,0.0
U05369,treatment,mobile,UK,4,0,3,0.0
U05370,control,mobile,US,4,0,3,0.0
U05371,control,console,US,5,0,2,0.0
U05372,control,console,FR,4,0,1,0.0
U05373,control,desktop,CA,5,0,4,0.0
U05374,treatment,console,US,5,0,2,0.0
U05375,treatment,mobile,UK,6,0,1,0.0
U05376,treatment,console,CA,4,0,3,0.0
U05377,control,desktop,UK,3,0,3,0.0
U05378,treatment,desktop,UK,3,1,1,4.53
U05379,control,desktop,US,5,0,5,0.0
U05380,control,desktop,US,6,0,0,0.0
U05381,treatment,console,UK,4,0,7,0.0
U05382,treatment,mobile,US,3,0,2,0.0
U05383,treatment,console,UK,7,0,5,0.0
U05384,treatment,mobile,FR,7,0,4,0.0
U05385,control,mobile,US,3,0,5,0.0
U05386,treatment,desktop,FR,6,0,4,0.0
U05387,treatment,console,DE,9,0,5,0.0
U05388,control,console,US,5,0,4,0.0
U05389,treatment,mobile,CA,7,0,4,0.0
U05390,treatment,mobile,US,5,1,3,6.7
U05391,treatment,desktop,UK,2,1,2,20.92
U05392,treatment,console,US,7,0,4,0.0
U05393,control,console,UK,7,0,3,0.0
U05394,control,console,US,6,1,3,9.73
U05395,treatment,desktop,CA,4,0,3,0.0
U05396,control,console,FR,4,0,2,0.0
U05397,treatment,mobile,US,5,0,6,0.0
U05398,treatment,console,US,2,0,1,0.0
U05399,control,desktop,US,7,0,3,0.0
U05400,treatment,mobile,UK,3,0,4,0.0
U05401,control,desktop,US,2,0,3,0.0
U05402,control,console,US,5,0,6,0.0
U05403,treatment,mobile,US,6,0,8,0.0
U05404,treatment,mobile,US,6,0,4,0.0
U05405,treatment,desktop,DE,5,0,1,0.0
U05406,control,console,US,3,0,4,0.0
U05407,treatment,desktop,US,6,0,4,0.0
U05408,treatment,mobile,CA,2,0,4,0.0
U05409,control,desktop,FR,5,0,1,0.0
U05410,treatment,mobile,US,9,1,5,3.34
U05411,treatment,mobile,US,5,0,3,0.0
U05412,control,mobile,DE,3,0,1,0.0
U05413,control,desktop,DE,2,1,8,2.69
U05414,treatment,mobile,US,4,1,6,10.61
U05415,control,mobile,DE,5,0,4,0.0
U05416,control,mobile,UK,2,0,5,0.0
U05417,control,desktop,US,8,0,6,0.0
U05418,treatment,mobile,FR,6,1,7,21.8
U05419,control,mobile,UK,5,0,6,0.0
U05420,control,desktop,US,7,0,3,0.0
U05421,treatment,console,FR,8,0,5,0.0
U05422,treatment,console,UK,4,0,3,0.0
U05423,treatment,desktop,CA,2,0,6,0.0
U05424,control,desktop,FR,6,0,4,0.0
U05425,control,console,DE,5,0,4,0.0
U05426,control,desktop,DE,9,1,3,22.26
U05427,treatment,desktop,FR,7,0,6,0.0
U05428,control,mobile,UK,8,0,2,0.0
U05429,control,mobile,DE,7,0,6,0.0
U05430,treatment,mobile,US,2,1,6,15.89
U05431,control,mobile,FR,5,0,4,0.0
U05432,control,console,US,4,0,3,0.0
U05433,treatment,mobile,FR,6,0,6,0.0
U05434,control,desktop,UK,8,0,3,0.0
U05435,control,console,US,6,0,7,0.0
U05436,treatment,desktop,FR,2,0,3,0.0
U05437,control,mobile,US,5,0,3,0.0
U05438,control,console,US,7,0,4,0.0
U05439,control,mobile,DE,2,0,4,0.0
U05440,treatment,mobile,UK,4,0,1,0.0
U05441,treatment,mobile,US,5,1,5,19.23
U05442,control,mobile,US,9,0,5,0.0
U05443,treatment,console,CA,4,0,3,0.0
U05444,control,mobile,UK,4,0,2,0.0
U05445,treatment,console,US,5,0,5,0.0
U05446,treatment,mobile,CA,6,0,1,0.0
U05447,treatment,console,FR,8,0,2,0.0
U05448,control,mobile,DE,9,0,7,0.0
U05449,control,console,US,4,0,1,0.0
U05450,treatment,mobile,FR,5,0,2,0.0
U05451,control,console,CA,5,1,3,2.35
U05452,control,console,CA,5,0,2,0.0
U05453,treatment,desktop,DE,3,0,3,0.0
U05454,control,mobile,DE,6,0,4,0.0
U05455,control,desktop,FR,5,0,6,0.0
U05456,treatment,desktop,FR,5,0,5,0.0
U05457,treatment,desktop,DE,11,0,6,0.0
U05458,control,desktop,UK,6,0,3,0.0
U05459,control,console,FR,5,0,3,0.0
U05460,control,console,US,4,0,2,0.0
U05461,treatment,desktop,UK,6,0,4,0.0
U05462,control,mobile,UK,3,0,6,0.0
U05463,treatment,mobile,US,5,1,5,7.15
U05464,treatment,desktop,US,5,0,3,0.0
U05465,treatment,console,US,8,0,4,0.0
U05466,control,mobile,DE,4,0,4,0.0
U05467,treatment,mobile,CA,6,0,2,0.0
U05468,control,mobile,UK,3,0,4,0.0
U05469,control,mobile,UK,8,1,2,2.99
U05470,control,console,US,6,0,4,0.0
U05471,control,desktop,FR,3,0,6,0.0
U05472,control,mobile,US,2,0,4,0.0
U05473,treatment,mobile,UK,4,0,5,0.0
U05474,control,mobile,UK,6,0,4,0.0
U05475,treatment,desktop,UK,4,0,1,0.0
U05476,treatment,desktop,DE,5,0,10,0.0
U05477,treatment,mobile,DE,4,1,4,14.27
U05478,control,mobile,US,5,0,5,0.0
U05479,treatment,console,US,3,1,5,10.91
U05480,control,console,DE,4,0,2,0.0
U05481,control,desktop,CA,7,1,5,13.9
U05482,treatment,desktop,DE,4,0,5,0.0
U05483,treatment,console,FR,4,0,7,0.0
U05484,treatment,desktop,CA,7,0,2,0.0
U05485,control,console,US,6,0,0,0.0
U05486,control,mobile,UK,5,0,6,0.0
U05487,control,mobile,DE,2,0,4,0.0
U05488,treatment,mobile,UK,11,0,5,0.0
U05489,control,console,US,12,0,3,0.0
U05490,treatment,desktop,DE,3,0,2,0.0
U05491,control,mobile,US,1,0,5,0.0
U05492,control,console,US,5,0,2,0.0
U05493,treatment,console,US,5,0,7,0.0
U05494,treatment,mobile,US,4,0,5,0.0
U05495,treatment,desktop,UK,5,0,1,0.0
U05496,treatment,desktop,US,2,0,4,0.0
U05497,treatment,mobile,UK,5,0,2,0.0
U05498,treatment,desktop,CA,3,0,3,0.0
U05499,control,mobile,US,3,1,6,22.24
U05500,control,console,FR,3,1,8,18.06
U05501,control,console,CA,4,0,1,0.0
U05502,treatment,console,US,1,1,7,18.22
U05503,treatment,console,US,9,1,7,45.34
U05504,control,mobile,FR,6,0,4,0.0
U05505,control,mobile,UK,6,0,3,0.0
U05506,control,desktop,US,6,0,5,0.0
U05507,treatment,mobile,US,7,0,2,0.0
U05508,control,desktop,FR,7,0,4,0.0
U05509,control,mobile,FR,3,0,1,0.0
U05510,control,mobile,DE,2,0,1,0.0
U05511,control,desktop,US,7,0,4,0.0
U05512,control,desktop,US,5,0,4,0.0
U05513,control,desktop,US,3,0,4,0.0
U05514,treatment,desktop,DE,10,1,9,30.21
U05515,treatment,mobile,CA,4,0,2,0.0
U05516,control,console,US,5,0,4,0.0
U05517,control,desktop,US,6,0,4,0.0
U05518,control,desktop,UK,3,0,2,0.0
U05519,control,mobile,DE,4,0,4,0.0
U05520,control,desktop,CA,3,0,0,0.0
U05521,control,mobile,US,8,0,4,0.0
U05522,control,desktop,US,5,0,1,0.0
U05523,treatment,mobile,CA,4,1,4,3.13
U05524,control,console,UK,4,0,1,0.0
U05525,treatment,console,FR,3,0,7,0.0
U05526,control,desktop,CA,4,0,2,0.0
U05527,treatment,console,FR,5,0,2,0.0
U05528,control,desktop,US,5,0,2,0.0
U05529,treatment,mobile,DE,1,0,0,0.0
U05530,treatment,desktop,US,4,0,7,0.0
U05531,control,console,UK,8,0,3,0.0
U05532,treatment,mobile,UK,3,0,2,0.0
U05533,control,mobile,UK,4,0,4,0.0
U05534,treatment,desktop,CA,7,0,5,0.0
U05535,control,mobile,DE,4,0,4,0.0
U05536,control,desktop,US,5,0,4,0.0
U05537,treatment,desktop,US,10,0,2,0.0
U05538,treatment,console,DE,7,1,4,44.4
U05539,treatment,mobile,UK,4,0,3,0.0
U05540,treatment,mobile,US,5,0,1,0.0
U05541,treatment,console,US,3,0,3,0.0
U05542,treatment,mobile,FR,5,0,5,0.0
U05543,control,desktop,UK,6,0,6,0.0
U05544,control,mobile,FR,7,0,5,0.0
U05545,control,mobile,DE,5,0,4,0.0
U05546,treatment,desktop,US,6,1,6,14.32
U05547,treatment,mobile,UK,2,0,3,0.0
U05548,treatment,desktop,US,6,0,5,0.0
U05549,control,desktop,US,5,1,0,47.09
U05550,treatment,console,UK,6,0,2,0.0
U05551,treatment,console,FR,4,1,5,4.96
U05552,control,mobile,US,6,0,2,0.0
U05553,control,mobile,UK,7,0,4,0.0
U05554,treatment,console,US,6,0,4,0.0
U05555,treatment,mobile,UK,7,0,3,0.0
U05556,treatment,mobile,CA,3,0,4,0.0
U05557,treatment,mobile,US,1,0,2,0.0
U05558,treatment,desktop,US,6,0,3,0.0
U05559,control,mobile,DE,10,0,2,0.0
U05560,control,mobile,UK,2,0,2,0.0
U05561,control,desktop,US,9,0,2,0.0
U05562,control,console,DE,6,1,4,9.46
U05563,control,mobile,FR,6,0,4,0.0
U05564,treatment,desktop,DE,8,0,4,0.0
U05565,control,desktop,UK,5,0,10,0.0
U05566,control,mobile,US,4,0,3,0.0
U05567,treatment,mobile,US,8,0,2,0.0
U05568,treatment,mobile,US,6,1,3,20.06
U05569,treatment,mobile,CA,5,0,3,0.0
U05570,control,console,UK,7,0,5,0.0
U05571,treatment,mobile,US,4,0,2,0.0
U05572,control,console,US,5,0,6,0.0
U05573,treatment,mobile,UK,7,0,3,0.0
U05574,control,mobile,US,5,0,1,0.0
U05575,control,desktop,UK,3,0,3,0.0
U05576,control,console,FR,5,0,2,0.0
U05577,control,mobile,US,4,0,6,0.0
U05578,treatment,mobile,US,7,0,3,0.0
U05579,treatment,desktop,DE,5,0,3,0.0
U05580,treatment,mobile,US,3,0,3,0.0
U05581,treatment,desktop,US,4,0,4,0.0
U05582,treatment,console,US,8,1,7,32.7
U05583,treatment,mobile,FR,6,0,3,0.0
U05584,control,console,US,5,0,2,0.0
U05585,control,mobile,US,8,0,2,0.0
U05586,control,console,US,2,1,2,14.9
U05587,control,console,US,5,0,5,0.0
U05588,control,desktop,DE,4,0,3,0.0
U05589,treatment,console,UK,3,0,2,0.0
U05590,control,console,US,6,0,3,0.0
U05591,treatment,mobile,CA,7,0,4,0.0
U05592,control,mobile,DE,8,0,3,0.0
U05593,control,mobile,US,4,1,1,38.84
U05594,control,desktop,FR,6,0,2,0.0
U05595,treatment,desktop,US,7,0,2,0.0
U05596,treatment,desktop,US,3,0,1,0.0
U05597,treatment,desktop,UK,4,0,3,0.0
U05598,control,mobile,UK,2,0,4,0.0
U05599,control,mobile,UK,8,0,3,0.0
U05600,treatment,mobile,DE,7,1,1,20.1
U05601,control,console,US,6,0,3,0.0
U05602,treatment,mobile,CA,5,0,3,0.0
U05603,treatment,mobile,UK,7,0,3,0.0
U05604,control,mobile,US,5,0,5,0.0
U05605,treatment,console,DE,4,0,5,0.0
U05606,control,mobile,UK,7,1,3,4.21
U05607,treatment,desktop,US,3,1,4,14.46
U05608,treatment,mobile,UK,5,0,5,0.0
U05609,control,mobile,UK,3,0,7,0.0
U05610,control,desktop,US,5,0,1,0.0
U05611,control,desktop,US,3,0,4,0.0
U05612,treatment,desktop,US,10,0,6,0.0
U05613,treatment,mobile,US,4,0,7,0.0
U05614,control,console,US,5,0,1,0.0
U05615,treatment,desktop,UK,3,0,4,0.0
U05616,control,console,CA,9,0,3,0.0
U05617,treatment,mobile,DE,5,0,1,0.0
U05618,treatment,mobile,UK,4,0,1,0.0
U05619,control,mobile,US,2,0,6,0.0
U05620,treatment,console,UK,4,0,3,0.0
U05621,treatment,desktop,US,7,0,2,0.0
U05622,treatment,desktop,CA,3,1,1,3.83
U05623,control,mobile,UK,7,0,5,0.0
U05624,control,mobile,FR,3,1,4,2.21
U05625,treatment,mobile,FR,6,0,6,0.0
U05626,control,console,DE,4,0,2,0.0
U05627,control,mobile,US,2,0,3,0.0
U05628,control,mobile,US,3,0,4,0.0
U05629,control,mobile,FR,5,0,4,0.0
U05630,control,mobile,FR,5,0,2,0.0
U05631,control,console,US,10,1,3,10.55
U05632,treatment,mobile,UK,3,0,6,0.0
U05633,treatment,console,UK,4,0,0,0.0
U05634,control,desktop,UK,3,0,2,0.0
U05635,treatment,desktop,UK,2,0,1,0.0
U05636,control,desktop,US,4,0,3,0.0
U05637,treatment,desktop,FR,6,0,2,0.0
U05638,treatment,desktop,DE,9,0,2,0.0
U05639,control,mobile,DE,7,0,6,0.0
U05640,treatment,console,DE,4,1,4,4.13
U05641,treatment,mobile,DE,3,0,1,0.0
U05642,control,mobile,US,3,0,1,0.0
U05643,control,mobile,FR,5,0,4,0.0
U05644,control,desktop,US,1,0,1,0.0
U05645,treatment,mobile,CA,8,0,4,0.0
U05646,control,mobile,UK,4,0,2,0.0
U05647,control,mobile,DE,6,0,3,0.0
U05648,treatment,mobile,US,2,1,1,10.82
U05649,treatment,mobile,US,3,0,4,0.0
U05650,treatment,console,US,7,0,3,0.0
U05651,treatment,mobile,UK,2,0,1,0.0
U05652,treatment,console,FR,3,1,5,27.72
U05653,treatment,desktop,US,6,0,7,0.0
U05654,control,console,US,3,0,2,0.0
U05655,treatment,console,FR,7,0,2,0.0
U05656,control,mobile,US,4,0,5,0.0
U05657,treatment,desktop,FR,4,0,3,0.0
U05658,control,mobile,UK,6,0,4,0.0
U05659,control,mobile,US,6,0,1,0.0
U05660,control,mobile,US,2,0,3,0.0
U05661,control,desktop,FR,4,1,3,10.86
U05662,treatment,console,FR,2,1,6,4.82
U05663,control,mobile,FR,5,0,2,0.0
U05664,control,desktop,US,5,0,3,0.0
U05665,control,mobile,US,7,0,6,0.0
U05666,control,mobile,US,3,0,4,0.0
U05667,control,mobile,US,5,1,5,23.48
U05668,treatment,desktop,UK,8,0,4,0.0
U05669,treatment,desktop,DE,5,1,1,34.41
U05670,control,mobile,FR,3,0,3,0.0
U05671,control,mobile,US,2,0,5,0.0
U05672,control,desktop,DE,5,0,3,0.0
U05673,treatment,console,US,5,0,0,0.0
U05674,control,mobile,UK,3,0,2,0.0
U05675,control,desktop,US,5,0,2,0.0
U05676,treatment,desktop,US,11,0,4,0.0
U05677,control,desktop,DE,6,0,3,0.0
U05678,treatment,mobile,US,4,1,5,22.56
U05679,treatment,console,UK,3,0,7,0.0
U05680,control,desktop,UK,6,1,8,13.71
U05681,treatment,mobile,DE,2,1,1,31.06
U05682,control,console,US,7,0,4,0.0
U05683,treatment,console,DE,3,0,4,0.0
U05684,treatment,desktop,US,4,0,5,0.0
U05685,control,console,FR,3,0,4,0.0
U05686,treatment,mobile,US,5,0,1,0.0
U05687,treatment,console,UK,2,0,1,0.0
U05688,control,mobile,US,7,0,5,0.0
U05689,treatment,console,DE,8,0,3,0.0
U05690,treatment,mobile,CA,5,0,1,0.0
U05691,control,mobile,CA,5,0,3,0.0
U05692,control,mobile,US,5,0,2,0.0
U05693,control,console,DE,4,0,4,0.0
U05694,control,desktop,US,9,0,0,0.0
U05695,control,console,US,6,0,5,0.0
U05696,control,mobile,UK,4,0,3,0.0
U05697,treatment,mobile,DE,6,0,6,0.0
U05698,control,desktop,CA,4,0,4,0.0
U05699,control,mobile,UK,6,0,2,0.0
U05700,treatment,desktop,US,7,0,6,0.0
U05701,treatment,console,UK,6,0,5,0.0
U05702,control,desktop,US,5,0,4,0.0
U05703,control,mobile,US,11,0,2,0.0
U05704,control,desktop,US,12,0,2,0.0
U05705,treatment,console,US,4,0,3,0.0
U05706,treatment,desktop,FR,5,0,3,0.0
U05707,control,console,US,4,0,5,0.0
U05708,treatment,mobile,FR,6,1,2,42.94
U05709,treatment,desktop,FR,8,0,4,0.0
U05710,treatment,mobile,US,5,0,1,0.0
U05711,control,desktop,US,3,0,2,0.0
U05712,treatment,console,CA,4,0,2,0.0
U05713,treatment,console,US,6,0,0,0.0
U05714,control,mobile,UK,2,0,3,0.0
U05715,control,console,UK,6,0,3,0.0
U05716,control,mobile,FR,4,0,3,0.0
U05717,control,desktop,UK,6,0,1,0.0
U05718,control,desktop,US,5,0,5,0.0
U05719,treatment,desktop,DE,6,0,2,0.0
U05720,treatment,mobile,US,6,0,1,0.0
U05721,treatment,desktop,DE,4,0,2,0.0
U05722,control,desktop,US,5,0,4,0.0
U05723,control,desktop,DE,5,1,1,25.94
U05724,treatment,desktop,UK,6,0,2,0.0
U05725,control,desktop,US,4,0,5,0.0
U05726,control,mobile,UK,5,1,2,23.03
U05727,control,mobile,US,4,0,6,0.0
U05728,control,desktop,UK,3,0,2,0.0
U05729,control,desktop,US,1,0,5,0.0
U05730,control,mobile,UK,3,0,8,0.0
U05731,treatment,mobile,US,7,0,8,0.0
U05732,control,console,UK,6,0,0,0.0
U05733,control,console,US,6,0,5,0.0
U05734,control,desktop,FR,3,0,4,0.0
U05735,treatment,console,US,3,0,2,0.0
U05736,control,console,DE,7,0,6,0.0
U05737,control,desktop,US,2,0,3,0.0
U05738,control,mobile,US,6,0,1,0.0
U05739,control,desktop,US,5,0,3,0.0
U05740,control,console,US,3,0,3,0.0
U05741,treatment,desktop,DE,5,0,3,0.0
U05742,treatment,mobile,US,5,0,4,0.0
U05743,treatment,console,CA,2,0,4,0.0
U05744,control,console,DE,3,0,3,0.0
U05745,treatment,mobile,US,6,0,4,0.0
U05746,control,console,CA,8,0,3,0.0
U05747,treatment,desktop,US,6,0,7,0.0
U05748,control,console,FR,4,0,3,0.0
U05749,control,console,US,3,0,3,0.0
U05750,treatment,mobile,US,6,0,3,0.0
U05751,treatment,console,UK,1,0,8,0.0
U05752,treatment,mobile,FR,7,0,3,0.0
U05753,treatment,console,US,5,1,5,27.39
U05754,treatment,console,US,6,0,3,0.0
U05755,treatment,console,CA,6,0,4,0.0
U05756,control,console,UK,7,0,2,0.0
U05757,treatment,console,CA,4,0,2,0.0
U05758,control,mobile,US,9,0,3,0.0
U05759,treatment,mobile,FR,6,1,5,17.93
U05760,control,mobile,US,3,0,2,0.0
U05761,control,console,FR,4,0,0,0.0
U05762,control,desktop,FR,6,0,4,0.0
U05763,treatment,desktop,US,8,0,6,0.0
U05764,treatment,mobile,DE,4,0,3,0.0
U05765,control,desktop,CA,5,0,1,0.0
U05766,control,desktop,FR,5,0,1,0.0
U05767,control,console,CA,4,1,5,5.84
U05768,treatment,console,DE,4,0,5,0.0
U05769,treatment,desktop,US,4,0,6,0.0
U05770,control,console,FR,9,0,5,0.0
U05771,control,mobile,DE,10,0,2,0.0
U05772,control,mobile,UK,6,0,6,0.0
U05773,control,desktop,UK,8,0,3,0.0
U05774,treatment,desktop,US,6,1,4,11.72
U05775,treatment,mobile,DE,2,0,3,0.0
U05776,treatment,mobile,FR,5,0,9,0.0
U05777,control,desktop,FR,3,0,2,0.0
U05778,treatment,mobile,UK,6,0,4,0.0
U05779,control,mobile,UK,3,0,3,0.0
U05780,treatment,desktop,US,6,0,0,0.0
U05781,treatment,console,DE,6,1,3,4.78
U05782,treatment,mobile,FR,3,0,6,0.0
U05783,control,mobile,FR,7,0,5,0.0
U05784,control,mobile,US,5,0,5,0.0
U05785,control,mobile,FR,3,0,1,0.0
U05786,control,console,DE,5,0,4,0.0
U05787,treatment,mobile,CA,2,0,2,0.0
U05788,control,mobile,FR,3,0,4,0.0
U05789,control,console,US,6,0,1,0.0
U05790,treatment,console,FR,3,1,4,10.17
U05791,treatment,mobile,US,4,0,7,0.0
U05792,control,mobile,FR,6,0,5,0.0
U05793,treatment,console,FR,5,0,4,0.0
U05794,control,desktop,FR,4,0,4,0.0
U05795,control,console,US,6,0,4,0.0
U05796,treatment,mobile,FR,2,0,4,0.0
U05797,treatment,console,UK,10,0,3,0.0
U05798,treatment,mobile,FR,4,0,1,0.0
U05799,control,mobile,CA,7,0,3,0.0
U05800,control,console,UK,3,0,2,0.0
U05801,control,desktop,DE,4,0,6,0.0
U05802,control,mobile,DE,9,1,1,9.34
U05803,treatment,mobile,FR,4,0,4,0.0
U05804,control,console,UK,4,0,4,0.0
U05805,treatment,mobile,CA,5,0,7,0.0
U05806,control,mobile,CA,3,0,5,0.0
U05807,treatment,mobile,DE,7,0,3,0.0
U05808,control,mobile,US,5,0,8,0.0
U05809,treatment,console,DE,2,0,0,0.0
U05810,control,mobile,UK,9,0,6,0.0
U05811,treatment,desktop,FR,6,0,3,0.0
U05812,treatment,desktop,UK,4,0,4,0.0
U05813,treatment,mobile,US,5,0,2,0.0
U05814,treatment,desktop,UK,4,0,1,0.0
U05815,control,mobile,DE,2,0,4,0.0
U05816,treatment,console,US,6,0,4,0.0
U05817,control,console,DE,3,0,0,0.0
U05818,treatment,console,UK,5,1,2,6.82
U05819,control,mobile,US,3,0,1,0.0
U05820,control,console,US,6,0,4,0.0
U05821,treatment,desktop,DE,5,0,3,0.0
U05822,treatment,mobile,UK,5,1,1,25.28
U05823,control,mobile,DE,2,1,0,8.69
U05824,treatment,mobile,US,4,0,3,0.0
U05825,treatment,mobile,CA,5,0,5,0.0
U05826,treatment,mobile,US,5,0,5,0.0
U05827,control,console,UK,5,0,2,0.0
U05828,control,console,UK,5,0,4,0.0
U05829,control,mobile,US,5,0,7,0.0
U05830,control,console,US,5,0,1,0.0
U05831,control,desktop,FR,6,0,6,0.0
U05832,control,desktop,DE,2,0,3,0.0
U05833,control,console,UK,6,0,6,0.0
U05834,control,desktop,FR,5,0,1,0.0
U05835,treatment,desktop,UK,2,0,4,0.0
U05836,control,mobile,FR,8,1,5,11.19
U05837,treatment,mobile,UK,5,0,3,0.0
U05838,control,console,US,6,0,2,0.0
U05839,control,mobile,FR,5,0,2,0.0
U05840,control,mobile,US,5,0,5,0.0
U05841,control,mobile,UK,5,0,2,0.0
U05842,control,desktop,FR,3,0,5,0.0
U05843,control,mobile,DE,7,0,5,0.0
U05844,control,console,FR,5,0,3,0.0
U05845,control,mobile,DE,6,0,3,0.0
U05846,control,console,UK,3,0,4,0.0
U05847,treatment,desktop,DE,7,0,3,0.0
U05848,control,desktop,FR,7,0,3,0.0
U05849,control,mobile,UK,4,0,2,0.0
U05850,control,mobile,UK,4,0,5,0.0
U05851,control,console,DE,8,0,5,0.0
U05852,control,console,FR,6,0,5,0.0
U05853,treatment,mobile,US,2,0,6,0.0
U05854,treatment,console,DE,6,0,4,0.0
U05855,treatment,console,UK,6,0,5,0.0
U05856,control,mobile,US,5,0,4,0.0
U05857,treatment,desktop,DE,5,1,5,19.09
U05858,treatment,console,UK,6,0,5,0.0
U05859,treatment,console,US,8,0,3,0.0
U05860,control,mobile,DE,10,1,4,5.66
U05861,control,mobile,US,3,1,5,13.51
U05862,treatment,mobile,FR,8,0,5,0.0
U05863,control,mobile,CA,8,0,3,0.0
U05864,control,mobile,DE,8,0,4,0.0
U05865,control,desktop,FR,9,0,8,0.0
U05866,control,desktop,CA,5,0,1,0.0
U05867,control,mobile,DE,4,0,1,0.0
U05868,treatment,desktop,FR,4,0,4,0.0
U05869,treatment,mobile,UK,6,0,1,0.0
U05870,control,mobile,FR,7,0,2,0.0
U05871,treatment,console,US,7,0,4,0.0
U05872,treatment,console,UK,4,0,4,0.0
U05873,treatment,mobile,US,4,0,4,0.0
U05874,control,console,US,5,0,5,0.0
U05875,control,console,UK,4,1,6,27.42
U05876,control,desktop,DE,4,0,4,0.0
U05877,treatment,console,UK,4,0,2,0.0
U05878,control,mobile,FR,3,0,1,0.0
U05879,control,mobile,CA,5,0,2,0.0
U05880,treatment,console,DE,5,1,6,5.03
U05881,control,desktop,US,4,0,4,0.0
U05882,treatment,mobile,US,3,0,4,0.0
U05883,treatment,mobile,UK,5,0,1,0.0
U05884,treatment,mobile,DE,3,0,3,0.0
U05885,control,mobile,US,5,0,1,0.0
U05886,treatment,mobile,US,5,0,3,0.0
U05887,control,console,UK,5,0,2,0.0
U05888,control,mobile,CA,6,0,5,0.0
U05889,treatment,console,US,5,0,4,0.0
U05890,treatment,mobile,US,6,0,4,0.0
U05891,treatment,mobile,US,6,0,5,0.0
U05892,control,console,US,5,0,4,0.0
U05893,control,mobile,CA,1,0,5,0.0
U05894,treatment,mobile,UK,7,0,4,0.0
U05895,control,console,UK,4,0,0,0.0
U05896,treatment,mobile,UK,5,0,1,0.0
U05897,control,mobile,US,3,1,4,10.83
U05898,control,console,DE,5,0,4,0.0
U05899,control,mobile,FR,6,0,4,0.0
U05900,treatment,desktop,FR,4,0,7,0.0
U05901,control,mobile,UK,4,0,6,0.0
U05902,treatment,mobile,CA,6,0,1,0.0
U05903,treatment,desktop,FR,5,0,2,0.0
U05904,treatment,desktop,DE,4,0,4,0.0
U05905,control,mobile,US,4,0,3,0.0
U05906,treatment,console,DE,5,0,5,0.0
U05907,treatment,console,DE,2,0,2,0.0
U05908,treatment,desktop,US,3,0,5,0.0
U05909,control,desktop,UK,5,0,6,0.0
U05910,treatment,desktop,US,9,0,5,0.0
U05911,control,desktop,US,5,0,3,0.0
U05912,treatment,mobile,UK,5,0,3,0.0
U05913,control,console,CA,4,0,4,0.0
U05914,control,desktop,UK,4,0,3,0.0
U05915,treatment,console,US,5,0,3,0.0
U05916,control,console,US,6,0,5,0.0
U05917,treatment,mobile,DE,4,0,4,0.0
U05918,treatment,mobile,UK,4,0,5,0.0
U05919,treatment,desktop,DE,3,0,1,0.0
U05920,treatment,desktop,US,3,0,3,0.0
U05921,treatment,console,UK,5,0,4,0.0
U05922,control,mobile,UK,6,0,6,0.0
U05923,treatment,desktop,US,5,0,2,0.0
U05924,treatment,console,US,5,0,1,0.0
U05925,treatment,console,UK,5,0,6,0.0
U05926,treatment,mobile,US,4,0,6,0.0
U05927,control,console,US,1,0,4,0.0
U05928,treatment,mobile,CA,5,0,5,0.0
U05929,treatment,desktop,DE,7,1,2,9.27
U05930,treatment,mobile,UK,8,1,6,13.25
U05931,treatment,desktop,US,2,1,0,44.83
U05932,treatment,mobile,UK,2,0,3,0.0
U05933,control,mobile,US,3,0,3,0.0
U05934,control,mobile,US,8,0,4,0.0
U05935,control,console,CA,5,0,3,0.0
U05936,treatment,desktop,US,3,0,1,0.0
U05937,treatment,desktop,FR,3,0,3,0.0
U05938,control,desktop,US,3,0,3,0.0
U05939,treatment,mobile,US,2,0,6,0.0
U05940,control,mobile,US,2,0,3,0.0
U05941,treatment,mobile,UK,3,0,7,0.0
U05942,treatment,desktop,FR,5,0,2,0.0
U05943,treatment,console,FR,6,0,4,0.0
U05944,treatment,mobile,US,5,0,2,0.0
U05945,control,desktop,US,5,0,4,0.0
U05946,treatment,console,US,5,0,2,0.0
U05947,treatment,console,US,6,0,4,0.0
U05948,control,mobile,FR,6,0,5,0.0
U05949,treatment,console,UK,8,1,4,15.47
U05950,control,desktop,US,7,0,3,0.0
U05951,treatment,desktop,DE,5,1,5,12.32
U05952,control,console,US,4,0,4,0.0
U05953,treatment,mobile,UK,10,0,0,0.0
U05954,control,console,US,6,0,1,0.0
U05955,treatment,desktop,DE,3,0,5,0.0
U05956,control,console,CA,3,0,2,0.0
U05957,treatment,console,FR,5,1,2,15.42
U05958,treatment,desktop,US,2,0,5,0.0
U05959,treatment,mobile,FR,5,0,2,0.0
U05960,control,mobile,US,6,0,4,0.0
U05961,control,console,US,4,0,5,0.0
U05962,treatment,desktop,UK,10,0,0,0.0
U05963,treatment,console,US,6,0,2,0.0
U05964,control,mobile,US,13,0,4,0.0
U05965,treatment,desktop,CA,3,0,2,0.0
U05966,control,console,DE,2,0,3,0.0
U05967,treatment,console,CA,4,1,4,15.1
U05968,control,mobile,US,2,0,3,0.0
U05969,control,mobile,UK,7,1,4,1.08
U05970,control,console,CA,6,0,1,0.0
U05971,control,console,US,2,0,5,0.0
U05972,control,mobile,US,7,0,5,0.0
U05973,treatment,desktop,UK,5,0,1,0.0
U05974,treatment,mobile,FR,2,0,3,0.0
U05975,treatment,mobile,UK,3,0,7,0.0
U05976,control,mobile,CA,6,0,4,0.0
U05977,treatment,mobile,UK,6,0,6,0.0
U05978,treatment,console,UK,6,0,6,0.0
U05979,control,mobile,FR,5,0,2,0.0
U05980,control,console,US,7,0,2,0.0
U05981,control,desktop,US,6,0,7,0.0
U05982,control,mobile,US,3,0,5,0.0
U05983,treatment,mobile,US,5,0,2,0.0
U05984,control,mobile,US,2,0,3,0.0
U05985,treatment,desktop,UK,5,0,5,0.0
U05986,control,console,US,3,0,4,0.0
U05987,control,console,UK,4,1,5,21.01
U05988,control,console,FR,8,0,6,0.0
U05989,treatment,console,FR,6,0,2,0.0
U05990,control,console,US,5,0,1,0.0
U05991,treatment,desktop,US,6,0,1,0.0
U05992,treatment,desktop,US,9,0,3,0.0
U05993,control,mobile,DE,3,0,6,0.0
U05994,treatment,mobile,US,2,0,1,0.0
U05995,treatment,desktop,DE,7,0,3,0.0
U05996,treatment,desktop,UK,7,0,10,0.0
U05997,control,mobile,US,8,0,0,0.0
U05998,control,console,UK,6,0,8,0.0
U05999,control,mobile,CA,3,0,8,0.0
U06000,treatment,desktop,US,2,0,11,0.0
U06001,treatment,console,DE,2,0,2,0.0
U06002,treatment,mobile,US,9,0,4,0.0
U06003,control,console,UK,4,0,1,0.0
U06004,treatment,console,UK,5,0,2,0.0
U06005,control,desktop,US,5,0,5,0.0
U06006,treatment,console,DE,4,0,4,0.0
U06007,control,desktop,DE,6,0,2,0.0
U06008,treatment,desktop,UK,1,1,1,15.88
U06009,treatment,desktop,US,9,0,5,0.0
U06010,control,mobile,US,9,0,8,0.0
U06011,control,mobile,US,7,0,2,0.0
U06012,control,mobile,US,7,0,8,0.0
U06013,control,mobile,FR,5,0,4,0.0
U06014,treatment,console,US,3,0,1,0.0
U06015,control,console,US,5,0,3,0.0
U06016,treatment,console,DE,5,0,5,0.0
U06017,control,mobile,FR,7,0,7,0.0
U06018,control,desktop,US,4,0,3,0.0
U06019,control,desktop,UK,5,0,2,0.0
U06020,control,mobile,UK,5,0,5,0.0
U06021,treatment,desktop,US,4,0,4,0.0
U06022,treatment,mobile,DE,3,0,1,0.0
U06023,control,console,DE,4,1,6,31.29
U06024,treatment,mobile,US,8,0,2,0.0
U06025,treatment,console,UK,4,0,3,0.0
U06026,control,console,DE,2,0,1,0.0
U06027,control,desktop,US,3,0,7,0.0
U06028,treatment,mobile,FR,1,0,0,0.0
U06029,treatment,mobile,DE,4,0,3,0.0
U06030,control,console,US,4,0,1,0.0
U06031,treatment,mobile,DE,8,0,6,0.0
U06032,control,mobile,US,3,0,10,0.0
U06033,treatment,console,US,4,0,3,0.0
U06034,treatment,console,US,5,0,4,0.0
U06035,control,desktop,FR,3,0,3,0.0
U06036,control,mobile,UK,5,0,1,0.0
U06037,treatment,desktop,US,5,0,1,0.0
U06038,treatment,console,US,2,0,5,0.0
U06039,control,mobile,FR,6,0,2,0.0
U06040,treatment,mobile,DE,6,0,2,0.0
U06041,control,mobile,US,4,0,2,0.0
U06042,control,desktop,UK,3,0,8,0.0
U06043,control,mobile,UK,6,0,3,0.0
U06044,treatment,console,DE,4,0,5,0.0
U06045,treatment,mobile,US,4,1,1,8.94
U06046,control,mobile,DE,8,0,4,0.0
U06047,control,console,DE,6,0,3,0.0
U06048,treatment,console,FR,6,0,2,0.0
U06049,treatment,desktop,US,7,0,3,0.0
U06050,control,console,FR,6,0,4,0.0
U06051,treatment,mobile,US,2,1,3,25.28
U06052,control,desktop,DE,5,1,6,4.88
U06053,treatment,mobile,US,1,0,4,0.0
U06054,control,desktop,CA,5,0,3,0.0
U06055,control,console,US,4,0,4,0.0
U06056,control,console,DE,5,0,1,0.0
U06057,treatment,mobile,US,5,1,5,10.55
U06058,treatment,mobile,CA,2,0,3,0.0
U06059,treatment,console,UK,8,0,3,0.0
U06060,treatment,desktop,US,2,0,1,0.0
U06061,treatment,mobile,US,3,0,4,0.0
U06062,control,mobile,FR,4,0,1,0.0
U06063,treatment,mobile,FR,6,1,7,5.96
U06064,treatment,mobile,DE,6,0,2,0.0
U06065,treatment,mobile,US,12,0,6,0.0
U06066,control,desktop,DE,11,0,0,0.0
U06067,control,desktop,US,6,0,3,0.0
U06068,control,desktop,US,5,0,5,0.0
U06069,treatment,mobile,FR,9,0,1,0.0
U06070,treatment,mobile,US,5,0,5,0.0
U06071,control,mobile,US,4,0,5,0.0
U06072,treatment,console,DE,3,0,2,0.0
U06073,treatment,console,UK,8,0,3,0.0
U06074,control,mobile,DE,4,0,2,0.0
U06075,control,desktop,US,5,1,2,74.29
U06076,control,desktop,DE,7,0,6,0.0
U06077,treatment,desktop,UK,5,0,2,0.0
U06078,treatment,desktop,DE,6,0,2,0.0
U06079,treatment,console,DE,3,0,1,0.0
U06080,control,mobile,DE,2,1,1,9.06
U06081,treatment,desktop,US,6,0,2,0.0
U06082,treatment,desktop,DE,8,0,5,0.0
U06083,control,desktop,US,4,0,2,0.0
U06084,treatment,mobile,US,5,0,3,0.0
U06085,treatment,desktop,UK,5,0,3,0.0
U06086,control,mobile,US,5,0,7,0.0
U06087,treatment,desktop,FR,3,0,4,0.0
U06088,treatment,desktop,US,7,0,3,0.0
U06089,control,mobile,DE,8,0,2,0.0
U06090,treatment,console,DE,5,0,0,0.0
U06091,treatment,console,US,5,0,1,0.0
U06092,treatment,desktop,UK,4,0,1,0.0
U06093,control,console,US,5,0,3,0.0
U06094,treatment,console,US,3,0,7,0.0
U06095,treatment,mobile,UK,3,1,6,14.29
U06096,control,desktop,FR,5,0,1,0.0
U06097,treatment,desktop,CA,4,0,6,0.0
U06098,treatment,desktop,UK,7,0,7,0.0
U06099,treatment,console,US,2,0,5,0.0
U06100,control,desktop,DE,3,0,4,0.0
U06101,treatment,mobile,CA,4,0,3,0.0
U06102,treatment,desktop,CA,4,0,4,0.0
U06103,treatment,console,CA,5,0,0,0.0
U06104,control,mobile,US,7,0,4,0.0
U06105,treatment,mobile,CA,3,0,3,0.0
U06106,control,mobile,US,7,0,4,0.0
U06107,treatment,desktop,UK,6,0,4,0.0
U06108,control,mobile,DE,6,0,6,0.0
U06109,treatment,mobile,US,4,0,1,0.0
U06110,control,mobile,FR,5,1,1,6.57
U06111,control,desktop,DE,8,1,3,24.88
U06112,control,mobile,FR,6,1,2,14.97
U06113,control,mobile,US,4,0,3,0.0
U06114,control,desktop,US,2,0,4,0.0
U06115,control,mobile,FR,3,0,5,0.0
U06116,treatment,mobile,US,6,0,2,0.0
U06117,treatment,desktop,UK,5,0,3,0.0
U06118,control,mobile,US,8,0,4,0.0
U06119,treatment,mobile,FR,6,1,0,17.37
U06120,treatment,mobile,CA,5,0,5,0.0
U06121,control,mobile,FR,3,0,1,0.0
U06122,treatment,desktop,DE,4,0,3,0.0
U06123,control,console,FR,4,0,2,0.0
U06124,treatment,mobile,US,4,0,4,0.0
U06125,treatment,desktop,US,3,0,1,0.0
U06126,control,console,US,4,1,4,15.3
U06127,treatment,desktop,CA,4,0,1,0.0
U06128,treatment,console,UK,1,0,1,0.0
U06129,treatment,desktop,CA,5,0,4,0.0
U06130,treatment,desktop,DE,2,0,3,0.0
U06131,treatment,console,UK,4,0,9,0.0
U06132,treatment,mobile,US,4,0,0,0.0
U06133,treatment,console,UK,8,1,1,31.8
U06134,control,desktop,DE,4,0,8,0.0
U06135,control,desktop,US,4,0,2,0.0
U06136,control,desktop,FR,10,0,2,0.0
U06137,treatment,mobile,US,6,0,4,0.0
U06138,treatment,mobile,FR,3,0,3,0.0
U06139,treatment,console,US,4,0,3,0.0
U06140,treatment,desktop,FR,3,0,5,0.0
U06141,control,console,FR,2,0,1,0.0
U06142,control,mobile,DE,6,0,1,0.0
U06143,control,mobile,US,4,0,3,0.0
U06144,control,mobile,CA,4,0,3,0.0
U06145,treatment,mobile,FR,9,1,3,24.59
U06146,control,desktop,FR,2,0,1,0.0
U06147,control,console,UK,2,0,4,0.0
U06148,control,console,FR,8,0,3,0.0
U06149,treatment,desktop,US,2,0,3,0.0
U06150,treatment,mobile,US,8,0,3,0.0
U06151,treatment,desktop,DE,4,0,3,0.0
U06152,control,desktop,US,3,0,2,0.0
U06153,control,desktop,US,6,1,6,9.76
U06154,treatment,desktop,US,5,0,2,0.0
U06155,control,mobile,US,8,0,3,0.0
U06156,control,mobile,DE,6,0,6,0.0
U06157,treatment,console,UK,7,0,4,0.0
U06158,treatment,desktop,US,6,0,2,0.0
U06159,treatment,console,US,6,0,5,0.0
U06160,control,mobile,CA,2,0,1,0.0
U06161,control,desktop,US,3,0,3,0.0
U06162,control,mobile,US,4,0,3,0.0
U06163,treatment,console,CA,4,0,5,0.0
U06164,control,mobile,CA,5,0,3,0.0
U06165,treatment,desktop,DE,3,0,5,0.0
U06166,treatment,mobile,US,3,0,3,0.0
U06167,treatment,mobile,US,5,0,1,0.0
U06168,control,mobile,DE,8,0,8,0.0
U06169,treatment,desktop,FR,4,0,3,0.0
U06170,treatment,console,CA,2,0,3,0.0
U06171,treatment,console,UK,7,0,5,0.0
U06172,treatment,desktop,US,6,0,5,0.0
U06173,control,desktop,FR,2,0,3,0.0
U06174,treatment,console,FR,7,0,3,0.0
U06175,control,mobile,DE,6,0,4,0.0
U06176,control,console,UK,4,0,4,0.0
U06177,treatment,console,DE,9,0,4,0.0
U06178,treatment,desktop,US,4,1,4,22.46
U06179,control,mobile,US,7,0,2,0.0
U06180,control,mobile,US,4,0,5,0.0
U06181,treatment,mobile,US,6,0,6,0.0
U06182,treatment,console,US,6,0,5,0.0
U06183,control,desktop,UK,4,0,4,0.0
U06184,treatment,desktop,US,5,0,4,0.0
U06185,treatment,desktop,UK,3,0,4,0.0
U06186,control,console,US,3,0,5,0.0
U06187,control,mobile,CA,7,0,3,0.0
U06188,control,mobile,DE,5,0,4,0.0
U06189,control,desktop,UK,5,0,3,0.0
U06190,treatment,mobile,DE,7,0,9,0.0
U06191,control,mobile,UK,2,0,0,0.0
U06192,treatment,desktop,US,3,0,3,0.0
U06193,control,mobile,US,4,0,4,0.0
U06194,control,console,CA,4,0,5,0.0
U06195,treatment,console,UK,6,0,6,0.0
U06196,treatment,console,FR,5,0,3,0.0
U06197,treatment,console,DE,3,0,2,0.0
U06198,treatment,mobile,US,3,0,2,0.0
U06199,treatment,mobile,FR,6,0,3,0.0
U06200,treatment,desktop,US,6,0,5,0.0
U06201,control,mobile,DE,7,0,4,0.0
U06202,control,console,FR,6,0,2,0.0
U06203,control,mobile,US,8,0,3,0.0
U06204,treatment,desktop,UK,7,1,8,10.34
U06205,treatment,desktop,FR,4,0,3,0.0
U06206,treatment,console,US,1,0,1,0.0
U06207,treatment,desktop,CA,2,0,1,0.0
U06208,control,desktop,US,8,0,4,0.0
U06209,control,mobile,US,1,0,3,0.0
U06210,control,desktop,US,5,0,3,0.0
U06211,control,desktop,US,3,0,1,0.0
U06212,control,desktop,CA,6,0,2,0.0
U06213,treatment,console,US,5,0,1,0.0
U06214,treatment,mobile,DE,4,0,4,0.0
U06215,control,mobile,US,4,1,6,21.53
U06216,treatment,console,UK,8,0,3,0.0
U06217,treatment,mobile,US,6,0,6,0.0
U06218,treatment,desktop,US,5,0,7,0.0
U06219,treatment,desktop,DE,3,0,7,0.0
U06220,treatment,console,US,9,1,4,35.18
U06221,treatment,mobile,CA,2,0,6,0.0
U06222,control,mobile,US,3,0,5,0.0
U06223,treatment,console,FR,5,0,4,0.0
U06224,control,desktop,UK,6,0,1,0.0
U06225,treatment,desktop,DE,7,0,4,0.0
U06226,control,mobile,US,5,0,2,0.0
U06227,treatment,mobile,US,5,0,6,0.0
U06228,treatment,console,FR,5,0,4,0.0
U06229,control,desktop,DE,7,0,3,0.0
U06230,treatment,console,US,5,0,2,0.0
U06231,treatment,console,DE,2,0,3,0.0
U06232,treatment,desktop,US,3,0,2,0.0
U06233,control,desktop,UK,7,0,2,0.0
U06234,control,desktop,DE,5,0,4,0.0
U06235,treatment,console,CA,7,0,7,0.0
U06236,control,desktop,UK,8,0,4,0.0
U06237,treatment,mobile,DE,4,0,2,0.0
U06238,treatment,console,FR,8,0,3,0.0
U06239,control,desktop,US,8,0,4,0.0
U06240,control,console,US,2,0,5,0.0
U06241,control,mobile,US,6,0,5,0.0
U06242,treatment,desktop,UK,3,0,3,0.0
U06243,treatment,desktop,US,8,0,4,0.0
U06244,control,console,DE,4,1,3,23.33
U06245,control,mobile,US,9,0,3,0.0
U06246,control,mobile,US,7,0,4,0.0
U06247,control,console,US,5,0,1,0.0
U06248,treatment,console,US,5,0,3,0.0
U06249,treatment,mobile,DE,9,0,6,0.0
U06250,treatment,mobile,DE,5,0,3,0.0
U06251,control,desktop,US,5,0,4,0.0
U06252,treatment,mobile,US,6,0,6,0.0
U06253,treatment,mobile,US,2,0,6,0.0
U06254,control,desktop,US,3,0,2,0.0
U06255,control,desktop,FR,4,0,2,0.0
U06256,treatment,mobile,DE,5,0,3,0.0
U06257,control,mobile,DE,4,0,5,0.0
U06258,control,console,US,4,0,4,0.0
U06259,control,desktop,FR,5,0,5,0.0
U06260,treatment,console,US,5,0,8,0.0
U06261,treatment,mobile,US,8,0,2,0.0
U06262,treatment,console,UK,7,0,1,0.0
U06263,treatment,console,FR,1,0,3,0.0
U06264,treatment,mobile,DE,4,0,3,0.0
U06265,control,desktop,FR,7,0,6,0.0
U06266,control,desktop,US,6,0,1,0.0
U06267,treatment,mobile,FR,5,1,4,20.61
U06268,control,console,US,5,0,5,0.0
U06269,control,mobile,DE,3,1,4,18.18
U06270,control,desktop,UK,4,0,0,0.0
U06271,control,console,DE,9,0,5,0.0
U06272,treatment,mobile,US,7,0,5,0.0
U06273,treatment,mobile,US,4,0,2,0.0
U06274,control,mobile,UK,4,0,1,0.0
U06275,treatment,console,US,4,0,2,0.0
U06276,treatment,mobile,UK,8,1,4,18.33
U06277,control,mobile,DE,7,0,5,0.0
U06278,treatment,desktop,US,6,0,3,0.0
U06279,control,console,CA,4,0,2,0.0
U06280,control,desktop,US,1,0,7,0.0
U06281,control,console,DE,4,0,4,0.0
U06282,treatment,mobile,DE,6,0,3,0.0
U06283,control,desktop,DE,4,0,6,0.0
U06284,treatment,desktop,US,5,0,2,0.0
U06285,treatment,mobile,US,6,0,3,0.0
U06286,treatment,console,UK,4,1,5,20.73
U06287,treatment,desktop,DE,6,0,3,0.0
U06288,treatment,mobile,US,8,0,5,0.0
U06289,control,mobile,US,6,0,1,0.0
U06290,control,mobile,CA,9,0,4,0.0
U06291,control,console,DE,3,0,4,0.0
U06292,control,mobile,US,6,1,6,8.53
U06293,treatment,console,US,5,0,8,0.0
U06294,control,mobile,DE,3,0,9,0.0
U06295,treatment,console,FR,5,1,3,8.98
U06296,control,console,FR,6,0,4,0.0
U06297,treatment,mobile,US,6,0,6,0.0
U06298,control,mobile,CA,4,0,3,0.0
U06299,control,console,UK,2,0,1,0.0
U06300,treatment,mobile,US,6,0,1,0.0
U06301,control,mobile,UK,6,0,0,0.0
U06302,control,console,US,4,0,6,0.0
U06303,treatment,console,US,5,0,3,0.0
U06304,treatment,console,US,4,1,4,11.68
U06305,treatment,console,UK,3,0,5,0.0
U06306,treatment,desktop,UK,8,1,4,3.1
U06307,control,console,CA,6,0,2,0.0
U06308,control,mobile,DE,3,1,2,24.19
U06309,control,console,DE,5,1,3,56.56
U06310,treatment,desktop,FR,6,0,6,0.0
U06311,control,desktop,DE,6,0,5,0.0
U06312,treatment,console,UK,3,0,3,0.0
U06313,treatment,desktop,CA,5,0,0,0.0
U06314,control,desktop,US,3,0,3,0.0
U06315,treatment,desktop,US,8,0,6,0.0
U06316,control,mobile,FR,8,0,4,0.0
U06317,treatment,mobile,US,8,0,2,0.0
U06318,treatment,console,US,5,1,7,11.91
U06319,treatment,mobile,FR,6,0,7,0.0
U06320,treatment,desktop,US,1,0,5,0.0
U06321,control,desktop,US,5,0,1,0.0
U06322,treatment,console,CA,2,1,5,4.03
U06323,control,console,FR,5,0,4,0.0
U06324,treatment,mobile,FR,7,0,3,0.0
U06325,treatment,mobile,US,4,0,4,0.0
U06326,control,desktop,FR,7,0,2,0.0
U06327,treatment,mobile,DE,6,0,3,0.0
U06328,treatment,desktop,DE,10,0,7,0.0
U06329,treatment,mobile,UK,3,0,2,0.0
U06330,treatment,mobile,US,3,0,1,0.0
U06331,treatment,console,US,5,0,1,0.0
U06332,treatment,console,CA,4,0,2,0.0
U06333,treatment,desktop,US,5,0,3,0.0
U06334,control,mobile,DE,7,0,7,0.0
U06335,treatment,console,US,7,0,2,0.0
U06336,treatment,desktop,US,5,1,0,9.25
U06337,treatment,console,US,3,1,4,28.13
U06338,control,mobile,FR,10,0,6,0.0
U06339,treatment,mobile,DE,3,0,2,0.0
U06340,control,desktop,UK,3,0,4,0.0
U06341,control,console,US,5,0,5,0.0
U06342,treatment,mobile,US,4,1,3,16.19
U06343,treatment,mobile,US,6,0,5,0.0
U06344,control,desktop,US,9,0,1,0.0
U06345,control,console,UK,9,0,6,0.0
U06346,control,console,US,5,0,3,0.0
U06347,control,console,DE,9,0,8,0.0
U06348,treatment,desktop,US,5,0,3,0.0
U06349,control,console,UK,4,0,3,0.0
U06350,treatment,desktop,US,6,0,2,0.0
U06351,treatment,mobile,US,5,0,5,0.0
U06352,treatment,desktop,UK,4,0,4,0.0
U06353,control,desktop,UK,5,0,3,0.0
U06354,treatment,desktop,US,6,1,4,5.33
U06355,treatment,mobile,FR,8,0,0,0.0
U06356,treatment,console,UK,3,0,5,0.0
U06357,control,console,CA,7,0,0,0.0
U06358,treatment,mobile,US,3,0,3,0.0
U06359,control,console,FR,4,0,3,0.0
U06360,treatment,mobile,CA,1,0,4,0.0
U06361,treatment,mobile,US,2,0,1,0.0
U06362,treatment,mobile,US,6,0,3,0.0
U06363,control,desktop,US,7,0,1,0.0
U06364,treatment,mobile,UK,10,0,2,0.0
U06365,treatment,desktop,FR,3,0,3,0.0
U06366,control,console,UK,6,1,5,5.16
U06367,treatment,desktop,FR,2,0,3,0.0
U06368,treatment,console,FR,5,0,5,0.0
U06369,treatment,console,DE,4,0,2,0.0
U06370,control,mobile,US,6,0,3,0.0
U06371,control,mobile,FR,7,0,3,0.0
U06372,treatment,mobile,UK,9,0,3,0.0
U06373,treatment,desktop,DE,6,0,4,0.0
U06374,treatment,mobile,UK,6,0,3,0.0
U06375,treatment,desktop,UK,2,0,2,0.0
U06376,control,desktop,US,5,0,5,0.0
U06377,treatment,desktop,US,3,0,5,0.0
U06378,control,mobile,UK,9,0,2,0.0
U06379,treatment,mobile,DE,5,0,5,0.0
U06380,treatment,mobile,US,8,0,4,0.0
U06381,control,console,CA,5,0,4,0.0
U06382,control,desktop,FR,5,1,6,23.62
U06383,treatment,desktop,FR,2,0,4,0.0
U06384,control,desktop,CA,2,0,2,0.0
U06385,treatment,desktop,FR,6,0,1,0.0
U06386,control,mobile,UK,7,0,3,0.0
U06387,control,mobile,UK,5,0,1,0.0
U06388,control,mobile,US,3,0,3,0.0
U06389,treatment,mobile,US,1,0,5,0.0
U06390,treatment,mobile,FR,5,0,5,0.0
U06391,treatment,console,US,7,0,3,0.0
U06392,control,mobile,FR,1,1,6,2.51
U06393,control,mobile,US,4,0,2,0.0
U06394,control,mobile,CA,5,0,2,0.0
U06395,control,mobile,UK,6,0,3,0.0
U06396,treatment,mobile,US,5,0,3,0.0
U06397,control,mobile,CA,3,0,5,0.0
U06398,control,mobile,US,3,0,4,0.0
U06399,control,console,DE,4,1,3,28.87
U06400,treatment,mobile,US,7,0,4,0.0
U06401,control,mobile,FR,2,0,3,0.0
U06402,treatment,desktop,DE,4,0,3,0.0
U06403,control,mobile,FR,5,0,2,0.0
U06404,treatment,desktop,US,7,0,0,0.0
U06405,control,mobile,DE,5,0,3,0.0
U06406,control,console,US,1,0,3,0.0
U06407,control,console,US,8,0,6,0.0
U06408,control,desktop,DE,4,0,1,0.0
U06409,control,mobile,UK,4,1,7,17.38
U06410,treatment,desktop,FR,2,0,5,0.0
U06411,treatment,mobile,US,7,0,8,0.0
U06412,treatment,console,UK,5,1,4,26.22
U06413,control,mobile,DE,7,0,5,0.0
U06414,treatment,desktop,DE,5,0,3,0.0
U06415,treatment,mobile,DE,5,0,5,0.0
U06416,control,desktop,CA,3,0,3,0.0
U06417,control,mobile,US,4,1,2,34.83
U06418,control,mobile,CA,4,0,5,0.0
U06419,control,desktop,US,6,0,3,0.0
U06420,treatment,desktop,US,5,0,4,0.0
U06421,treatment,mobile,DE,4,0,5,0.0
U06422,treatment,mobile,UK,3,0,3,0.0
U06423,control,console,CA,4,0,3,0.0
U06424,treatment,desktop,US,8,0,5,0.0
U06425,control,desktop,UK,5,0,2,0.0
U06426,treatment,desktop,DE,4,0,6,0.0
U06427,treatment,desktop,UK,9,0,4,0.0
U06428,treatment,desktop,UK,11,0,6,0.0
U06429,control,mobile,UK,4,0,2,0.0
U06430,treatment,desktop,FR,5,0,3,0.0
U06431,treatment,desktop,UK,6,0,7,0.0
U06432,treatment,mobile,US,4,0,4,0.0
U06433,control,desktop,US,7,0,2,0.0
U06434,control,mobile,CA,7,0,3,0.0
U06435,treatment,mobile,CA,2,0,5,0.0
U06436,treatment,console,CA,5,0,5,0.0
U06437,treatment,console,US,1,0,3,0.0
U06438,control,mobile,US,4,0,7,0.0
U06439,control,desktop,FR,3,0,0,0.0
U06440,control,mobile,UK,5,0,1,0.0
U06441,treatment,desktop,UK,9,1,4,5.75
U06442,control,desktop,CA,3,0,4,0.0
U06443,control,console,UK,4,0,1,0.0
U06444,treatment,mobile,US,6,0,1,0.0
U06445,treatment,mobile,UK,3,1,3,16.76
U06446,treatment,console,UK,10,0,8,0.0
U06447,control,mobile,CA,4,0,6,0.0
U06448,control,mobile,UK,6,0,7,0.0
U06449,treatment,mobile,US,12,0,3,0.0
U06450,treatment,desktop,US,7,0,2,0.0
U06451,treatment,mobile,US,6,1,4,18.74
U06452,control,desktop,FR,4,1,4,12.44
U06453,treatment,mobile,DE,3,0,5,0.0
U06454,treatment,desktop,US,5,1,6,6.29
U06455,treatment,console,US,3,0,3,0.0
U06456,treatment,mobile,UK,10,0,10,0.0
U06457,treatment,desktop,US,5,0,2,0.0
U06458,control,desktop,CA,5,0,1,0.0
U06459,control,mobile,FR,3,0,7,0.0
U06460,treatment,console,UK,3,0,5,0.0
U06461,control,console,FR,3,0,1,0.0
U06462,control,console,FR,4,0,4,0.0
U06463,treatment,console,FR,3,0,4,0.0
U06464,control,desktop,FR,3,1,9,9.22
U06465,control,desktop,CA,4,0,4,0.0
U06466,treatment,mobile,UK,7,0,8,0.0
U06467,control,console,US,7,1,2,26.01
U06468,control,desktop,CA,5,0,5,0.0
U06469,control,mobile,US,5,0,3,0.0
U06470,control,console,DE,10,0,3,0.0
U06471,control,desktop,US,5,0,5,0.0
U06472,treatment,console,US,10,1,2,13.16
U06473,control,console,CA,4,0,7,0.0
U06474,control,console,US,4,1,10,12.38
U06475,control,desktop,US,9,0,6,0.0
U06476,control,desktop,US,8,0,6,0.0
U06477,treatment,console,CA,5,0,4,0.0
U06478,control,mobile,US,7,0,4,0.0
U06479,control,mobile,CA,6,0,2,0.0
U06480,treatment,console,US,6,0,5,0.0
U06481,treatment,console,CA,7,0,4,0.0
U06482,treatment,console,US,3,0,1,0.0
U06483,treatment,mobile,FR,8,1,4,32.62
U06484,treatment,mobile,US,5,0,4,0.0
U06485,control,console,UK,2,0,1,0.0
U06486,treatment,mobile,US,3,0,5,0.0
U06487,treatment,desktop,FR,4,0,4,0.0
U06488,control,mobile,DE,2,0,3,0.0
U06489,control,console,US,5,0,2,0.0
U06490,control,desktop,UK,2,0,2,0.0
U06491,treatment,mobile,FR,5,0,2,0.0
U06492,treatment,desktop,DE,2,0,2,0.0
U06493,treatment,mobile,DE,4,0,7,0.0
U06494,control,desktop,US,4,0,1,0.0
U06495,control,desktop,US,4,0,2,0.0
U06496,control,desktop,US,3,0,1,0.0
U06497,control,mobile,UK,5,0,1,0.0
U06498,control,mobile,CA,5,0,4,0.0
U06499,control,mobile,US,3,0,1,0.0
U06500,control,console,US,4,0,3,0.0
U06501,control,mobile,US,7,0,5,0.0
U06502,treatment,desktop,US,5,0,3,0.0
U06503,treatment,mobile,DE,4,0,3,0.0
U06504,treatment,console,DE,6,0,5,0.0
U06505,treatment,console,FR,4,0,5,0.0
U06506,control,mobile,UK,5,0,4,0.0
U06507,control,desktop,FR,8,0,3,0.0
U06508,treatment,desktop,CA,4,1,7,18.03
U06509,control,console,CA,6,0,4,0.0
U06510,control,console,UK,3,0,3,0.0
U06511,control,desktop,US,4,0,3,0.0
U06512,treatment,console,CA,5,0,8,0.0
U06513,control,desktop,FR,4,0,1,0.0
U06514,control,mobile,UK,6,0,4,0.0
U06515,control,desktop,FR,2,0,3,0.0
U06516,control,desktop,FR,3,0,5,0.0
U06517,treatment,mobile,FR,6,0,2,0.0
U06518,control,desktop,US,5,0,1,0.0
U06519,control,mobile,DE,6,0,3,0.0
U06520,control,mobile,DE,2,0,4,0.0
U06521,control,console,US,2,0,3,0.0
U06522,treatment,mobile,FR,7,0,7,0.0
U06523,treatment,console,US,3,0,3,0.0
U06524,control,mobile,UK,7,0,5,0.0
U06525,control,desktop,FR,5,0,3,0.0
U06526,treatment,console,US,3,0,4,0.0
U06527,treatment,console,UK,8,0,5,0.0
U06528,control,console,FR,5,0,3,0.0
U06529,control,mobile,FR,5,0,4,0.0
U06530,control,mobile,FR,6,1,3,19.41
U06531,control,desktop,US,6,0,2,0.0
U06532,treatment,console,DE,5,0,5,0.0
U06533,treatment,console,UK,5,0,5,0.0
U06534,control,desktop,UK,7,0,6,0.0
U06535,treatment,mobile,US,8,0,4,0.0
U06536,control,mobile,US,6,0,2,0.0
U06537,control,console,DE,3,1,6,10.1
U06538,treatment,desktop,UK,3,0,7,0.0
U06539,treatment,console,FR,5,0,6,0.0
U06540,control,desktop,CA,10,0,2,0.0
U06541,control,console,UK,5,0,4,0.0
U06542,treatment,console,FR,3,0,1,0.0
U06543,treatment,mobile,DE,4,0,3,0.0
U06544,treatment,console,US,9,0,1,0.0
U06545,control,mobile,US,7,0,4,0.0
U06546,control,mobile,DE,9,0,3,0.0
U06547,control,console,US,3,0,5,0.0
U06548,treatment,mobile,DE,4,0,1,0.0
U06549,treatment,mobile,US,8,0,6,0.0
U06550,treatment,desktop,UK,4,0,5,0.0
U06551,treatment,console,US,5,0,4,0.0
U06552,treatment,mobile,US,5,0,8,0.0
U06553,treatment,desktop,DE,5,0,9,0.0
U06554,control,desktop,DE,6,0,3,0.0
U06555,control,mobile,US,6,1,1,6.75
U06556,treatment,desktop,FR,3,1,4,36.1
U06557,treatment,desktop,US,4,0,3,0.0
U06558,control,console,DE,1,0,1,0.0
U06559,treatment,desktop,US,2,0,3,0.0
U06560,treatment,console,UK,5,0,5,0.0
U06561,control,console,FR,5,0,4,0.0
U06562,treatment,mobile,CA,3,0,5,0.0
U06563,treatment,console,US,2,1,6,26.02
U06564,treatment,desktop,US,5,0,2,0.0
U06565,treatment,mobile,DE,6,0,5,0.0
U06566,control,desktop,US,4,0,3,0.0
U06567,control,console,FR,9,0,4,0.0
U06568,treatment,mobile,UK,2,0,8,0.0
U06569,treatment,mobile,UK,6,0,5,0.0
U06570,treatment,desktop,UK,5,0,4,0.0
U06571,control,mobile,US,4,0,4,0.0
U06572,treatment,console,FR,8,0,3,0.0
U06573,control,mobile,DE,6,0,7,0.0
U06574,control,console,UK,1,0,1,0.0
U06575,treatment,console,UK,4,0,3,0.0
U06576,control,mobile,US,5,0,3,0.0
U06577,treatment,desktop,DE,6,0,3,0.0
U06578,control,mobile,US,3,0,1,0.0
U06579,treatment,mobile,UK,4,0,6,0.0
U06580,control,desktop,FR,8,0,6,0.0
U06581,control,mobile,DE,7,0,2,0.0
U06582,treatment,console,CA,4,0,2,0.0
U06583,treatment,desktop,US,4,0,3,0.0
U06584,treatment,mobile,US,4,0,4,0.0
U06585,treatment,mobile,UK,7,0,5,0.0
U06586,control,console,CA,4,0,7,0.0
U06587,treatment,mobile,UK,6,1,3,4.93
U06588,treatment,desktop,US,5,1,4,13.32
U06589,control,mobile,US,3,0,2,0.0
U06590,control,console,US,6,0,4,0.0
U06591,control,mobile,US,5,0,3,0.0
U06592,control,desktop,DE,5,0,2,0.0
U06593,treatment,desktop,UK,5,0,6,0.0
U06594,control,mobile,DE,6,0,3,0.0
U06595,control,desktop,FR,4,0,3,0.0
U06596,control,mobile,UK,6,0,7,0.0
U06597,control,mobile,UK,5,0,4,0.0
U06598,treatment,mobile,CA,3,0,1,0.0
U06599,control,desktop,US,3,0,1,0.0
U06600,treatment,console,US,6,0,7,0.0
U06601,control,mobile,US,5,0,2,0.0
U06602,treatment,console,US,3,1,4,5.34
U06603,control,console,DE,7,0,3,0.0
U06604,control,mobile,FR,5,0,1,0.0
U06605,control,mobile,US,3,0,1,0.0
U06606,treatment,mobile,US,3,0,5,0.0
U06607,control,mobile,US,2,1,2,9.34
U06608,treatment,console,US,1,0,6,0.0
U06609,control,desktop,DE,5,0,4,0.0
U06610,control,mobile,DE,7,0,5,0.0
U06611,treatment,desktop,FR,5,0,7,0.0
U06612,control,mobile,UK,4,0,3,0.0
U06613,treatment,console,UK,5,0,3,0.0
U06614,treatment,desktop,FR,3,0,4,0.0
U06615,control,mobile,US,5,0,3,0.0
U06616,control,desktop,UK,4,0,3,0.0
U06617,control,mobile,CA,6,0,2,0.0
U06618,control,console,DE,5,0,3,0.0
U06619,control,mobile,US,3,1,3,6.86
U06620,control,console,FR,1,0,2,0.0
U06621,control,console,US,2,0,2,0.0
U06622,treatment,desktop,US,4,0,3,0.0
U06623,control,desktop,US,4,0,2,0.0
U06624,control,desktop,US,2,1,8,4.67
U06625,treatment,mobile,US,2,0,7,0.0
U06626,control,console,DE,7,0,3,0.0
U06627,control,desktop,US,2,1,4,11.32
U06628,treatment,console,UK,9,0,2,0.0
U06629,control,desktop,DE,6,0,3,0.0
U06630,treatment,mobile,UK,8,0,3,0.0
U06631,treatment,mobile,FR,5,0,5,0.0
U06632,control,mobile,DE,7,0,6,0.0
U06633,treatment,mobile,US,2,0,2,0.0
U06634,treatment,desktop,US,7,0,1,0.0
U06635,treatment,mobile,UK,5,0,4,0.0
U06636,treatment,console,DE,8,0,4,0.0
U06637,treatment,mobile,UK,5,0,2,0.0
U06638,treatment,desktop,DE,2,0,2,0.0
U06639,control,mobile,UK,6,0,5,0.0
U06640,control,mobile,US,4,1,4,16.83
U06641,treatment,desktop,UK,6,0,2,0.0
U06642,control,mobile,UK,7,0,2,0.0
U06643,control,desktop,US,2,0,4,0.0
U06644,control,desktop,DE,7,0,2,0.0
U06645,treatment,mobile,US,4,0,5,0.0
U06646,control,desktop,US,4,0,3,0.0
U06647,treatment,mobile,FR,6,0,2,0.0
U06648,control,mobile,US,4,0,3,0.0
U06649,treatment,console,US,3,0,4,0.0
U06650,treatment,mobile,US,7,0,6,0.0
U06651,control,mobile,UK,2,0,1,0.0
U06652,treatment,desktop,UK,2,0,8,0.0
U06653,control,desktop,CA,9,0,2,0.0
U06654,treatment,console,UK,5,0,3,0.0
U06655,control,console,UK,3,0,4,0.0
U06656,control,console,US,5,0,5,0.0
U06657,control,desktop,FR,3,0,6,0.0
U06658,treatment,mobile,US,5,0,2,0.0
U06659,treatment,mobile,FR,3,0,3,0.0
U06660,treatment,console,US,6,0,7,0.0
U06661,control,mobile,FR,7,0,6,0.0
U06662,control,mobile,FR,4,0,3,0.0
U06663,control,desktop,US,6,0,2,0.0
U06664,treatment,console,CA,6,0,6,0.0
U06665,treatment,desktop,CA,5,0,4,0.0
U06666,control,mobile,UK,2,0,6,0.0
U06667,control,console,US,6,1,4,44.49
U06668,treatment,mobile,DE,5,0,2,0.0
U06669,control,console,FR,2,0,1,0.0
U06670,control,mobile,DE,2,0,2,0.0
U06671,treatment,console,DE,5,0,4,0.0
U06672,control,console,US,5,0,3,0.0
U06673,treatment,mobile,FR,1,0,4,0.0
U06674,treatment,console,UK,2,0,3,0.0
U06675,treatment,mobile,DE,3,0,2,0.0
U06676,treatment,mobile,US,5,0,2,0.0
U06677,control,mobile,FR,4,0,3,0.0
U06678,treatment,desktop,FR,3,0,4,0.0
U06679,treatment,mobile,UK,3,0,3,0.0
U06680,control,desktop,FR,2,0,0,0.0
U06681,treatment,console,FR,7,0,4,0.0
U06682,treatment,console,UK,9,1,4,10.84
U06683,control,mobile,US,5,0,2,0.0
U06684,control,desktop,UK,4,0,4,0.0
U06685,control,mobile,UK,3,0,4,0.0
U06686,control,mobile,FR,4,0,3,0.0
U06687,treatment,console,US,5,0,5,0.0
U06688,treatment,console,DE,8,0,5,0.0
U06689,control,mobile,UK,4,0,0,0.0
U06690,control,mobile,UK,5,0,8,0.0
U06691,treatment,mobile,DE,5,0,4,0.0
U06692,treatment,mobile,US,7,0,2,0.0
U06693,control,mobile,FR,2,0,3,0.0
U06694,control,mobile,UK,6,0,4,0.0
U06695,treatment,mobile,DE,3,0,4,0.0
U06696,control,mobile,DE,3,0,3,0.0
U06697,control,console,DE,6,0,6,0.0
U06698,treatment,console,DE,2,0,7,0.0
U06699,treatment,desktop,US,5,1,0,31.59
U06700,treatment,mobile,FR,2,0,2,0.0
U06701,treatment,console,US,4,0,4,0.0
U06702,treatment,mobile,FR,9,0,2,0.0
U06703,treatment,console,UK,7,0,0,0.0
U06704,control,mobile,UK,5,0,3,0.0
U06705,control,console,US,4,1,2,20.68
U06706,treatment,mobile,US,7,0,2,0.0
U06707,treatment,console,UK,5,1,4,7.73
U06708,control,mobile,UK,4,0,2,0.0
U06709,control,console,UK,5,0,1,0.0
U06710,treatment,desktop,UK,3,1,4,13.45
U06711,control,mobile,UK,5,0,8,0.0
U06712,treatment,console,FR,4,0,3,0.0
U06713,treatment,mobile,CA,6,0,5,0.0
U06714,control,desktop,US,5,0,2,0.0
U06715,treatment,mobile,UK,6,0,3,0.0
U06716,control,console,US,7,1,3,6.19
U06717,treatment,console,FR,1,0,3,0.0
U06718,control,desktop,CA,3,0,3,0.0
U06719,control,console,US,11,0,5,0.0
U06720,treatment,console,UK,6,0,1,0.0
U06721,control,desktop,US,3,0,1,0.0
U06722,treatment,mobile,US,3,0,4,0.0
U06723,treatment,desktop,UK,4,0,3,0.0
U06724,control,mobile,DE,4,0,3,0.0
U06725,treatment,desktop,UK,6,0,5,0.0
U06726,treatment,mobile,UK,6,0,5,0.0
U06727,control,console,DE,6,1,5,8.04
U06728,treatment,desktop,FR,5,0,3,0.0
U06729,treatment,desktop,UK,3,0,2,0.0
U06730,control,mobile,FR,4,0,1,0.0
U06731,control,mobile,US,7,1,5,11.04
U06732,control,console,US,4,0,5,0.0
U06733,control,desktop,UK,6,0,1,0.0
U06734,control,console,US,7,0,5,0.0
U06735,treatment,desktop,UK,3,0,3,0.0
U06736,treatment,mobile,DE,2,1,1,26.74
U06737,control,desktop,FR,2,0,3,0.0
U06738,treatment,desktop,UK,3,0,3,0.0
U06739,control,mobile,US,4,0,5,0.0
U06740,treatment,desktop,US,6,1,3,16.79
U06741,treatment,mobile,US,2,0,1,0.0
U06742,control,mobile,FR,6,0,8,0.0
U06743,control,mobile,UK,6,1,3,12.24
U06744,control,desktop,DE,5,0,7,0.0
U06745,control,desktop,US,5,0,1,0.0
U06746,treatment,mobile,FR,3,0,6,0.0
U06747,treatment,console,US,6,0,4,0.0
U06748,treatment,console,UK,4,0,8,0.0
U06749,control,mobile,UK,5,0,2,0.0
U06750,control,mobile,DE,8,1,7,2.08
U06751,control,mobile,US,6,0,3,0.0
U06752,control,mobile,US,10,0,4,0.0
U06753,control,console,UK,7,0,3,0.0
U06754,control,console,UK,4,0,0,0.0
U06755,treatment,mobile,US,1,0,3,0.0
U06756,control,desktop,UK,3,0,2,0.0
U06757,control,mobile,CA,7,0,2,0.0
U06758,treatment,mobile,FR,2,0,1,0.0
U06759,treatment,mobile,UK,6,0,3,0.0
U06760,treatment,mobile,US,4,0,5,0.0
U06761,control,mobile,UK,4,0,2,0.0
U06762,control,mobile,CA,8,0,4,0.0
U06763,control,mobile,US,5,0,7,0.0
U06764,treatment,desktop,US,5,0,2,0.0
U06765,control,desktop,DE,7,0,6,0.0
U06766,treatment,mobile,UK,1,0,4,0.0
U06767,control,desktop,US,1,1,1,52.07
U06768,treatment,mobile,US,5,0,3,0.0
U06769,control,console,US,4,0,4,0.0
U06770,control,mobile,UK,5,0,4,0.0
U06771,control,desktop,CA,7,1,4,17.14
U06772,control,mobile,US,3,0,2,0.0
U06773,treatment,mobile,FR,2,0,3,0.0
U06774,treatment,desktop,UK,7,0,1,0.0
U06775,control,console,FR,4,0,4,0.0
U06776,control,console,DE,7,0,4,0.0
U06777,treatment,desktop,DE,4,0,3,0.0
U06778,control,mobile,FR,6,0,1,0.0
U06779,control,console,US,6,0,0,0.0
U06780,treatment,mobile,DE,4,1,5,14.88
U06781,control,desktop,FR,3,0,2,0.0
U06782,treatment,console,UK,6,0,0,0.0
U06783,treatment,mobile,UK,2,0,2,0.0
U06784,control,desktop,CA,5,0,0,0.0
U06785,control,mobile,FR,5,0,4,0.0
U06786,control,mobile,US,6,1,2,40.72
U06787,control,console,FR,3,0,5,0.0
U06788,treatment,mobile,FR,8,0,4,0.0
U06789,treatment,mobile,US,4,0,2,0.0
U06790,control,desktop,UK,7,0,6,0.0
U06791,treatment,mobile,US,8,0,5,0.0
U06792,control,mobile,US,5,0,2,0.0
U06793,treatment,mobile,UK,5,0,3,0.0
U06794,treatment,desktop,CA,3,0,3,0.0
U06795,control,mobile,DE,2,0,3,0.0
U06796,control,console,FR,9,0,3,0.0
U06797,treatment,mobile,US,7,0,6,0.0
U06798,treatment,console,US,2,1,3,19.37
U06799,treatment,mobile,US,4,0,5,0.0
U06800,control,mobile,DE,5,0,4,0.0
U06801,control,console,US,3,0,1,0.0
U06802,control,console,UK,4,0,5,0.0
U06803,treatment,mobile,FR,8,0,3,0.0
U06804,control,mobile,US,4,0,4,0.0
U06805,control,console,US,8,0,4,0.0
U06806,treatment,mobile,US,5,0,2,0.0
U06807,treatment,mobile,CA,3,0,1,0.0
U06808,treatment,desktop,US,3,0,5,0.0
U06809,control,console,UK,10,0,10,0.0
U06810,treatment,desktop,CA,3,0,3,0.0
U06811,treatment,desktop,CA,2,0,1,0.0
U06812,treatment,console,UK,6,0,3,0.0
U06813,control,mobile,FR,5,0,1,0.0
U06814,treatment,console,CA,2,0,4,0.0
U06815,control,mobile,UK,3,1,2,21.5
U06816,control,desktop,FR,3,0,5,0.0
U06817,treatment,desktop,UK,4,0,1,0.0
U06818,treatment,mobile,FR,8,0,4,0.0
U06819,control,desktop,UK,7,0,4,0.0
U06820,control,console,DE,4,1,3,24.51
U06821,treatment,desktop,FR,3,0,2,0.0
U06822,control,mobile,UK,3,0,5,0.0
U06823,control,mobile,FR,6,0,4,0.0
U06824,treatment,desktop,UK,5,0,3,0.0
U06825,treatment,desktop,UK,4,0,1,0.0
U06826,treatment,mobile,CA,4,1,5,21.85
U06827,treatment,mobile,CA,7,0,0,0.0
U06828,treatment,desktop,DE,7,0,3,0.0
U06829,control,mobile,FR,5,1,2,3.34
U06830,control,mobile,UK,3,0,1,0.0
U06831,control,mobile,US,7,0,3,0.0
U06832,treatment,desktop,FR,4,0,9,0.0
U06833,control,console,FR,2,0,2,0.0
U06834,control,desktop,US,8,0,1,0.0
U06835,treatment,mobile,US,3,0,2,0.0
U06836,control,console,DE,5,0,7,0.0
U06837,control,mobile,UK,5,0,3,0.0
U06838,treatment,console,FR,5,1,5,12.98
U06839,control,mobile,US,5,0,2,0.0
U06840,control,console,US,7,0,5,0.0
U06841,treatment,console,UK,4,0,3,0.0
U06842,treatment,console,DE,5,0,1,0.0
U06843,control,mobile,CA,5,0,5,0.0
U06844,control,console,US,3,0,1,0.0
U06845,control,desktop,CA,2,0,6,0.0
U06846,treatment,mobile,US,4,0,2,0.0
U06847,control,desktop,US,6,0,5,0.0
U06848,treatment,desktop,FR,4,0,1,0.0
U06849,treatment,console,UK,5,1,5,9.31
U06850,control,console,US,3,0,6,0.0
U06851,treatment,mobile,DE,4,1,5,4.98
U06852,treatment,desktop,UK,5,0,2,0.0
U06853,control,mobile,FR,7,0,5,0.0
U06854,control,mobile,US,4,0,4,0.0
U06855,control,console,US,7,0,4,0.0
U06856,control,desktop,US,6,0,5,0.0
U06857,control,console,US,4,0,4,0.0
U06858,control,desktop,DE,5,0,4,0.0
U06859,treatment,mobile,UK,5,0,0,0.0
U06860,treatment,desktop,FR,3,0,2,0.0
U06861,control,mobile,UK,9,0,5,0.0
U06862,treatment,console,US,6,0,6,0.0
U06863,treatment,console,DE,5,0,7,0.0
U06864,control,console,US,3,0,5,0.0
U06865,control,console,US,8,0,4,0.0
U06866,treatment,desktop,US,3,0,4,0.0
U06867,control,desktop,US,3,0,2,0.0
U06868,control,console,US,3,0,3,0.0
U06869,treatment,mobile,CA,3,0,3,0.0
U06870,control,console,UK,8,0,3,0.0
U06871,control,mobile,US,5,0,2,0.0
U06872,treatment,console,US,5,0,2,0.0
U06873,treatment,desktop,FR,3,0,4,0.0
U06874,treatment,console,UK,4,0,3,0.0
U06875,treatment,desktop,UK,4,1,3,12.07
U06876,treatment,desktop,US,4,0,2,0.0
U06877,treatment,console,DE,5,0,2,0.0
U06878,treatment,mobile,UK,7,0,3,0.0
U06879,treatment,mobile,FR,7,0,4,0.0
U06880,treatment,mobile,US,4,1,2,18.09
U06881,control,desktop,CA,8,0,0,0.0
U06882,treatment,desktop,CA,8,0,1,0.0
U06883,control,desktop,FR,5,1,4,14.48
U06884,control,mobile,DE,2,0,3,0.0
U06885,treatment,mobile,DE,6,0,5,0.0
U06886,treatment,console,FR,1,0,3,0.0
U06887,treatment,desktop,UK,4,0,2,0.0
U06888,control,mobile,FR,3,0,4,0.0
U06889,control,mobile,US,3,0,2,0.0
U06890,treatment,mobile,FR,5,0,2,0.0
U06891,treatment,console,US,7,0,4,0.0
U06892,treatment,desktop,DE,6,0,3,0.0
U06893,control,desktop,US,4,0,2,0.0
U06894,treatment,desktop,US,5,0,4,0.0
U06895,control,console,US,8,0,4,0.0
U06896,treatment,mobile,DE,5,0,3,0.0
U06897,control,mobile,US,6,0,6,0.0
U06898,treatment,mobile,CA,5,0,2,0.0
U06899,control,console,FR,4,0,0,0.0
U06900,control,desktop,FR,7,0,6,0.0
U06901,control,desktop,CA,7,0,6,0.0
U06902,treatment,console,US,5,0,4,0.0
U06903,treatment,mobile,FR,3,0,4,0.0
U06904,control,mobile,US,4,0,4,0.0
U06905,control,desktop,UK,4,0,2,0.0
U06906,treatment,console,UK,3,0,1,0.0
U06907,control,mobile,UK,4,0,3,0.0
U06908,treatment,desktop,UK,4,0,4,0.0
U06909,treatment,console,US,2,0,1,0.0
U06910,treatment,desktop,CA,3,0,2,0.0
U06911,treatment,desktop,US,5,0,2,0.0
U06912,treatment,mobile,CA,6,1,4,14.94
U06913,treatment,mobile,FR,6,0,2,0.0
U06914,treatment,mobile,FR,4,0,0,0.0
U06915,control,mobile,FR,7,0,4,0.0
U06916,control,console,CA,3,0,1,0.0
U06917,treatment,desktop,UK,7,0,5,0.0
U06918,control,console,US,7,0,6,0.0
U06919,treatment,mobile,US,7,0,4,0.0
U06920,control,mobile,US,4,0,2,0.0
U06921,treatment,console,US,6,0,4,0.0
U06922,treatment,mobile,US,7,0,5,0.0
U06923,treatment,mobile,CA,6,0,1,0.0
U06924,control,mobile,US,6,0,5,0.0
U06925,treatment,mobile,CA,6,1,5,7.81
U06926,control,mobile,UK,4,1,5,8.13
U06927,control,mobile,DE,3,0,2,0.0
U06928,treatment,console,US,5,0,6,0.0
U06929,control,mobile,CA,3,0,2,0.0
U06930,treatment,desktop,DE,6,0,2,0.0
U06931,treatment,desktop,UK,5,1,4,21.9
U06932,control,desktop,CA,5,0,0,0.0
U06933,control,desktop,US,3,0,6,0.0
U06934,treatment,mobile,CA,7,0,1,0.0
U06935,treatment,mobile,UK,5,0,2,0.0
U06936,treatment,desktop,US,2,0,5,0.0
U06937,treatment,console,US,5,0,1,0.0
U06938,control,mobile,DE,7,0,5,0.0
U06939,treatment,desktop,FR,9,0,4,0.0
U06940,control,console,DE,4,0,4,0.0
U06941,control,console,UK,4,0,6,0.0
U06942,control,console,US,2,0,4,0.0
U06943,control,desktop,US,3,0,3,0.0
U06944,control,console,US,4,0,2,0.0
U06945,control,desktop,US,5,1,7,23.93
U06946,treatment,desktop,US,4,0,4,0.0
U06947,treatment,console,US,5,0,2,0.0
U06948,control,mobile,DE,10,0,2,0.0
U06949,treatment,console,US,7,0,6,0.0
U06950,treatment,console,CA,4,0,6,0.0
U06951,control,desktop,FR,2,0,4,0.0
U06952,control,mobile,FR,4,0,2,0.0
U06953,treatment,console,FR,6,1,7,23.03
U06954,control,mobile,US,8,0,2,0.0
U06955,control,desktop,CA,5,0,2,0.0
U06956,treatment,mobile,US,6,0,2,0.0
U06957,control,console,US,4,0,0,0.0
U06958,control,console,FR,7,0,4,0.0
U06959,control,mobile,FR,6,1,2,23.25
U06960,treatment,desktop,US,8,0,2,0.0
U06961,treatment,console,FR,5,0,2,0.0
U06962,control,mobile,DE,4,0,3,0.0
U06963,treatment,mobile,US,7,0,3,0.0
U06964,treatment,mobile,CA,4,0,4,0.0
U06965,treatment,console,US,4,0,4,0.0
U06966,treatment,desktop,FR,2,0,3,0.0
U06967,control,mobile,FR,7,0,2,0.0
U06968,control,mobile,UK,6,0,4,0.0
U06969,control,desktop,FR,10,0,3,0.0
U06970,control,mobile,UK,5,0,4,0.0
U06971,treatment,desktop,FR,3,0,1,0.0
U06972,treatment,mobile,FR,6,0,2,0.0
U06973,control,console,DE,5,0,3,0.0
U06974,control,desktop,CA,5,1,5,10.01
U06975,control,console,DE,8,0,2,0.0
U06976,treatment,mobile,US,4,0,7,0.0
U06977,treatment,desktop,US,5,0,1,0.0
U06978,control,console,DE,5,1,2,8.2
U06979,control,desktop,US,1,0,4,0.0
U06980,treatment,mobile,US,2,0,2,0.0
U06981,treatment,mobile,US,7,0,3,0.0
U06982,control,desktop,FR,7,0,3,0.0
U06983,control,desktop,DE,9,0,2,0.0
U06984,control,console,FR,6,0,6,0.0
U06985,treatment,console,US,4,0,4,0.0
U06986,control,desktop,CA,7,0,6,0.0
U06987,treatment,console,FR,4,0,4,0.0
U06988,control,desktop,US,5,0,3,0.0
U06989,treatment,mobile,US,6,0,1,0.0
U06990,treatment,mobile,CA,5,0,2,0.0
U06991,control,console,CA,5,0,2,0.0
U06992,control,mobile,US,7,0,1,0.0
U06993,control,console,FR,3,0,3,0.0
U06994,control,mobile,CA,5,0,5,0.0
U06995,control,mobile,US,8,0,3,0.0
U06996,treatment,console,US,4,0,6,0.0
U06997,control,console,FR,4,1,5,16.55
U06998,treatment,console,UK,4,1,6,12.82
U06999,control,mobile,FR,3,0,3,0.0
U07000,treatment,mobile,US,5,0,3,0.0
U07001,treatment,desktop,US,2,0,3,0.0
U07002,treatment,console,US,2,1,6,29.66
U07003,control,mobile,DE,6,0,4,0.0
U07004,treatment,desktop,US,7,0,4,0.0
U07005,treatment,mobile,US,5,0,5,0.0
U07006,control,desktop,US,4,0,5,0.0
U07007,treatment,mobile,UK,5,1,5,12.93
U07008,treatment,console,FR,6,0,3,0.0
U07009,treatment,mobile,US,3,0,4,0.0
U07010,control,desktop,US,3,0,4,0.0
U07011,control,console,UK,5,0,4,0.0
U07012,treatment,mobile,US,2,1,2,8.98
U07013,treatment,mobile,US,6,0,1,0.0
U07014,control,desktop,US,7,0,2,0.0
U07015,control,desktop,DE,2,0,3,0.0
U07016,treatment,desktop,UK,8,0,4,0.0
U07017,control,desktop,US,7,0,3,0.0
U07018,control,mobile,US,4,0,3,0.0
U07019,treatment,console,FR,5,0,5,0.0
U07020,control,mobile,UK,6,0,5,0.0
U07021,control,desktop,DE,4,0,3,0.0
U07022,treatment,console,CA,5,0,2,0.0
U07023,treatment,console,UK,4,0,1,0.0
U07024,treatment,mobile,US,8,0,2,0.0
U07025,control,mobile,FR,6,1,4,23.09
U07026,control,desktop,CA,4,0,2,0.0
U07027,control,mobile,US,5,0,3,0.0
U07028,treatment,desktop,DE,7,0,3,0.0
U07029,treatment,desktop,DE,6,1,2,12.25
U07030,treatment,mobile,US,5,0,5,0.0
U07031,treatment,mobile,DE,3,0,4,0.0
U07032,treatment,desktop,US,7,0,5,0.0
U07033,treatment,console,CA,6,0,3,0.0
U07034,treatment,mobile,US,2,0,4,0.0
U07035,treatment,mobile,US,6,0,4,0.0
U07036,control,mobile,DE,3,0,1,0.0
U07037,control,desktop,UK,4,0,4,0.0
U07038,control,console,US,4,0,3,0.0
U07039,control,console,UK,5,0,4,0.0
U07040,treatment,console,DE,4,0,1,0.0
U07041,treatment,desktop,US,5,0,6,0.0
U07042,treatment,console,FR,5,0,7,0.0
U07043,treatment,mobile,FR,9,0,2,0.0
U07044,control,desktop,US,3,0,4,0.0
U07045,control,desktop,DE,5,0,6,0.0
U07046,control,console,US,4,0,4,0.0
U07047,treatment,console,US,9,1,9,20.29
U07048,treatment,mobile,UK,3,0,2,0.0
U07049,control,console,UK,3,0,1,0.0
U07050,control,console,FR,5,1,5,4.14
U07051,treatment,console,CA,6,0,5,0.0
U07052,treatment,desktop,US,4,0,2,0.0
U07053,control,console,UK,7,0,1,0.0
U07054,treatment,console,UK,6,0,3,0.0
U07055,control,desktop,UK,2,1,4,10.07
U07056,treatment,mobile,FR,6,0,3,0.0
U07057,control,console,US,2,0,5,0.0
U07058,control,console,FR,1,0,2,0.0
U07059,treatment,desktop,US,4,0,1,0.0
U07060,treatment,console,US,5,0,5,0.0
U07061,control,mobile,DE,5,0,6,0.0
U07062,treatment,desktop,UK,3,0,0,0.0
U07063,treatment,mobile,DE,5,0,6,0.0
U07064,treatment,desktop,FR,5,0,6,0.0
U07065,control,mobile,UK,1,0,8,0.0
U07066,treatment,mobile,UK,8,0,7,0.0
U07067,treatment,mobile,US,4,1,2,15.03
U07068,control,mobile,CA,6,0,1,0.0
U07069,control,mobile,CA,4,0,1,0.0
U07070,control,desktop,UK,6,0,4,0.0
U07071,control,mobile,FR,7,0,4,0.0
U07072,treatment,mobile,FR,2,0,5,0.0
U07073,treatment,mobile,FR,5,1,4,16.02
U07074,treatment,mobile,UK,4,0,2,0.0
U07075,control,mobile,CA,3,0,1,0.0
U07076,treatment,console,FR,3,0,2,0.0
U07077,treatment,desktop,DE,6,0,3,0.0
U07078,treatment,mobile,UK,5,0,2,0.0
U07079,treatment,desktop,US,2,1,6,6.74
U07080,treatment,mobile,US,4,0,4,0.0
U07081,treatment,desktop,FR,5,0,3,0.0
U07082,control,console,FR,4,0,0,0.0
U07083,control,mobile,CA,9,0,3,0.0
U07084,control,mobile,US,7,0,2,0.0
U07085,treatment,desktop,CA,5,0,5,0.0
U07086,control,mobile,FR,3,0,4,0.0
U07087,treatment,mobile,UK,2,0,5,0.0
U07088,treatment,desktop,US,5,0,4,0.0
U07089,control,desktop,FR,9,1,4,29.98
U07090,treatment,mobile,DE,7,0,3,0.0
U07091,treatment,console,US,5,1,6,6.4
U07092,control,mobile,FR,6,0,3,0.0
U07093,treatment,mobile,US,5,0,4,0.0
U07094,treatment,desktop,DE,3,0,2,0.0
U07095,treatment,desktop,CA,5,1,5,55.68
U07096,control,desktop,US,5,0,1,0.0
U07097,control,desktop,UK,6,0,4,0.0
U07098,treatment,desktop,DE,5,0,6,0.0
U07099,control,console,DE,2,0,2,0.0
U07100,treatment,desktop,US,4,0,3,0.0
U07101,treatment,mobile,US,5,0,3,0.0
U07102,control,console,US,8,1,9,23.92
U07103,treatment,mobile,FR,7,0,4,0.0
U07104,treatment,console,DE,6,0,4,0.0
U07105,control,mobile,US,7,1,6,5.17
U07106,treatment,desktop,US,5,0,5,0.0
U07107,control,desktop,US,5,0,2,0.0
U07108,control,desktop,UK,2,0,2,0.0
U07109,control,mobile,UK,4,0,5,0.0
U07110,treatment,mobile,FR,5,0,3,0.0
U07111,treatment,console,FR,4,0,5,0.0
U07112,control,console,US,4,0,5,0.0
U07113,treatment,desktop,FR,6,0,2,0.0
U07114,treatment,mobile,US,2,0,0,0.0
U07115,treatment,mobile,DE,4,0,5,0.0
U07116,treatment,desktop,FR,11,1,0,20.44
U07117,control,mobile,US,5,0,2,0.0
U07118,treatment,console,DE,4,0,3,0.0
U07119,treatment,desktop,US,5,0,6,0.0
U07120,treatment,mobile,CA,4,0,5,0.0
U07121,treatment,mobile,US,6,0,4,0.0
U07122,control,mobile,DE,3,0,2,0.0
U07123,treatment,desktop,UK,6,0,4,0.0
U07124,control,desktop,US,4,0,4,0.0
U07125,control,mobile,US,4,0,3,0.0
U07126,treatment,desktop,FR,10,0,3,0.0
U07127,treatment,mobile,US,3,0,2,0.0
U07128,treatment,desktop,US,5,0,3,0.0
U07129,control,console,UK,4,0,4,0.0
U07130,treatment,mobile,US,1,0,4,0.0
U07131,treatment,mobile,US,4,0,3,0.0
U07132,treatment,console,US,3,0,11,0.0
U07133,treatment,mobile,US,1,0,4,0.0
U07134,control,mobile,CA,4,0,5,0.0
U07135,treatment,console,US,5,0,5,0.0
U07136,treatment,desktop,UK,6,0,6,0.0
U07137,treatment,console,FR,6,0,3,0.0
U07138,treatment,desktop,UK,4,0,2,0.0
U07139,treatment,desktop,FR,6,0,6,0.0
U07140,treatment,mobile,US,8,0,7,0.0
U07141,control,mobile,UK,8,1,5,5.67
U07142,treatment,desktop,CA,7,0,4,0.0
U07143,control,mobile,US,2,0,2,0.0
U07144,treatment,desktop,FR,6,0,5,0.0
U07145,treatment,mobile,US,3,1,3,10.0
U07146,treatment,mobile,US,3,0,1,0.0
U07147,treatment,desktop,US,7,0,4,0.0
U07148,treatment,desktop,US,7,0,5,0.0
U07149,control,mobile,FR,5,0,3,0.0
U07150,control,console,UK,3,1,4,16.56
U07151,control,mobile,US,12,0,6,0.0
U07152,treatment,mobile,US,4,0,4,0.0
U07153,control,console,US,11,0,0,0.0
U07154,control,console,US,4,0,2,0.0
U07155,control,mobile,US,3,0,2,0.0
U07156,treatment,mobile,US,3,0,3,0.0
U07157,treatment,console,DE,8,0,3,0.0
U07158,control,desktop,CA,3,1,4,14.38
U07159,control,mobile,US,6,0,2,0.0
U07160,treatment,mobile,US,5,0,4,0.0
U07161,control,mobile,US,5,0,4,0.0
U07162,control,console,DE,7,0,1,0.0
U07163,treatment,desktop,US,4,0,2,0.0
U07164,treatment,mobile,UK,7,0,0,0.0
U07165,control,mobile,DE,4,0,2,0.0
U07166,control,mobile,UK,4,0,7,0.0
U07167,control,desktop,UK,5,0,4,0.0
U07168,treatment,console,FR,4,1,3,54.53
U07169,control,desktop,FR,9,0,5,0.0
U07170,treatment,console,US,11,0,4,0.0
U07171,control,mobile,UK,4,0,3,0.0
U07172,control,desktop,US,5,0,2,0.0
U07173,treatment,mobile,US,3,0,3,0.0
U07174,treatment,mobile,DE,6,0,4,0.0
U07175,treatment,desktop,FR,4,0,0,0.0
U07176,treatment,console,US,7,0,4,0.0
U07177,treatment,mobile,US,3,0,4,0.0
U07178,treatment,desktop,US,8,0,1,0.0
U07179,treatment,console,DE,3,0,3,0.0
U07180,control,console,US,7,0,4,0.0
U07181,treatment,desktop,DE,8,0,9,0.0
U07182,treatment,mobile,DE,10,1,4,6.49
U07183,control,console,UK,8,0,5,0.0
U07184,treatment,mobile,FR,4,1,3,11.61
U07185,treatment,mobile,FR,6,0,3,0.0
U07186,treatment,mobile,US,5,0,3,0.0
U07187,control,desktop,UK,2,0,4,0.0
U07188,control,desktop,UK,5,0,5,0.0
U07189,treatment,console,UK,4,1,5,12.45
U07190,treatment,desktop,US,3,0,4,0.0
U07191,treatment,console,US,6,0,2,0.0
U07192,treatment,desktop,FR,4,0,1,0.0
U07193,control,desktop,US,7,1,4,25.68
U07194,control,mobile,US,3,0,1,0.0
U07195,treatment,mobile,CA,5,0,3,0.0
U07196,treatment,desktop,US,6,0,5,0.0
U07197,control,desktop,US,6,0,6,0.0
U07198,treatment,mobile,CA,4,0,6,0.0
U07199,control,desktop,US,4,0,4,0.0
U07200,treatment,mobile,US,6,0,3,0.0
U07201,control,mobile,US,5,0,5,0.0
U07202,control,mobile,DE,4,0,4,0.0
U07203,control,mobile,FR,3,1,6,24.16
U07204,treatment,mobile,DE,5,0,3,0.0
U07205,treatment,console,US,5,0,3,0.0
U07206,control,console,CA,3,0,1,0.0
U07207,control,mobile,US,2,0,2,0.0
U07208,treatment,mobile,FR,4,0,2,0.0
U07209,control,desktop,UK,4,0,4,0.0
U07210,treatment,mobile,US,5,0,2,0.0
U07211,control,console,CA,5,0,4,0.0
U07212,control,desktop,DE,4,0,2,0.0
U07213,control,console,UK,5,0,0,0.0
U07214,control,mobile,DE,5,0,4,0.0
U07215,treatment,console,UK,4,0,7,0.0
U07216,treatment,console,US,7,1,2,28.64
U07217,control,desktop,US,5,0,4,0.0
U07218,control,console,US,2,0,0,0.0
U07219,control,desktop,UK,7,0,4,0.0
U07220,treatment,mobile,DE,4,0,2,0.0
U07221,control,desktop,DE,4,0,5,0.0
U07222,control,console,US,3,0,3,0.0
U07223,treatment,console,US,6,0,0,0.0
U07224,control,desktop,US,5,0,1,0.0
U07225,control,desktop,CA,6,1,2,9.99
U07226,control,mobile,FR,3,0,3,0.0
U07227,control,mobile,CA,4,0,0,0.0
U07228,control,desktop,FR,3,0,3,0.0
U07229,treatment,mobile,DE,6,0,1,0.0
U07230,control,mobile,UK,9,0,3,0.0
U07231,control,console,FR,4,0,7,0.0
U07232,control,desktop,FR,6,0,5,0.0
U07233,treatment,desktop,US,6,0,5,0.0
U07234,treatment,mobile,US,10,1,2,11.43
U07235,treatment,mobile,US,5,0,3,0.0
U07236,treatment,desktop,US,6,0,3,0.0
U07237,control,console,CA,3,0,5,0.0
U07238,control,mobile,UK,5,0,1,0.0
U07239,control,console,UK,9,0,4,0.0
U07240,control,console,UK,5,0,4,0.0
U07241,control,console,US,8,0,1,0.0
U07242,control,desktop,DE,6,0,3,0.0
U07243,treatment,mobile,US,6,0,4,0.0
U07244,control,console,US,4,0,1,0.0
U07245,treatment,desktop,CA,5,0,7,0.0
U07246,control,mobile,US,6,0,2,0.0
U07247,treatment,mobile,UK,3,0,3,0.0
U07248,control,desktop,UK,6,0,4,0.0
U07249,treatment,desktop,US,5,0,3,0.0
U07250,control,console,US,5,0,5,0.0
U07251,control,mobile,DE,7,0,1,0.0
U07252,treatment,mobile,UK,5,0,2,0.0
U07253,treatment,console,FR,2,1,5,23.68
U07254,treatment,mobile,US,4,0,5,0.0
U07255,control,mobile,US,3,0,6,0.0
U07256,treatment,console,DE,5,0,3,0.0
U07257,control,console,DE,2,0,2,0.0
U07258,treatment,desktop,CA,4,0,3,0.0
U07259,control,mobile,US,3,1,6,44.7
U07260,treatment,desktop,UK,3,0,7,0.0
U07261,treatment,console,CA,7,1,5,17.86
U07262,treatment,console,US,9,0,4,0.0
U07263,treatment,mobile,DE,8,0,6,0.0
U07264,treatment,console,UK,3,0,5,0.0
U07265,control,desktop,US,4,1,4,6.23
U07266,control,mobile,CA,5,0,5,0.0
U07267,control,mobile,CA,4,0,6,0.0
U07268,treatment,mobile,CA,6,0,3,0.0
U07269,treatment,console,FR,8,1,7,3.91
U07270,treatment,mobile,US,4,0,5,0.0
U07271,treatment,desktop,US,5,0,2,0.0
U07272,control,mobile,UK,5,1,8,47.69
U07273,control,console,FR,6,1,3,14.52
U07274,control,desktop,DE,7,0,5,0.0
U07275,control,console,DE,5,0,3,0.0
U07276,treatment,desktop,US,6,0,4,0.0
U07277,control,console,US,6,0,5,0.0
U07278,control,desktop,FR,2,0,6,0.0
U07279,control,desktop,CA,5,0,6,0.0
U07280,control,console,US,5,0,1,0.0
U07281,control,desktop,UK,2,0,0,0.0
U07282,control,console,CA,9,0,4,0.0
U07283,control,mobile,DE,4,0,3,0.0
U07284,treatment,desktop,DE,7,0,3,0.0
U07285,control,console,CA,5,0,3,0.0
U07286,control,console,DE,4,0,1,0.0
U07287,treatment,desktop,DE,4,0,4,0.0
U07288,control,desktop,DE,5,0,5,0.0
U07289,treatment,console,US,6,0,7,0.0
U07290,control,mobile,US,4,0,4,0.0
U07291,treatment,console,US,5,0,4,0.0
U07292,control,mobile,DE,8,0,0,0.0
U07293,treatment,mobile,US,7,0,5,0.0
U07294,control,console,CA,6,0,1,0.0
U07295,treatment,mobile,US,4,1,3,6.42
U07296,treatment,mobile,DE,9,0,3,0.0
U07297,treatment,mobile,UK,6,0,2,0.0
U07298,treatment,console,US,5,0,2,0.0
U07299,control,desktop,US,5,1,6,11.95
U07300,control,console,FR,6,0,0,0.0
U07301,control,mobile,UK,6,0,4,0.0
U07302,treatment,mobile,US,4,0,6,0.0
U07303,control,mobile,FR,6,0,4,0.0
U07304,treatment,mobile,DE,6,0,3,0.0
U07305,control,mobile,FR,2,0,3,0.0
U07306,treatment,mobile,FR,5,0,2,0.0
U07307,treatment,desktop,DE,4,0,2,0.0
U07308,treatment,desktop,US,7,0,5,0.0
U07309,control,mobile,US,3,0,7,0.0
U07310,control,desktop,UK,5,0,3,0.0
U07311,treatment,mobile,UK,9,0,3,0.0
U07312,control,desktop,US,4,0,6,0.0
U07313,treatment,console,FR,7,1,4,11.09
U07314,treatment,console,DE,8,0,7,0.0
U07315,control,console,US,5,0,4,0.0
U07316,treatment,mobile,FR,1,1,2,38.47
U07317,treatment,desktop,US,5,1,4,8.64
U07318,treatment,console,US,6,0,4,0.0
U07319,control,console,UK,8,0,4,0.0
U07320,treatment,desktop,FR,3,0,5,0.0
U07321,control,desktop,DE,3,0,6,0.0
U07322,treatment,console,US,7,0,4,0.0
U07323,control,console,DE,3,1,3,16.33
U07324,control,mobile,DE,4,0,1,0.0
U07325,treatment,mobile,US,5,0,1,0.0
U07326,treatment,console,DE,8,0,5,0.0
U07327,treatment,desktop,UK,3,0,6,0.0
U07328,treatment,mobile,US,5,0,3,0.0
U07329,treatment,mobile,US,3,0,4,0.0
U07330,treatment,desktop,UK,7,0,5,0.0
U07331,treatment,desktop,FR,5,0,3,0.0
U07332,treatment,console,UK,5,0,4,0.0
U07333,control,mobile,US,5,0,5,0.0
U07334,treatment,mobile,US,1,0,5,0.0
U07335,treatment,desktop,DE,7,0,4,0.0
U07336,control,mobile,UK,2,0,1,0.0
U07337,control,desktop,FR,4,0,4,0.0
U07338,treatment,desktop,US,4,0,1,0.0
U07339,control,mobile,US,4,0,5,0.0
U07340,treatment,console,UK,7,0,4,0.0
U07341,treatment,mobile,CA,9,1,1,4.67
U07342,treatment,console,US,7,0,1,0.0
U07343,control,desktop,US,5,0,7,0.0
U07344,control,desktop,UK,8,0,4,0.0
U07345,treatment,console,US,6,0,0,0.0
U07346,control,mobile,US,4,0,3,0.0
U07347,treatment,console,UK,4,0,3,0.0
U07348,control,mobile,FR,4,0,4,0.0
U07349,control,console,FR,7,0,4,0.0
U07350,treatment,mobile,US,5,0,3,0.0
U07351,control,desktop,US,2,0,1,0.0
U07352,treatment,mobile,US,5,0,5,0.0
U07353,control,mobile,CA,6,0,1,0.0
U07354,treatment,mobile,US,9,0,2,0.0
U07355,treatment,mobile,UK,4,0,3,0.0
U07356,control,mobile,DE,1,0,0,0.0
U07357,control,mobile,US,6,0,5,0.0
U07358,control,desktop,UK,5,0,5,0.0
U07359,control,desktop,CA,4,0,3,0.0
U07360,control,mobile,UK,4,0,4,0.0
U07361,treatment,console,US,5,0,1,0.0
U07362,control,desktop,DE,4,1,3,22.81
U07363,treatment,mobile,US,4,0,3,0.0
U07364,control,mobile,UK,6,0,3,0.0
U07365,control,desktop,DE,3,1,7,2.57
U07366,control,desktop,DE,3,0,3,0.0
U07367,treatment,console,FR,5,0,7,0.0
U07368,control,desktop,UK,4,0,1,0.0
U07369,control,console,UK,3,0,4,0.0
U07370,control,desktop,CA,8,0,5,0.0
U07371,treatment,console,DE,5,0,7,0.0
U07372,treatment,desktop,US,7,0,5,0.0
U07373,control,desktop,DE,4,0,3,0.0
U07374,treatment,desktop,UK,4,1,4,5.37
U07375,treatment,console,CA,9,0,4,0.0
U07376,treatment,mobile,DE,9,0,3,0.0
U07377,control,mobile,FR,7,0,3,0.0
U07378,control,mobile,US,5,0,5,0.0
U07379,treatment,mobile,FR,5,0,6,0.0
U07380,control,console,US,4,0,1,0.0
U07381,control,desktop,UK,3,0,2,0.0
U07382,treatment,mobile,US,5,0,3,0.0
U07383,treatment,mobile,FR,5,0,2,0.0
U07384,treatment,mobile,DE,4,0,1,0.0
U07385,control,console,US,6,0,1,0.0
U07386,treatment,console,US,3,0,3,0.0
U07387,control,mobile,US,2,0,6,0.0
U07388,treatment,mobile,US,8,0,2,0.0
U07389,control,console,US,2,0,5,0.0
U07390,control,desktop,DE,3,1,6,12.02
U07391,control,console,US,4,0,5,0.0
U07392,treatment,mobile,US,1,0,3,0.0
U07393,treatment,mobile,US,4,0,4,0.0
U07394,control,desktop,US,8,0,3,0.0
U07395,control,mobile,US,6,0,3,0.0
U07396,treatment,console,FR,3,0,3,0.0
U07397,treatment,console,UK,6,0,6,0.0
U07398,control,mobile,US,3,0,2,0.0
U07399,control,desktop,US,4,0,5,0.0
U07400,control,console,US,1,0,1,0.0
U07401,treatment,console,FR,4,0,3,0.0
U07402,treatment,mobile,FR,9,0,6,0.0
U07403,control,console,DE,3,0,3,0.0
U07404,control,mobile,US,5,0,3,0.0
U07405,control,console,UK,6,0,0,0.0
U07406,control,desktop,US,6,0,4,0.0
U07407,treatment,mobile,DE,3,0,3,0.0
U07408,treatment,desktop,UK,5,0,5,0.0
U07409,control,desktop,FR,7,0,2,0.0
U07410,treatment,desktop,CA,4,0,5,0.0
U07411,treatment,mobile,DE,4,1,8,20.12
U07412,treatment,desktop,US,4,0,1,0.0
U07413,treatment,console,FR,5,0,3,0.0
U07414,control,mobile,US,7,0,6,0.0
U07415,control,mobile,CA,5,0,5,0.0
U07416,control,console,US,2,0,3,0.0
U07417,control,desktop,DE,4,0,3,0.0
U07418,treatment,desktop,UK,7,0,4,0.0
U07419,treatment,console,DE,9,1,11,11.57
U07420,treatment,mobile,US,9,0,5,0.0
U07421,control,console,UK,6,0,3,0.0
U07422,treatment,desktop,US,2,0,2,0.0
U07423,control,mobile,UK,4,1,3,16.75
U07424,control,console,UK,7,0,7,0.0
U07425,treatment,console,FR,3,0,3,0.0
U07426,control,mobile,UK,4,0,7,0.0
U07427,treatment,console,DE,3,0,5,0.0
U07428,treatment,console,UK,5,0,4,0.0
U07429,treatment,console,DE,3,0,1,0.0
U07430,treatment,mobile,CA,4,1,5,28.42
U07431,control,mobile,US,7,0,2,0.0
U07432,control,console,CA,4,0,5,0.0
U07433,control,console,DE,7,0,4,0.0
U07434,control,mobile,US,4,1,6,4.59
U07435,control,desktop,UK,3,1,3,9.49
U07436,treatment,mobile,CA,5,0,4,0.0
U07437,control,desktop,FR,4,0,8,0.0
U07438,control,desktop,UK,4,0,1,0.0
U07439,treatment,mobile,UK,4,0,3,0.0
U07440,treatment,desktop,US,4,0,2,0.0
U07441,control,desktop,UK,3,1,6,17.58
U07442,control,desktop,US,5,0,1,0.0
U07443,treatment,console,CA,4,0,6,0.0
U07444,treatment,mobile,FR,3,0,1,0.0
U07445,treatment,mobile,US,2,0,3,0.0
U07446,treatment,desktop,US,4,0,5,0.0
U07447,treatment,desktop,US,8,0,2,0.0
U07448,treatment,mobile,CA,7,0,5,0.0
U07449,control,console,FR,5,0,3,0.0
U07450,control,mobile,FR,4,0,4,0.0
U07451,control,mobile,FR,4,0,2,0.0
U07452,treatment,console,US,8,0,5,0.0
U07453,treatment,console,UK,2,1,6,8.8
U07454,control,desktop,FR,7,1,9,14.64
U07455,treatment,mobile,DE,3,0,3,0.0
U07456,control,mobile,FR,7,0,1,0.0
U07457,control,mobile,DE,4,0,2,0.0
U07458,treatment,desktop,US,4,0,2,0.0
U07459,control,desktop,US,2,0,2,0.0
U07460,control,mobile,FR,5,0,4,0.0
U07461,control,desktop,US,3,0,4,0.0
U07462,treatment,console,UK,4,0,3,0.0
U07463,control,mobile,DE,7,0,2,0.0
U07464,treatment,mobile,US,5,0,3,0.0
U07465,treatment,console,DE,4,0,6,0.0
U07466,control,mobile,US,7,0,1,0.0
U07467,control,mobile,DE,4,0,0,0.0
U07468,control,mobile,CA,4,0,5,0.0
U07469,control,desktop,US,4,0,1,0.0
U07470,treatment,desktop,CA,4,0,4,0.0
U07471,treatment,desktop,FR,8,0,7,0.0
U07472,treatment,mobile,FR,7,0,3,0.0
U07473,treatment,desktop,FR,6,0,4,0.0
U07474,treatment,mobile,UK,8,0,3,0.0
U07475,control,console,US,6,0,8,0.0
U07476,control,console,UK,5,0,6,0.0
U07477,control,desktop,DE,7,0,4,0.0
U07478,control,mobile,UK,6,0,3,0.0
U07479,control,console,UK,3,0,1,0.0
U07480,control,mobile,CA,5,0,4,0.0
U07481,control,mobile,CA,6,0,1,0.0
U07482,treatment,console,DE,7,0,5,0.0
U07483,control,mobile,US,3,0,0,0.0
U07484,control,mobile,FR,5,0,2,0.0
U07485,control,desktop,CA,5,1,1,34.85
U07486,treatment,desktop,UK,4,0,3,0.0
U07487,control,desktop,UK,8,0,6,0.0
U07488,control,mobile,CA,6,0,3,0.0
U07489,control,desktop,UK,4,0,3,0.0
U07490,treatment,mobile,DE,4,0,2,0.0
U07491,control,console,US,5,0,7,0.0
U07492,treatment,mobile,US,3,0,3,0.0
U07493,control,mobile,UK,3,0,2,0.0
U07494,control,desktop,DE,6,0,7,0.0
U07495,treatment,mobile,DE,8,0,4,0.0
U07496,treatment,desktop,CA,5,0,7,0.0
U07497,treatment,mobile,US,5,0,1,0.0
U07498,control,mobile,CA,7,0,1,0.0
U07499,treatment,mobile,UK,5,0,4,0.0
U07500,control,mobile,US,3,0,3,0.0
U07501,treatment,mobile,CA,5,0,4,0.0
U07502,control,mobile,UK,6,0,2,0.0
U07503,treatment,mobile,US,7,0,2,0.0
U07504,control,console,UK,6,0,3,0.0
U07505,treatment,desktop,DE,6,0,4,0.0
U07506,control,mobile,FR,5,0,5,0.0
U07507,treatment,mobile,CA,5,0,3,0.0
U07508,control,mobile,UK,5,0,2,0.0
U07509,control,mobile,US,7,0,4,0.0
U07510,control,desktop,US,9,0,2,0.0
U07511,control,mobile,CA,9,1,8,1.53
U07512,treatment,console,US,8,0,7,0.0
U07513,control,console,US,5,1,0,3.99
U07514,treatment,mobile,US,8,0,5,0.0
U07515,control,mobile,US,6,0,4,0.0
U07516,treatment,mobile,DE,4,1,3,13.55
U07517,control,mobile,US,3,0,5,0.0
U07518,treatment,desktop,DE,4,1,2,6.8
U07519,treatment,mobile,US,2,0,1,0.0
U07520,treatment,mobile,UK,4,0,4,0.0
U07521,treatment,mobile,DE,4,0,5,0.0
U07522,treatment,desktop,DE,4,0,1,0.0
U07523,treatment,mobile,UK,3,0,2,0.0
U07524,control,console,DE,5,0,4,0.0
U07525,control,mobile,FR,4,0,6,0.0
U07526,treatment,mobile,DE,4,0,5,0.0
U07527,control,desktop,DE,8,0,6,0.0
U07528,treatment,desktop,DE,7,0,1,0.0
U07529,control,mobile,US,6,0,3,0.0
U07530,control,desktop,UK,5,0,1,0.0
U07531,control,mobile,US,7,0,6,0.0
U07532,control,mobile,US,4,0,3,0.0
U07533,treatment,mobile,DE,3,0,3,0.0
U07534,control,desktop,DE,1,0,1,0.0
U07535,control,desktop,UK,4,0,5,0.0
U07536,control,desktop,CA,3,1,5,12.07
U07537,control,console,CA,4,0,5,0.0
U07538,treatment,desktop,UK,8,1,5,13.31
U07539,treatment,console,US,4,0,4,0.0
U07540,control,mobile,US,4,0,1,0.0
U07541,control,desktop,CA,4,0,4,0.0
U07542,treatment,desktop,US,2,0,4,0.0
U07543,treatment,mobile,DE,2,0,1,0.0
U07544,control,mobile,CA,4,0,6,0.0
U07545,treatment,desktop,DE,2,1,3,27.49
U07546,treatment,mobile,FR,4,0,2,0.0
U07547,treatment,mobile,US,8,0,2,0.0
U07548,control,console,US,7,0,3,0.0
U07549,control,desktop,US,4,0,1,0.0
U07550,control,mobile,FR,6,0,1,0.0
U07551,control,mobile,UK,6,0,5,0.0
U07552,treatment,console,US,2,0,1,0.0
U07553,control,console,FR,5,0,2,0.0
U07554,treatment,desktop,UK,4,0,4,0.0
U07555,treatment,mobile,DE,5,1,3,34.68
U07556,treatment,mobile,UK,7,0,4,0.0
U07557,treatment,mobile,UK,7,0,3,0.0
U07558,control,console,US,4,0,5,0.0
U07559,treatment,desktop,FR,9,0,3,0.0
U07560,treatment,console,UK,2,0,5,0.0
U07561,treatment,mobile,US,2,1,3,16.18
U07562,control,console,DE,2,0,2,0.0
U07563,control,mobile,US,5,0,2,0.0
U07564,control,mobile,US,6,0,5,0.0
U07565,control,desktop,US,5,0,3,0.0
U07566,treatment,desktop,CA,2,0,8,0.0
U07567,control,console,FR,4,0,0,0.0
U07568,control,desktop,UK,3,0,2,0.0
U07569,treatment,console,DE,2,0,2,0.0
U07570,control,mobile,US,2,0,2,0.0
U07571,treatment,mobile,US,5,0,1,0.0
U07572,treatment,mobile,US,4,0,0,0.0
U07573,treatment,mobile,FR,4,0,1,0.0
U07574,treatment,console,FR,8,0,4,0.0
U07575,treatment,mobile,US,1,0,1,0.0
U07576,treatment,mobile,UK,4,0,4,0.0
U07577,treatment,mobile,DE,4,0,2,0.0
U07578,treatment,desktop,US,7,1,4,10.02
U07579,control,console,US,5,0,4,0.0
U07580,treatment,console,CA,4,0,6,0.0
U07581,treatment,mobile,CA,6,0,4,0.0
U07582,control,desktop,CA,4,0,4,0.0
U07583,control,mobile,DE,7,0,5,0.0
U07584,control,console,US,6,1,2,11.36
U07585,control,mobile,US,5,0,8,0.0
U07586,control,console,CA,4,0,2,0.0
U07587,treatment,console,US,6,0,2,0.0
U07588,control,desktop,US,4,0,5,0.0
U07589,treatment,console,UK,5,0,3,0.0
U07590,treatment,mobile,FR,7,0,3,0.0
U07591,treatment,mobile,US,8,0,12,0.0
U07592,control,mobile,FR,3,0,2,0.0
U07593,treatment,mobile,DE,5,0,2,0.0
U07594,treatment,desktop,US,7,1,4,42.0
U07595,treatment,desktop,FR,4,0,9,0.0
U07596,treatment,console,FR,6,0,2,0.0
U07597,treatment,console,UK,4,0,3,0.0
U07598,treatment,mobile,UK,3,0,2,0.0
U07599,control,mobile,DE,5,0,0,0.0
U07600,control,mobile,US,3,0,3,0.0
U07601,control,mobile,US,6,0,3,0.0
U07602,treatment,desktop,CA,6,0,3,0.0
U07603,treatment,desktop,UK,4,0,4,0.0
U07604,treatment,desktop,US,2,0,1,0.0
U07605,control,desktop,US,2,0,3,0.0
U07606,treatment,console,US,6,0,5,0.0
U07607,control,desktop,US,5,0,2,0.0
U07608,control,console,US,4,0,2,0.0
U07609,treatment,console,FR,6,1,3,16.77
U07610,control,desktop,FR,10,0,5,0.0
U07611,control,mobile,US,3,1,4,7.5
U07612,treatment,console,FR,7,0,4,0.0
U07613,control,mobile,UK,3,1,7,11.33
U07614,control,mobile,US,5,0,2,0.0
U07615,treatment,desktop,FR,3,1,5,8.96
U07616,treatment,mobile,DE,5,0,2,0.0
U07617,treatment,mobile,CA,5,1,6,25.93
U07618,control,mobile,US,6,0,5,0.0
U07619,treatment,console,CA,6,1,4,13.42
U07620,control,desktop,UK,6,0,7,0.0
U07621,treatment,console,UK,5,0,3,0.0
U07622,control,console,US,4,0,1,0.0
U07623,treatment,mobile,FR,5,1,7,20.26
U07624,treatment,console,UK,8,0,4,0.0
U07625,treatment,desktop,US,4,0,6,0.0
U07626,treatment,mobile,CA,5,0,4,0.0
U07627,treatment,console,DE,4,0,2,0.0
U07628,control,console,US,4,0,2,0.0
U07629,control,mobile,UK,9,0,5,0.0
U07630,treatment,console,FR,6,1,5,25.84
U07631,treatment,mobile,CA,2,0,2,0.0
U07632,treatment,console,DE,5,0,0,0.0
U07633,treatment,desktop,UK,7,0,5,0.0
U07634,control,mobile,US,9,0,6,0.0
U07635,treatment,console,US,5,0,0,0.0
U07636,control,desktop,CA,6,0,2,0.0
U07637,control,mobile,FR,5,0,4,0.0
U07638,control,console,FR,3,0,3,0.0
U07639,control,console,US,3,0,7,0.0
U07640,control,desktop,UK,6,0,3,0.0
U07641,control,desktop,FR,6,0,7,0.0
U07642,treatment,mobile,DE,5,0,5,0.0
U07643,treatment,mobile,UK,3,1,2,5.64
U07644,treatment,desktop,FR,1,1,3,21.31
U07645,control,mobile,UK,3,1,3,10.82
U07646,treatment,desktop,DE,3,1,5,26.39
U07647,treatment,console,DE,8,0,6,0.0
U07648,control,console,UK,7,0,2,0.0
U07649,treatment,desktop,FR,3,0,2,0.0
U07650,treatment,desktop,US,5,0,1,0.0
U07651,control,console,US,3,1,6,20.27
U07652,control,console,CA,6,0,5,0.0
U07653,treatment,mobile,CA,8,0,4,0.0
U07654,control,desktop,US,3,1,6,26.54
U07655,treatment,mobile,DE,2,0,0,0.0
U07656,treatment,mobile,US,6,0,7,0.0
U07657,treatment,mobile,FR,7,0,3,0.0
U07658,control,desktop,US,6,0,1,0.0
U07659,control,console,US,1,0,4,0.0
U07660,treatment,console,UK,6,0,5,0.0
U07661,treatment,mobile,CA,8,0,3,0.0
U07662,control,mobile,CA,11,0,3,0.0
U07663,control,mobile,US,10,0,2,0.0
U07664,treatment,mobile,US,5,0,1,0.0
U07665,control,mobile,US,5,0,4,0.0
U07666,control,console,UK,3,0,2,0.0
U07667,treatment,mobile,UK,7,0,5,0.0
U07668,control,console,FR,7,0,2,0.0
U07669,control,mobile,US,5,0,2,0.0
U07670,treatment,desktop,US,3,0,4,0.0
U07671,control,console,CA,3,1,5,19.6
U07672,control,console,UK,4,1,6,19.43
U07673,control,mobile,US,6,0,2,0.0
U07674,control,console,CA,5,0,5,0.0
U07675,treatment,mobile,FR,4,0,1,0.0
U07676,control,console,US,3,0,3,0.0
U07677,control,mobile,US,12,0,3,0.0
U07678,control,desktop,FR,3,0,2,0.0
U07679,treatment,desktop,UK,6,0,3,0.0
U07680,control,console,US,5,1,5,8.89
U07681,treatment,console,US,6,0,8,0.0
U07682,treatment,mobile,FR,3,0,2,0.0
U07683,treatment,console,US,7,0,5,0.0
U07684,treatment,mobile,US,5,0,5,0.0
U07685,treatment,mobile,FR,3,0,5,0.0
U07686,treatment,mobile,UK,5,0,4,0.0
U07687,control,mobile,DE,5,0,4,0.0
U07688,control,mobile,CA,6,0,2,0.0
U07689,treatment,desktop,DE,4,0,2,0.0
U07690,treatment,mobile,UK,4,0,3,0.0
U07691,control,desktop,CA,4,0,4,0.0
U07692,control,mobile,UK,11,0,5,0.0
U07693,treatment,desktop,US,7,0,6,0.0
U07694,treatment,mobile,UK,4,0,5,0.0
U07695,control,mobile,DE,5,0,3,0.0
U07696,treatment,desktop,US,5,0,2,0.0
U07697,control,console,US,3,1,3,20.3
U07698,control,console,US,2,0,2,0.0
U07699,treatment,mobile,US,4,0,2,0.0
U07700,control,console,FR,8,0,5,0.0
U07701,treatment,desktop,US,4,1,3,18.35
U07702,treatment,console,US,2,0,5,0.0
U07703,control,mobile,UK,5,0,5,0.0
U07704,control,mobile,CA,4,0,6,0.0
U07705,control,mobile,US,8,0,3,0.0
U07706,treatment,console,US,4,0,2,0.0
U07707,treatment,mobile,US,6,0,5,0.0
U07708,control,mobile,CA,5,0,2,0.0
U07709,treatment,desktop,DE,3,0,4,0.0
U07710,control,console,UK,5,1,5,6.68
U07711,treatment,desktop,UK,3,1,4,7.59
U07712,control,desktop,US,7,0,3,0.0
U07713,control,mobile,UK,5,0,3,0.0
U07714,control,console,DE,5,0,5,0.0
U07715,control,mobile,US,2,0,0,0.0
U07716,treatment,mobile,US,6,0,8,0.0
U07717,treatment,desktop,FR,9,0,7,0.0
U07718,control,mobile,US,7,0,5,0.0
U07719,control,desktop,UK,3,0,4,0.0
U07720,control,desktop,US,5,0,3,0.0
U07721,control,mobile,FR,2,0,3,0.0
U07722,control,mobile,FR,4,0,1,0.0
U07723,treatment,mobile,FR,3,0,0,0.0
U07724,treatment,mobile,FR,10,1,3,47.31
U07725,treatment,console,UK,4,0,6,0.0
U07726,treatment,desktop,UK,5,0,3,0.0
U07727,treatment,mobile,UK,4,0,5,0.0
U07728,treatment,mobile,UK,5,1,7,9.18
U07729,control,console,FR,3,0,2,0.0
U07730,control,console,UK,7,0,3,0.0
U07731,treatment,console,US,5,0,2,0.0
U07732,treatment,mobile,US,8,1,3,19.61
U07733,control,desktop,FR,5,1,6,7.84
U07734,control,mobile,FR,5,0,4,0.0
U07735,treatment,console,FR,5,1,6,17.38
U07736,treatment,mobile,US,5,0,5,0.0
U07737,control,desktop,CA,5,0,4,0.0
U07738,control,mobile,FR,3,0,2,0.0
U07739,treatment,console,DE,4,0,4,0.0
U07740,control,mobile,DE,6,0,1,0.0
U07741,treatment,console,US,5,0,7,0.0
U07742,treatment,mobile,DE,7,0,3,0.0
U07743,control,console,CA,7,0,6,0.0
U07744,treatment,mobile,US,6,0,4,0.0
U07745,control,desktop,US,6,0,1,0.0
U07746,control,console,US,6,0,4,0.0
U07747,treatment,mobile,CA,7,0,3,0.0
U07748,control,mobile,US,4,0,1,0.0
U07749,control,mobile,CA,2,0,4,0.0
U07750,treatment,mobile,DE,6,0,1,0.0
U07751,treatment,desktop,US,1,0,1,0.0
U07752,treatment,mobile,US,6,0,5,0.0
U07753,control,mobile,UK,5,0,3,0.0
U07754,treatment,mobile,US,6,0,3,0.0
U07755,treatment,mobile,US,10,1,4,15.8
U07756,control,mobile,US,3,0,7,0.0
U07757,treatment,desktop,US,5,0,0,0.0
U07758,treatment,mobile,US,5,0,4,0.0
U07759,control,console,FR,3,0,1,0.0
U07760,treatment,console,UK,10,0,5,0.0
U07761,treatment,mobile,CA,3,1,1,9.36
U07762,control,console,US,1,0,8,0.0
U07763,control,desktop,DE,4,0,2,0.0
U07764,treatment,desktop,UK,2,1,5,12.46
U07765,control,mobile,UK,5,0,4,0.0
U07766,treatment,desktop,DE,3,0,4,0.0
U07767,treatment,mobile,CA,3,0,1,0.0
U07768,treatment,desktop,US,6,0,9,0.0
U07769,control,mobile,UK,5,0,1,0.0
U07770,treatment,mobile,FR,4,0,5,0.0
U07771,control,desktop,CA,3,0,6,0.0
U07772,control,mobile,DE,3,1,4,12.03
U07773,control,mobile,UK,8,0,4,0.0
U07774,treatment,console,US,5,0,7,0.0
U07775,treatment,mobile,CA,7,0,4,0.0
U07776,treatment,mobile,UK,6,0,5,0.0
U07777,control,mobile,UK,6,0,6,0.0
U07778,control,console,DE,4,0,2,0.0
U07779,treatment,desktop,US,9,0,5,0.0
U07780,control,desktop,US,6,0,3,0.0
U07781,treatment,console,DE,4,0,6,0.0
U07782,control,desktop,CA,4,1,4,13.94
U07783,treatment,console,FR,2,0,2,0.0
U07784,control,desktop,UK,6,1,3,7.02
U07785,treatment,console,FR,4,0,3,0.0
U07786,control,desktop,DE,3,0,2,0.0
U07787,control,mobile,US,6,0,5,0.0
U07788,control,mobile,UK,8,0,2,0.0
U07789,control,mobile,CA,7,0,1,0.0
U07790,control,desktop,UK,5,0,4,0.0
U07791,control,console,UK,4,0,3,0.0
U07792,control,console,DE,5,0,5,0.0
U07793,treatment,console,FR,6,0,3,0.0
U07794,treatment,desktop,US,4,0,3,0.0
U07795,treatment,console,DE,5,0,3,0.0
U07796,control,desktop,FR,4,0,6,0.0
U07797,control,mobile,FR,2,0,3,0.0
U07798,control,desktop,FR,3,0,3,0.0
U07799,control,mobile,UK,7,0,2,0.0
U07800,control,mobile,FR,2,0,4,0.0
U07801,treatment,mobile,US,3,0,4,0.0
U07802,treatment,mobile,US,8,0,4,0.0
U07803,treatment,mobile,UK,4,0,3,0.0
U07804,treatment,mobile,US,6,0,4,0.0
U07805,treatment,console,UK,7,0,7,0.0
U07806,control,mobile,US,6,0,1,0.0
U07807,control,console,UK,6,0,5,0.0
U07808,control,mobile,DE,4,0,7,0.0
U07809,treatment,console,UK,5,0,5,0.0
U07810,treatment,console,DE,8,0,3,0.0
U07811,treatment,console,DE,4,0,2,0.0
U07812,control,desktop,US,6,0,2,0.0
U07813,treatment,desktop,CA,6,1,3,10.35
U07814,control,mobile,US,5,0,3,0.0
U07815,treatment,mobile,FR,5,0,5,0.0
U07816,control,console,US,3,0,1,0.0
U07817,control,mobile,FR,6,0,4,0.0
U07818,control,mobile,FR,6,0,3,0.0
U07819,treatment,console,US,4,0,4,0.0
U07820,control,mobile,CA,9,0,4,0.0
U07821,control,desktop,UK,7,0,2,0.0
U07822,control,mobile,FR,3,1,3,8.96
U07823,treatment,mobile,US,5,0,8,0.0
U07824,treatment,mobile,UK,8,1,3,17.17
U07825,control,desktop,DE,4,0,1,0.0
U07826,treatment,console,UK,9,0,6,0.0
U07827,treatment,console,FR,4,1,2,10.81
U07828,treatment,mobile,FR,6,0,1,0.0
U07829,treatment,mobile,DE,5,0,3,0.0
U07830,treatment,console,US,8,0,5,0.0
U07831,control,mobile,CA,2,0,5,0.0
U07832,control,mobile,FR,4,0,4,0.0
U07833,control,desktop,DE,5,1,3,29.18
U07834,control,console,US,3,0,6,0.0
U07835,treatment,mobile,US,1,0,3,0.0
U07836,control,mobile,US,8,0,4,0.0
U07837,control,console,FR,5,0,4,0.0
U07838,treatment,console,US,6,0,4,0.0
U07839,control,desktop,US,5,0,1,0.0
U07840,control,desktop,US,4,1,7,15.46
U07841,control,console,US,1,0,2,0.0
U07842,treatment,desktop,DE,4,0,2,0.0
U07843,treatment,console,FR,7,0,1,0.0
U07844,treatment,desktop,CA,8,1,8,7.12
U07845,treatment,mobile,UK,6,0,3,0.0
U07846,control,console,UK,9,0,3,0.0
U07847,treatment,desktop,US,6,0,4,0.0
U07848,control,mobile,FR,3,0,4,0.0
U07849,treatment,desktop,CA,4,0,7,0.0
U07850,control,console,UK,4,1,1,26.13
U07851,control,mobile,US,5,0,7,0.0
U07852,treatment,console,CA,3,1,3,20.3
U07853,treatment,mobile,US,3,0,1,0.0
U07854,treatment,desktop,US,4,0,3,0.0
U07855,treatment,console,US,3,0,6,0.0
U07856,control,console,UK,2,0,3,0.0
U07857,treatment,console,UK,4,0,2,0.0
U07858,treatment,desktop,DE,2,1,6,11.03
U07859,control,desktop,DE,2,0,1,0.0
U07860,treatment,desktop,US,2,0,5,0.0
U07861,control,mobile,DE,4,0,2,0.0
U07862,treatment,desktop,UK,5,0,3,0.0
U07863,treatment,desktop,UK,2,0,2,0.0
U07864,treatment,desktop,UK,8,0,3,0.0
U07865,control,mobile,UK,5,1,1,5.22
U07866,treatment,mobile,CA,6,0,3,0.0
U07867,treatment,mobile,US,10,0,2,0.0
U07868,treatment,mobile,UK,5,0,5,0.0
U07869,treatment,mobile,FR,4,0,3,0.0
U07870,control,mobile,US,3,0,3,0.0
U07871,control,console,US,3,0,1,0.0
U07872,treatment,mobile,US,4,0,5,0.0
U07873,treatment,console,UK,2,0,3,0.0
U07874,treatment,mobile,UK,5,0,2,0.0
U07875,control,console,DE,7,1,7,13.37
U07876,control,desktop,US,8,1,2,18.86
U07877,treatment,console,UK,2,0,4,0.0
U07878,treatment,console,FR,2,0,0,0.0
U07879,control,desktop,UK,8,1,2,32.07
U07880,treatment,mobile,US,3,0,6,0.0
U07881,control,desktop,UK,6,0,4,0.0
U07882,control,mobile,UK,5,0,2,0.0
U07883,control,console,US,8,0,3,0.0
U07884,control,console,UK,3,1,2,20.05
U07885,control,mobile,UK,3,0,2,0.0
U07886,control,desktop,US,4,0,1,0.0
U07887,control,mobile,FR,6,0,3,0.0
U07888,control,desktop,US,5,0,1,0.0
U07889,treatment,desktop,UK,3,0,5,0.0
U07890,control,desktop,US,4,0,3,0.0
U07891,treatment,console,US,5,0,3,0.0
U07892,treatment,mobile,US,2,0,2,0.0
U07893,treatment,console,US,3,0,3,0.0
U07894,treatment,desktop,US,7,0,3,0.0
U07895,treatment,mobile,CA,10,0,1,0.0
U07896,control,mobile,FR,2,0,2,0.0
U07897,treatment,mobile,US,4,0,3,0.0
U07898,treatment,desktop,FR,4,1,4,28.85
U07899,control,console,US,3,0,2,0.0
U07900,control,mobile,FR,3,0,5,0.0
U07901,control,mobile,DE,4,1,10,23.06
U07902,control,desktop,DE,3,0,5,0.0
U07903,treatment,mobile,US,4,0,3,0.0
U07904,control,mobile,DE,5,0,2,0.0
U07905,treatment,desktop,US,4,0,5,0.0
U07906,control,mobile,DE,5,1,3,5.76
U07907,control,console,US,5,1,8,2.81
U07908,control,mobile,UK,3,0,1,0.0
U07909,control,desktop,US,3,1,5,14.6
U07910,treatment,mobile,UK,6,0,5,0.0
U07911,treatment,mobile,UK,5,0,1,0.0
U07912,control,desktop,US,4,0,1,0.0
U07913,control,desktop,US,6,0,1,0.0
U07914,treatment,console,UK,4,0,5,0.0
U07915,treatment,mobile,UK,6,1,4,11.28
U07916,control,desktop,US,7,0,6,0.0
U07917,control,desktop,CA,6,1,7,6.28
U07918,control,mobile,US,5,0,4,0.0
U07919,treatment,console,FR,6,0,0,0.0
U07920,treatment,mobile,US,8,0,2,0.0
U07921,treatment,console,UK,7,0,2,0.0
U07922,control,desktop,UK,3,0,6,0.0
U07923,treatment,mobile,US,2,0,3,0.0
U07924,control,desktop,CA,4,0,1,0.0
U07925,treatment,mobile,US,5,0,4,0.0
U07926,control,desktop,US,5,1,4,21.39
U07927,treatment,console,DE,5,0,4,0.0
U07928,treatment,desktop,DE,7,0,2,0.0
U07929,treatment,mobile,DE,5,0,1,0.0
U07930,treatment,mobile,US,5,0,3,0.0
U07931,treatment,desktop,CA,2,0,5,0.0
U07932,treatment,desktop,US,4,0,3,0.0
U07933,treatment,desktop,US,9,0,5,0.0
U07934,treatment,mobile,FR,5,0,0,0.0
U07935,treatment,console,CA,8,0,0,0.0
U07936,control,console,CA,4,0,7,0.0
U07937,treatment,desktop,US,3,0,3,0.0
U07938,control,mobile,FR,4,0,2,0.0
U07939,control,desktop,UK,9,1,5,3.16
U07940,treatment,mobile,FR,6,0,8,0.0
U07941,treatment,console,FR,2,1,3,4.87
U07942,control,console,US,6,0,3,0.0
U07943,control,console,US,8,0,5,0.0
U07944,control,mobile,FR,9,0,4,0.0
U07945,control,desktop,US,10,0,4,0.0
U07946,treatment,console,CA,4,0,2,0.0
U07947,control,mobile,FR,4,0,2,0.0
U07948,treatment,mobile,FR,7,0,3,0.0
U07949,treatment,mobile,US,2,0,4,0.0
U07950,control,desktop,DE,7,0,3,0.0
U07951,control,mobile,FR,5,1,7,6.14
U07952,treatment,mobile,US,6,0,5,0.0
U07953,treatment,desktop,UK,3,0,1,0.0
U07954,treatment,console,DE,3,0,2,0.0
U07955,treatment,console,US,6,0,3,0.0
U07956,treatment,console,UK,4,0,2,0.0
U07957,treatment,console,UK,11,0,5,0.0
U07958,control,desktop,US,7,0,6,0.0
U07959,control,console,US,2,0,4,0.0
U07960,treatment,mobile,UK,4,0,5,0.0
U07961,treatment,console,US,8,0,3,0.0
U07962,treatment,console,FR,4,0,0,0.0
U07963,treatment,desktop,US,4,1,3,55.09
U07964,treatment,mobile,US,3,0,1,0.0
U07965,treatment,mobile,US,4,0,3,0.0
U07966,control,mobile,US,6,0,2,0.0
U07967,control,mobile,DE,5,1,7,3.2
U07968,control,mobile,FR,3,0,3,0.0
U07969,treatment,mobile,FR,4,1,1,12.0
U07970,control,mobile,US,3,0,2,0.0
U07971,control,console,UK,3,0,3,0.0
U07972,treatment,desktop,DE,7,0,1,0.0
U07973,treatment,console,CA,4,0,2,0.0
U07974,control,mobile,CA,4,0,4,0.0
U07975,control,mobile,CA,10,1,5,44.15
U07976,control,mobile,US,3,0,3,0.0
U07977,control,console,FR,8,0,3,0.0
U07978,treatment,mobile,UK,2,0,3,0.0
U07979,control,desktop,UK,3,0,1,0.0
U07980,control,mobile,DE,4,0,3,0.0
U07981,control,mobile,UK,5,0,4,0.0
U07982,treatment,mobile,US,7,0,5,0.0
U07983,treatment,desktop,UK,6,0,11,0.0
U07984,treatment,mobile,UK,5,0,2,0.0
U07985,treatment,console,US,3,1,2,39.47
U07986,control,mobile,US,4,1,4,19.47
U07987,treatment,mobile,US,7,0,7,0.0
U07988,treatment,mobile,US,11,1,3,32.8
U07989,control,console,DE,4,0,4,0.0
U07990,treatment,desktop,UK,8,0,7,0.0
U07991,treatment,desktop,FR,6,0,2,0.0
U07992,control,desktop,UK,4,0,6,0.0
U07993,treatment,console,FR,2,0,3,0.0
U07994,control,mobile,CA,6,0,7,0.0
U07995,treatment,console,CA,5,0,0,0.0
U07996,control,console,US,5,0,5,0.0
U07997,control,mobile,FR,7,0,5,0.0
U07998,treatment,mobile,UK,4,0,4,0.0
U07999,control,desktop,CA,3,0,2,0.0
U08000,control,mobile,UK,4,0,6,0.0
U08001,treatment,mobile,US,7,0,4,0.0
U08002,control,mobile,US,2,0,2,0.0
U08003,control,mobile,FR,4,0,3,0.0
U08004,control,desktop,DE,4,1,3,12.87
U08005,treatment,desktop,US,4,0,3,0.0
U08006,control,desktop,UK,5,0,1,0.0
U08007,treatment,desktop,FR,2,1,3,15.81
U08008,treatment,mobile,CA,4,0,1,0.0
U08009,treatment,desktop,UK,3,0,4,0.0
U08010,control,console,DE,2,0,4,0.0
U08011,control,mobile,US,8,0,3,0.0
U08012,control,desktop,US,3,0,2,0.0
U08013,control,console,UK,4,0,7,0.0
U08014,treatment,desktop,DE,3,0,4,0.0
U08015,control,mobile,UK,3,0,3,0.0
U08016,treatment,mobile,FR,4,0,3,0.0
U08017,control,desktop,US,4,1,6,15.95
U08018,control,desktop,US,5,0,3,0.0
U08019,treatment,console,US,4,0,2,0.0
U08020,treatment,desktop,DE,5,0,1,0.0
U08021,control,mobile,UK,5,0,3,0.0
U08022,control,console,US,4,0,4,0.0
U08023,treatment,desktop,US,3,0,1,0.0
U08024,control,console,US,8,0,3,0.0
U08025,control,console,US,3,1,4,5.24
U08026,control,mobile,UK,5,0,0,0.0
U08027,control,desktop,UK,6,0,3,0.0
U08028,treatment,desktop,US,6,0,6,0.0
U08029,treatment,mobile,UK,6,0,5,0.0
U08030,treatment,desktop,US,7,1,6,9.41
U08031,control,mobile,UK,7,0,3,0.0
U08032,control,mobile,US,5,0,3,0.0
U08033,control,desktop,UK,10,0,5,0.0
U08034,control,mobile,US,2,0,2,0.0
U08035,control,console,FR,3,0,7,0.0
U08036,treatment,desktop,FR,8,0,1,0.0
U08037,control,console,US,8,0,2,0.0
U08038,treatment,desktop,UK,5,1,2,5.13
U08039,control,console,US,3,0,6,0.0
U08040,treatment,mobile,US,3,0,4,0.0
U08041,control,console,US,6,0,7,0.0
U08042,treatment,mobile,CA,5,1,5,30.46
U08043,control,console,US,2,0,3,0.0
U08044,control,desktop,CA,3,0,4,0.0
U08045,control,mobile,US,5,0,7,0.0
U08046,control,desktop,US,5,0,2,0.0
U08047,treatment,desktop,UK,5,1,6,45.45
U08048,treatment,mobile,UK,9,0,3,0.0
U08049,treatment,mobile,UK,5,0,2,0.0
U08050,treatment,mobile,CA,5,0,1,0.0
U08051,control,console,US,2,0,1,0.0
U08052,control,desktop,CA,2,0,4,0.0
U08053,treatment,mobile,FR,1,0,4,0.0
U08054,treatment,console,DE,4,0,5,0.0
U08055,treatment,desktop,CA,4,0,1,0.0
U08056,treatment,desktop,US,3,0,3,0.0
U08057,control,desktop,FR,5,0,0,0.0
U08058,treatment,mobile,DE,5,0,1,0.0
U08059,treatment,mobile,US,6,0,6,0.0
U08060,control,console,DE,4,0,4,0.0
U08061,treatment,console,CA,3,0,1,0.0
U08062,treatment,console,CA,7,0,8,0.0
U08063,treatment,mobile,UK,5,0,1,0.0
U08064,treatment,console,UK,4,0,3,0.0
U08065,control,mobile,US,5,0,2,0.0
U08066,control,desktop,FR,7,1,4,26.2
U08067,treatment,mobile,UK,4,1,4,5.14
U08068,control,console,DE,3,0,4,0.0
U08069,treatment,console,US,7,0,7,0.0
U08070,control,mobile,CA,5,0,4,0.0
U08071,control,console,FR,3,0,3,0.0
U08072,treatment,desktop,US,3,0,5,0.0
U08073,treatment,mobile,US,3,0,4,0.0
U08074,control,mobile,FR,7,0,2,0.0
U08075,control,desktop,US,3,0,1,0.0
U08076,control,mobile,US,4,0,3,0.0
U08077,control,mobile,CA,5,0,3,0.0
U08078,treatment,console,DE,3,0,2,0.0
U08079,treatment,desktop,CA,4,0,5,0.0
U08080,control,console,US,6,0,2,0.0
U08081,control,desktop,DE,5,0,1,0.0
U08082,treatment,desktop,CA,2,0,0,0.0
U08083,control,console,DE,1,0,2,0.0
U08084,treatment,mobile,CA,5,0,6,0.0
U08085,treatment,mobile,FR,5,0,3,0.0
U08086,treatment,desktop,UK,4,0,3,0.0
U08087,control,console,US,7,0,5,0.0
U08088,control,mobile,DE,3,0,1,0.0
U08089,treatment,console,FR,6,0,7,0.0
U08090,control,console,FR,4,0,5,0.0
U08091,control,desktop,US,6,0,2,0.0
U08092,control,mobile,DE,3,0,1,0.0
U08093,control,mobile,DE,8,0,3,0.0
U08094,treatment,desktop,US,4,0,3,0.0
U08095,treatment,mobile,US,5,0,2,0.0
U08096,control,mobile,CA,9,1,6,11.11
U08097,control,mobile,US,6,0,3,0.0
U08098,treatment,console,UK,5,0,1,0.0
U08099,control,mobile,US,4,0,1,0.0
U08100,treatment,desktop,UK,5,1,3,40.85
U08101,control,mobile,DE,6,0,5,0.0
U08102,control,mobile,CA,4,0,3,0.0
U08103,treatment,mobile,DE,8,1,5,7.38
U08104,control,console,FR,4,0,7,0.0
U08105,treatment,desktop,DE,6,0,3,0.0
U08106,treatment,mobile,US,3,0,0,0.0
U08107,control,console,US,4,0,5,0.0
U08108,control,mobile,US,6,0,3,0.0
U08109,control,console,US,4,0,8,0.0
U08110,control,mobile,UK,7,0,5,0.0
U08111,control,console,DE,6,0,5,0.0
U08112,control,console,UK,5,0,0,0.0
U08113,treatment,console,US,2,0,3,0.0
U08114,treatment,mobile,US,2,0,1,0.0
U08115,control,desktop,CA,5,0,3,0.0
U08116,treatment,console,US,8,0,5,0.0
U08117,control,desktop,FR,6,0,3,0.0
U08118,control,mobile,US,7,1,3,6.88
U08119,control,desktop,US,2,1,1,1.76
U08120,control,mobile,UK,6,1,4,58.11
U08121,treatment,desktop,UK,9,1,4,34.11
U08122,control,mobile,US,6,0,5,0.0
U08123,control,desktop,US,2,0,2,0.0
U08124,treatment,mobile,DE,4,0,3,0.0
U08125,treatment,mobile,UK,5,0,6,0.0
U08126,treatment,mobile,US,4,0,2,0.0
U08127,treatment,console,UK,2,0,2,0.0
U08128,control,desktop,FR,9,0,7,0.0
U08129,treatment,desktop,US,6,0,10,0.0
U08130,control,console,US,6,1,0,1.18
U08131,control,desktop,DE,4,0,1,0.0
U08132,treatment,mobile,US,3,0,3,0.0
U08133,control,desktop,UK,4,0,2,0.0
U08134,treatment,mobile,US,6,0,0,0.0
U08135,control,desktop,CA,4,0,3,0.0
U08136,control,mobile,FR,6,0,6,0.0
U08137,treatment,console,US,7,0,1,0.0
U08138,control,desktop,US,3,0,2,0.0
U08139,control,mobile,US,4,1,7,13.75
U08140,treatment,desktop,US,4,0,2,0.0
U08141,control,mobile,CA,2,0,2,0.0
U08142,treatment,mobile,UK,4,0,2,0.0
U08143,treatment,console,UK,8,0,2,0.0
U08144,control,console,UK,5,0,3,0.0
U08145,treatment,desktop,FR,4,0,9,0.0
U08146,control,desktop,US,3,0,4,0.0
U08147,treatment,mobile,US,2,0,2,0.0
U08148,control,mobile,US,3,0,4,0.0
U08149,treatment,desktop,UK,2,0,6,0.0
U08150,control,desktop,UK,5,0,3,0.0
U08151,control,mobile,CA,8,0,3,0.0
U08152,control,mobile,DE,3,0,1,0.0
U08153,treatment,mobile,DE,5,0,4,0.0
U08154,treatment,mobile,US,6,0,0,0.0
U08155,control,mobile,US,5,0,2,0.0
U08156,treatment,mobile,FR,2,0,3,0.0
U08157,treatment,desktop,UK,8,1,7,30.02
U08158,treatment,mobile,DE,6,0,2,0.0
U08159,treatment,mobile,US,3,0,2,0.0
U08160,control,desktop,US,5,0,6,0.0
U08161,control,console,US,5,0,3,0.0
U08162,control,mobile,FR,6,0,5,0.0
U08163,control,mobile,CA,4,0,3,0.0
U08164,control,desktop,UK,4,0,7,0.0
U08165,treatment,mobile,UK,5,0,7,0.0
U08166,treatment,mobile,DE,2,0,4,0.0
U08167,control,desktop,FR,5,1,4,10.37
U08168,control,mobile,US,3,0,5,0.0
U08169,treatment,console,CA,6,1,6,24.2
U08170,control,console,FR,7,0,3,0.0
U08171,treatment,mobile,UK,5,0,3,0.0
U08172,control,mobile,UK,7,0,5,0.0
U08173,treatment,console,UK,6,0,4,0.0
U08174,control,desktop,FR,4,0,2,0.0
U08175,control,console,US,6,0,2,0.0
U08176,treatment,console,CA,6,0,7,0.0
U08177,treatment,mobile,DE,4,0,0,0.0
U08178,control,mobile,DE,1,1,2,20.63
U08179,treatment,mobile,UK,7,0,2,0.0
U08180,treatment,console,UK,5,0,2,0.0
U08181,control,mobile,CA,5,0,5,0.0
U08182,control,desktop,US,10,1,8,16.41
U08183,treatment,desktop,CA,2,0,5,0.0
U08184,control,console,US,4,0,5,0.0
U08185,treatment,console,DE,5,0,3,0.0
U08186,control,mobile,US,4,0,1,0.0
U08187,control,mobile,UK,3,0,0,0.0
U08188,control,desktop,US,5,1,2,18.02
U08189,treatment,console,CA,10,0,3,0.0
U08190,treatment,desktop,US,7,0,0,0.0
U08191,treatment,desktop,US,5,0,3,0.0
U08192,control,console,DE,5,0,4,0.0
U08193,treatment,mobile,FR,1,0,4,0.0
U08194,control,mobile,FR,2,0,1,0.0
U08195,treatment,console,US,5,0,2,0.0
U08196,treatment,desktop,US,6,1,6,6.92
U08197,control,console,US,4,1,3,16.68
U08198,treatment,mobile,CA,5,0,5,0.0
U08199,treatment,desktop,CA,4,0,3,0.0
U08200,treatment,mobile,DE,3,0,4,0.0
U08201,treatment,mobile,US,6,0,3,0.0
U08202,control,mobile,CA,7,1,3,9.22
U08203,treatment,desktop,UK,6,0,4,0.0
U08204,treatment,mobile,UK,3,0,4,0.0
U08205,control,mobile,US,8,0,4,0.0
U08206,control,mobile,DE,7,0,4,0.0
U08207,treatment,mobile,UK,3,0,8,0.0
U08208,treatment,desktop,US,3,0,4,0.0
U08209,treatment,desktop,FR,4,0,7,0.0
U08210,control,desktop,DE,2,0,2,0.0
U08211,treatment,mobile,UK,2,0,1,0.0
U08212,treatment,desktop,US,2,0,3,0.0
U08213,treatment,mobile,DE,3,0,4,0.0
U08214,control,desktop,UK,4,0,5,0.0
U08215,treatment,console,UK,4,0,3,0.0
U08216,control,desktop,CA,7,0,4,0.0
U08217,treatment,console,DE,1,0,5,0.0
U08218,treatment,mobile,US,6,0,4,0.0
U08219,control,desktop,US,6,0,3,0.0
U08220,treatment,desktop,DE,7,0,4,0.0
U08221,control,desktop,US,6,0,7,0.0
U08222,control,desktop,DE,9,0,6,0.0
U08223,treatment,mobile,DE,5,0,3,0.0
U08224,control,desktop,UK,3,0,3,0.0
U08225,treatment,desktop,US,7,0,9,0.0
U08226,control,desktop,US,2,0,4,0.0
U08227,control,mobile,FR,5,0,5,0.0
U08228,control,mobile,FR,5,0,4,0.0
U08229,treatment,console,FR,9,1,4,10.12
U08230,treatment,mobile,US,8,0,2,0.0
U08231,treatment,mobile,US,3,0,4,0.0
U08232,treatment,mobile,DE,5,1,5,28.55
U08233,control,desktop,US,5,1,1,28.55
U08234,treatment,desktop,CA,4,0,3,0.0
U08235,control,console,US,5,0,3,0.0
U08236,control,desktop,US,3,1,2,8.81
U08237,treatment,mobile,FR,9,0,5,0.0
U08238,control,mobile,DE,3,0,4,0.0
U08239,treatment,mobile,US,6,1,7,14.09
U08240,control,desktop,US,6,0,1,0.0
U08241,treatment,console,DE,5,0,4,0.0
U08242,control,mobile,US,5,0,4,0.0
U08243,control,mobile,US,8,0,5,0.0
U08244,control,desktop,FR,4,0,5,0.0
U08245,treatment,desktop,UK,3,0,6,0.0
U08246,treatment,desktop,DE,2,1,4,20.56
U08247,control,desktop,UK,3,0,3,0.0
U08248,control,mobile,DE,3,1,4,29.59
U08249,control,desktop,US,3,0,5,0.0
U08250,treatment,mobile,US,7,0,1,0.0
U08251,control,desktop,US,3,0,2,0.0
U08252,treatment,mobile,US,4,0,2,0.0
U08253,treatment,desktop,DE,4,0,2,0.0
U08254,treatment,console,US,5,0,4,0.0
U08255,treatment,desktop,US,4,0,3,0.0
U08256,treatment,mobile,CA,10,0,2,0.0
U08257,control,console,UK,4,0,3,0.0
U08258,treatment,mobile,US,8,0,2,0.0
U08259,control,console,US,5,0,2,0.0
U08260,control,mobile,FR,6,0,4,0.0
U08261,control,console,US,8,0,1,0.0
U08262,treatment,mobile,US,3,0,2,0.0
U08263,control,mobile,FR,4,0,7,0.0
U08264,control,console,US,8,0,7,0.0
U08265,treatment,desktop,FR,4,1,3,17.51
U08266,control,mobile,UK,3,0,4,0.0
U08267,control,mobile,US,1,0,2,0.0
U08268,control,mobile,US,7,0,4,0.0
U08269,control,mobile,UK,5,0,2,0.0
U08270,treatment,desktop,US,2,1,4,11.91
U08271,treatment,desktop,UK,9,0,4,0.0
U08272,treatment,console,US,5,0,3,0.0
U08273,treatment,console,CA,6,0,2,0.0
U08274,treatment,console,CA,3,0,4,0.0
U08275,control,desktop,US,4,0,5,0.0
U08276,control,mobile,UK,3,0,5,0.0
U08277,treatment,desktop,CA,8,0,2,0.0
U08278,control,mobile,US,10,0,6,0.0
U08279,treatment,mobile,US,2,0,5,0.0
U08280,control,console,FR,5,0,2,0.0
U08281,control,desktop,US,4,0,3,0.0
U08282,treatment,mobile,US,8,0,3,0.0
U08283,treatment,mobile,FR,7,0,4,0.0
U08284,control,mobile,US,4,0,3,0.0
U08285,control,desktop,DE,5,0,9,0.0
U08286,treatment,mobile,CA,2,0,4,0.0
U08287,treatment,console,US,4,0,0,0.0
U08288,control,desktop,FR,4,0,7,0.0
U08289,treatment,mobile,US,9,0,3,0.0
U08290,treatment,desktop,CA,3,0,4,0.0
U08291,control,console,US,2,0,0,0.0
U08292,control,console,US,6,0,1,0.0
U08293,control,desktop,DE,9,0,1,0.0
U08294,treatment,mobile,CA,3,0,2,0.0
U08295,treatment,desktop,FR,8,0,2,0.0
U08296,treatment,console,DE,7,1,4,19.95
U08297,treatment,console,CA,4,0,3,0.0
U08298,control,desktop,US,2,1,0,8.29
U08299,control,desktop,FR,4,0,4,0.0
U08300,control,mobile,UK,4,1,4,5.01
U08301,treatment,mobile,UK,3,0,3,0.0
U08302,treatment,mobile,US,1,1,2,17.9
U08303,control,mobile,CA,13,0,3,0.0
U08304,treatment,desktop,UK,6,1,2,24.29
U08305,treatment,mobile,US,7,1,4,10.08
U08306,treatment,desktop,UK,2,0,2,0.0
U08307,treatment,desktop,UK,8,1,2,25.93
U08308,control,mobile,US,4,0,5,0.0
U08309,treatment,desktop,UK,3,1,3,52.58
U08310,control,mobile,FR,6,0,4,0.0
U08311,treatment,mobile,FR,4,0,4,0.0
U08312,control,console,DE,3,0,3,0.0
U08313,treatment,mobile,US,4,1,5,17.85
U08314,control,mobile,FR,6,0,3,0.0
U08315,treatment,desktop,US,2,1,4,12.01
U08316,control,mobile,UK,4,0,5,0.0
U08317,treatment,mobile,US,3,0,2,0.0
U08318,control,desktop,US,2,0,4,0.0
U08319,control,desktop,US,4,0,2,0.0
U08320,treatment,desktop,US,10,0,8,0.0
U08321,control,console,FR,8,0,5,0.0
U08322,control,mobile,DE,5,0,5,0.0
U08323,treatment,desktop,US,3,0,5,0.0
U08324,treatment,mobile,US,4,0,7,0.0
U08325,treatment,mobile,DE,5,0,4,0.0
U08326,control,console,US,3,0,1,0.0
U08327,control,desktop,UK,4,0,2,0.0
U08328,treatment,mobile,DE,9,0,4,0.0
U08329,control,mobile,US,8,0,0,0.0
U08330,treatment,mobile,UK,4,0,4,0.0
U08331,treatment,desktop,US,3,0,5,0.0
U08332,treatment,mobile,US,2,0,0,0.0
U08333,treatment,console,UK,5,0,2,0.0
U08334,treatment,mobile,FR,3,0,1,0.0
U08335,control,mobile,US,7,0,4,0.0
U08336,control,console,UK,3,0,2,0.0
U08337,control,console,FR,7,1,5,43.72
U08338,control,mobile,US,9,0,5,0.0
U08339,control,desktop,CA,8,0,2,0.0
U08340,control,console,US,6,0,5,0.0
U08341,control,desktop,US,6,0,2,0.0
U08342,treatment,desktop,DE,3,0,3,0.0
U08343,treatment,desktop,CA,2,0,4,0.0
U08344,control,console,FR,4,0,12,0.0
U08345,control,desktop,DE,3,0,2,0.0
U08346,treatment,mobile,FR,8,0,6,0.0
U08347,treatment,desktop,UK,6,0,2,0.0
U08348,control,desktop,DE,4,0,3,0.0
U08349,treatment,desktop,US,2,0,2,0.0
U08350,treatment,mobile,US,9,0,6,0.0
U08351,treatment,desktop,US,2,0,4,0.0
U08352,treatment,desktop,US,7,0,4,0.0
U08353,control,console,UK,3,0,5,0.0
U08354,control,mobile,US,5,0,6,0.0
U08355,control,desktop,UK,1,0,0,0.0
U08356,treatment,desktop,DE,4,1,3,33.81
U08357,control,mobile,US,6,0,6,0.0
U08358,treatment,desktop,UK,6,0,1,0.0
U08359,treatment,mobile,DE,4,0,2,0.0
U08360,treatment,console,UK,7,0,3,0.0
U08361,control,desktop,US,9,0,3,0.0
U08362,treatment,mobile,CA,3,0,1,0.0
U08363,control,desktop,FR,4,0,7,0.0
U08364,treatment,console,US,5,0,1,0.0
U08365,treatment,mobile,US,5,0,6,0.0
U08366,control,console,UK,8,0,2,0.0
U08367,control,mobile,US,5,0,3,0.0
U08368,control,mobile,US,7,0,3,0.0
U08369,control,desktop,US,5,1,3,14.83
U08370,treatment,mobile,CA,6,1,6,18.14
U08371,control,console,FR,2,0,4,0.0
U08372,control,desktop,DE,7,0,6,0.0
U08373,control,desktop,DE,3,0,4,0.0
U08374,control,desktop,DE,4,0,0,0.0
U08375,treatment,desktop,US,5,0,3,0.0
U08376,treatment,desktop,FR,3,0,3,0.0
U08377,control,desktop,DE,5,0,5,0.0
U08378,control,console,DE,7,0,4,0.0
U08379,control,desktop,UK,5,0,4,0.0
U08380,treatment,mobile,US,5,1,2,44.35
U08381,control,desktop,US,3,0,5,0.0
U08382,treatment,mobile,UK,4,0,1,0.0
U08383,treatment,mobile,DE,6,0,3,0.0
U08384,control,mobile,CA,3,0,0,0.0
U08385,treatment,mobile,DE,4,0,4,0.0
U08386,control,mobile,UK,4,0,4,0.0
U08387,control,console,UK,6,0,5,0.0
U08388,control,console,US,5,0,4,0.0
U08389,control,mobile,US,3,0,4,0.0
U08390,treatment,console,UK,4,0,2,0.0
U08391,control,console,UK,8,1,6,4.69
U08392,control,console,US,2,0,6,0.0
U08393,treatment,mobile,UK,6,0,6,0.0
U08394,treatment,mobile,UK,3,0,6,0.0
U08395,control,desktop,FR,4,0,4,0.0
U08396,treatment,desktop,CA,6,0,6,0.0
U08397,control,desktop,FR,4,0,2,0.0
U08398,treatment,desktop,US,5,0,4,0.0
U08399,treatment,console,UK,3,0,2,0.0
U08400,treatment,console,US,4,0,4,0.0
U08401,control,desktop,FR,5,0,5,0.0
U08402,control,console,DE,4,0,3,0.0
U08403,treatment,console,FR,6,0,3,0.0
U08404,treatment,mobile,US,5,0,2,0.0
U08405,control,console,CA,7,0,3,0.0
U08406,control,mobile,FR,4,0,3,0.0
U08407,control,mobile,UK,6,0,0,0.0
U08408,control,console,US,5,0,5,0.0
U08409,control,mobile,US,2,0,2,0.0
U08410,treatment,desktop,US,6,0,5,0.0
U08411,control,console,US,6,0,7,0.0
U08412,control,mobile,DE,5,0,4,0.0
U08413,control,mobile,US,9,0,8,0.0
U08414,treatment,mobile,FR,4,0,5,0.0
U08415,treatment,desktop,US,7,1,6,19.22
U08416,treatment,mobile,CA,6,0,4,0.0
U08417,treatment,mobile,US,7,0,4,0.0
U08418,control,console,CA,3,0,3,0.0
U08419,control,mobile,US,6,0,2,0.0
U08420,control,desktop,US,4,0,3,0.0
U08421,treatment,mobile,CA,6,0,5,0.0
U08422,treatment,desktop,US,6,1,8,18.65
U08423,treatment,desktop,FR,4,0,1,0.0
U08424,control,mobile,US,5,0,3,0.0
U08425,control,mobile,US,4,0,3,0.0
U08426,treatment,mobile,DE,4,1,5,13.65
U08427,control,mobile,UK,3,0,6,0.0
U08428,treatment,mobile,DE,8,1,5,15.4
U08429,treatment,desktop,UK,9,0,5,0.0
U08430,treatment,mobile,DE,4,0,0,0.0
U08431,control,mobile,DE,9,0,2,0.0
U08432,control,mobile,UK,6,0,6,0.0
U08433,control,console,UK,3,0,1,0.0
U08434,treatment,mobile,DE,5,0,1,0.0
U08435,treatment,desktop,UK,7,0,9,0.0
U08436,treatment,desktop,DE,3,0,1,0.0
U08437,control,mobile,CA,5,0,1,0.0
U08438,control,mobile,UK,6,0,4,0.0
U08439,treatment,mobile,US,4,1,4,4.55
U08440,treatment,desktop,CA,7,1,7,8.27
U08441,control,mobile,CA,9,0,6,0.0
U08442,control,mobile,UK,9,0,2,0.0
U08443,treatment,console,FR,2,1,0,10.73
U08444,control,desktop,US,6,0,2,0.0
U08445,control,mobile,DE,4,0,5,0.0
U08446,control,console,US,10,0,8,0.0
U08447,treatment,mobile,US,3,0,5,0.0
U08448,treatment,mobile,US,5,0,4,0.0
U08449,control,mobile,UK,2,0,4,0.0
U08450,treatment,console,US,5,0,3,0.0
U08451,treatment,mobile,US,7,0,7,0.0
U08452,treatment,console,CA,6,0,4,0.0
U08453,control,desktop,US,5,0,2,0.0
U08454,control,desktop,DE,3,0,4,0.0
U08455,treatment,mobile,UK,5,0,2,0.0
U08456,treatment,mobile,CA,6,0,4,0.0
U08457,treatment,desktop,US,2,0,3,0.0
U08458,treatment,mobile,UK,5,0,4,0.0
U08459,treatment,desktop,DE,3,0,3,0.0
U08460,treatment,mobile,US,3,0,5,0.0
U08461,treatment,console,US,9,0,5,0.0
U08462,control,desktop,US,4,0,4,0.0
U08463,treatment,desktop,US,7,0,5,0.0
U08464,treatment,desktop,US,3,0,5,0.0
U08465,treatment,mobile,FR,3,1,3,7.76
U08466,control,mobile,UK,4,0,6,0.0
U08467,treatment,mobile,UK,7,0,2,0.0
U08468,treatment,desktop,UK,4,1,5,13.96
U08469,control,mobile,US,2,0,4,0.0
U08470,control,mobile,UK,3,1,5,8.32
U08471,control,mobile,UK,8,0,4,0.0
U08472,treatment,mobile,US,4,0,5,0.0
U08473,control,desktop,CA,6,0,7,0.0
U08474,treatment,desktop,UK,3,0,6,0.0
U08475,control,mobile,UK,5,0,3,0.0
U08476,control,mobile,US,4,0,2,0.0
U08477,treatment,desktop,US,7,0,2,0.0
U08478,control,desktop,UK,4,0,5,0.0
U08479,treatment,console,FR,5,0,5,0.0
U08480,treatment,console,DE,7,0,4,0.0
U08481,treatment,console,US,6,1,2,23.83
U08482,treatment,console,US,10,0,1,0.0
U08483,treatment,console,FR,4,0,1,0.0
U08484,treatment,desktop,UK,3,0,1,0.0
U08485,control,desktop,CA,12,0,4,0.0
U08486,control,desktop,UK,6,0,1,0.0
U08487,treatment,mobile,US,4,0,6,0.0
U08488,treatment,mobile,US,5,0,4,0.0
U08489,treatment,console,DE,9,0,5,0.0
U08490,treatment,desktop,FR,2,0,5,0.0
U08491,treatment,mobile,DE,7,0,2,0.0
U08492,control,mobile,US,7,1,1,30.39
U08493,control,mobile,FR,7,0,3,0.0
U08494,control,mobile,CA,8,0,2,0.0
U08495,control,desktop,UK,7,0,4,0.0
U08496,treatment,desktop,US,5,1,6,12.19
U08497,treatment,desktop,US,4,0,6,0.0
U08498,treatment,mobile,DE,3,0,3,0.0
U08499,treatment,mobile,UK,8,1,6,30.67
U08500,treatment,mobile,UK,6,0,2,0.0
U08501,control,mobile,US,3,0,3,0.0
U08502,control,desktop,FR,5,0,3,0.0
U08503,treatment,mobile,US,4,0,2,0.0
U08504,treatment,console,US,7,1,5,24.51
U08505,treatment,desktop,FR,4,0,4,0.0
U08506,control,mobile,UK,7,0,3,0.0
U08507,treatment,mobile,US,6,0,5,0.0
U08508,control,mobile,US,6,0,4,0.0
U08509,treatment,mobile,DE,3,0,3,0.0
U08510,control,console,DE,4,0,4,0.0
U08511,treatment,desktop,FR,4,0,5,0.0
U08512,treatment,console,US,4,1,3,41.37
U08513,control,desktop,US,6,0,3,0.0
U08514,treatment,console,US,5,0,3,0.0
U08515,treatment,console,US,3,0,3,0.0
U08516,control,mobile,DE,7,1,2,6.27
U08517,control,mobile,CA,3,0,2,0.0
U08518,control,mobile,US,7,1,5,33.44
U08519,treatment,mobile,DE,6,1,1,13.95
U08520,treatment,desktop,UK,6,0,3,0.0
U08521,treatment,mobile,US,8,1,4,6.29
U08522,treatment,console,DE,2,0,3,0.0
U08523,treatment,mobile,FR,6,0,5,0.0
U08524,control,console,CA,3,0,4,0.0
U08525,control,mobile,CA,5,0,2,0.0
U08526,control,mobile,US,8,1,5,26.16
U08527,control,console,FR,3,0,3,0.0
U08528,control,mobile,DE,3,0,1,0.0
U08529,treatment,desktop,US,4,0,3,0.0
U08530,control,console,UK,5,0,2,0.0
U08531,control,mobile,CA,3,0,1,0.0
U08532,treatment,mobile,CA,5,0,7,0.0
U08533,treatment,mobile,US,6,0,9,0.0
U08534,control,mobile,US,6,0,2,0.0
U08535,control,console,UK,3,0,3,0.0
U08536,treatment,console,UK,5,0,3,0.0
U08537,control,mobile,FR,6,0,5,0.0
U08538,treatment,desktop,US,5,0,2,0.0
U08539,control,console,US,5,0,4,0.0
U08540,control,mobile,US,7,0,3,0.0
U08541,treatment,mobile,DE,5,0,2,0.0
U08542,control,console,FR,4,0,1,0.0
U08543,treatment,desktop,FR,6,0,6,0.0
U08544,treatment,mobile,US,4,0,2,0.0
U08545,control,desktop,US,6,0,4,0.0
U08546,control,mobile,UK,5,0,2,0.0
U08547,treatment,desktop,FR,7,0,6,0.0
U08548,control,desktop,FR,6,0,1,0.0
U08549,control,mobile,US,4,0,2,0.0
U08550,treatment,console,US,2,0,1,0.0
U08551,control,desktop,DE,9,1,6,16.07
U08552,control,desktop,FR,6,1,7,14.01
U08553,control,desktop,DE,4,0,2,0.0
U08554,treatment,desktop,UK,4,0,2,0.0
U08555,control,mobile,CA,2,0,5,0.0
U08556,control,mobile,US,9,0,4,0.0
U08557,treatment,desktop,DE,5,0,4,0.0
U08558,treatment,desktop,UK,5,0,2,0.0
U08559,control,mobile,UK,4,0,5,0.0
U08560,control,console,UK,3,0,3,0.0
U08561,treatment,console,US,2,0,5,0.0
U08562,control,mobile,CA,5,0,5,0.0
U08563,treatment,mobile,DE,5,0,4,0.0
U08564,treatment,desktop,CA,6,0,3,0.0
U08565,control,mobile,DE,4,0,5,0.0
U08566,control,console,UK,4,0,3,0.0
U08567,treatment,desktop,DE,7,0,4,0.0
U08568,treatment,mobile,DE,2,0,2,0.0
U08569,control,mobile,FR,4,0,2,0.0
U08570,control,mobile,US,7,0,3,0.0
U08571,control,desktop,US,6,1,0,38.84
U08572,control,mobile,DE,8,0,4,0.0
U08573,treatment,console,FR,6,0,2,0.0
U08574,control,desktop,US,6,0,4,0.0
U08575,treatment,console,UK,5,1,6,8.37
U08576,treatment,mobile,US,5,0,4,0.0
U08577,treatment,mobile,FR,5,0,3,0.0
U08578,control,console,US,7,0,3,0.0
U08579,control,mobile,DE,4,0,7,0.0
U08580,control,mobile,US,4,1,1,5.19
U08581,control,console,US,3,0,3,0.0
U08582,treatment,console,US,5,1,4,15.0
U08583,treatment,console,UK,4,1,4,9.18
U08584,control,mobile,US,1,0,1,0.0
U08585,treatment,desktop,DE,3,0,2,0.0
U08586,treatment,desktop,US,3,0,3,0.0
U08587,control,desktop,US,6,0,4,0.0
U08588,treatment,mobile,DE,3,0,4,0.0
U08589,treatment,console,US,5,1,6,11.93
U08590,treatment,mobile,US,10,0,2,0.0
U08591,treatment,desktop,FR,3,0,2,0.0
U08592,control,console,US,6,0,2,0.0
U08593,treatment,console,US,8,0,2,0.0
U08594,treatment,mobile,UK,2,1,4,8.67
U08595,treatment,desktop,US,7,0,1,0.0
U08596,control,desktop,US,7,0,4,0.0
U08597,control,mobile,FR,7,0,3,0.0
U08598,control,mobile,UK,10,0,6,0.0
U08599,treatment,desktop,DE,4,1,4,10.15
U08600,treatment,console,FR,6,0,2,0.0
U08601,treatment,console,US,2,0,2,0.0
U08602,treatment,mobile,US,6,0,2,0.0
U08603,treatment,mobile,UK,2,0,1,0.0
U08604,control,mobile,US,6,0,6,0.0
U08605,treatment,console,CA,4,0,5,0.0
U08606,control,console,UK,3,0,3,0.0
U08607,control,console,US,5,0,5,0.0
U08608,control,desktop,US,5,0,3,0.0
U08609,control,mobile,DE,8,0,6,0.0
U08610,control,desktop,US,3,0,8,0.0
U08611,treatment,mobile,US,7,0,5,0.0
U08612,control,mobile,UK,2,0,3,0.0
U08613,control,mobile,CA,5,0,5,0.0
U08614,treatment,mobile,US,4,0,2,0.0
U08615,treatment,mobile,UK,8,0,4,0.0
U08616,control,console,FR,5,1,6,7.04
U08617,control,desktop,FR,5,0,4,0.0
U08618,control,console,US,6,0,2,0.0
U08619,control,mobile,CA,4,1,3,28.73
U08620,treatment,desktop,US,3,0,0,0.0
U08621,control,mobile,FR,6,0,3,0.0
U08622,treatment,mobile,FR,7,0,3,0.0
U08623,control,mobile,US,4,0,4,0.0
U08624,control,mobile,US,5,0,5,0.0
U08625,treatment,console,UK,9,1,5,20.13
U08626,control,console,UK,6,0,0,0.0
U08627,control,mobile,US,4,0,4,0.0
U08628,treatment,desktop,CA,3,0,7,0.0
U08629,treatment,mobile,US,5,0,4,0.0
U08630,control,mobile,US,7,1,0,8.56
U08631,control,desktop,UK,4,0,5,0.0
U08632,treatment,console,US,2,0,3,0.0
U08633,treatment,console,US,3,0,3,0.0
U08634,control,mobile,CA,8,0,4,0.0
U08635,treatment,desktop,UK,3,0,3,0.0
U08636,treatment,mobile,UK,8,0,5,0.0
U08637,control,mobile,UK,6,0,6,0.0
U08638,treatment,mobile,US,2,0,4,0.0
U08639,control,mobile,US,7,0,1,0.0
U08640,treatment,mobile,UK,9,0,4,0.0
U08641,treatment,mobile,US,7,0,5,0.0
U08642,treatment,desktop,US,5,0,5,0.0
U08643,treatment,mobile,UK,5,0,3,0.0
U08644,control,mobile,FR,5,0,2,0.0
U08645,treatment,console,FR,4,0,3,0.0
U08646,treatment,console,US,5,0,3,0.0
U08647,control,mobile,US,5,0,4,0.0
U08648,treatment,mobile,US,5,0,1,0.0
U08649,treatment,mobile,UK,5,0,8,0.0
U08650,control,console,US,6,0,2,0.0
U08651,control,mobile,DE,11,0,5,0.0
U08652,control,mobile,US,4,0,5,0.0
U08653,control,desktop,US,4,1,4,25.77
U08654,control,desktop,US,4,0,6,0.0
U08655,treatment,mobile,US,3,0,5,0.0
U08656,treatment,mobile,US,8,0,1,0.0
U08657,control,mobile,FR,2,0,3,0.0
U08658,control,mobile,UK,7,0,1,0.0
U08659,control,mobile,DE,5,0,5,0.0
U08660,control,console,CA,7,1,4,16.81
U08661,control,console,UK,3,0,3,0.0
U08662,control,desktop,US,4,0,1,0.0
U08663,treatment,desktop,US,7,0,3,0.0
U08664,control,desktop,DE,5,0,8,0.0
U08665,treatment,mobile,FR,6,1,3,13.99
U08666,control,desktop,FR,1,0,3,0.0
U08667,control,mobile,US,10,0,5,0.0
U08668,control,mobile,FR,2,0,3,0.0
U08669,control,mobile,US,4,0,4,0.0
U08670,treatment,desktop,FR,7,0,5,0.0
U08671,treatment,desktop,FR,5,0,3,0.0
U08672,treatment,desktop,DE,5,0,3,0.0
U08673,control,desktop,UK,4,1,7,25.43
U08674,treatment,console,US,3,0,8,0.0
U08675,control,mobile,FR,5,0,6,0.0
U08676,control,mobile,UK,4,0,0,0.0
U08677,treatment,console,US,5,0,4,0.0
U08678,control,desktop,DE,6,0,2,0.0
U08679,control,mobile,FR,2,0,4,0.0
U08680,control,mobile,FR,4,0,4,0.0
U08681,treatment,console,UK,7,0,4,0.0
U08682,treatment,mobile,DE,6,0,4,0.0
U08683,treatment,console,FR,5,0,2,0.0
U08684,treatment,console,UK,4,0,5,0.0
U08685,treatment,console,US,6,1,9,19.29
U08686,treatment,mobile,DE,7,0,6,0.0
U08687,control,desktop,US,8,1,8,5.66
U08688,control,mobile,US,10,0,2,0.0
U08689,treatment,mobile,UK,6,1,4,19.72
U08690,control,mobile,FR,4,0,4,0.0
U08691,control,mobile,US,4,0,6,0.0
U08692,treatment,mobile,US,3,0,6,0.0
U08693,treatment,desktop,US,6,1,4,5.66
U08694,control,mobile,UK,10,0,3,0.0
U08695,treatment,mobile,US,3,0,0,0.0
U08696,treatment,mobile,UK,4,0,2,0.0
U08697,control,desktop,US,4,0,5,0.0
U08698,control,mobile,US,5,0,4,0.0
U08699,control,desktop,US,7,0,6,0.0
U08700,treatment,mobile,US,1,0,7,0.0
U08701,treatment,desktop,UK,1,0,1,0.0
U08702,control,console,US,8,0,5,0.0
U08703,treatment,desktop,UK,3,0,1,0.0
U08704,control,desktop,US,5,0,0,0.0
U08705,control,console,UK,3,0,5,0.0
U08706,control,mobile,UK,3,0,1,0.0
U08707,control,mobile,US,3,0,0,0.0
U08708,control,console,CA,6,0,4,0.0
U08709,control,console,UK,3,1,3,2.44
U08710,control,desktop,DE,6,0,1,0.0
U08711,treatment,mobile,UK,9,0,3,0.0
U08712,treatment,mobile,US,3,0,4,0.0
U08713,control,console,US,6,0,4,0.0
U08714,treatment,desktop,UK,3,0,3,0.0
U08715,control,mobile,DE,3,0,3,0.0
U08716,control,mobile,UK,6,0,3,0.0
U08717,treatment,console,FR,5,0,5,0.0
U08718,treatment,desktop,US,6,0,4,0.0
U08719,treatment,console,DE,5,0,4,0.0
U08720,treatment,mobile,UK,4,0,1,0.0
U08721,control,mobile,US,3,0,4,0.0
U08722,control,mobile,DE,4,0,2,0.0
U08723,treatment,desktop,US,5,1,5,10.92
U08724,control,mobile,DE,3,0,6,0.0
U08725,control,mobile,US,3,0,3,0.0
U08726,control,mobile,DE,7,0,1,0.0
U08727,treatment,mobile,DE,8,1,4,49.25
U08728,treatment,console,US,10,0,4,0.0
U08729,treatment,mobile,FR,5,0,6,0.0
U08730,control,desktop,DE,4,0,4,0.0
U08731,control,desktop,UK,4,0,1,0.0
U08732,treatment,mobile,UK,5,0,3,0.0
U08733,treatment,desktop,DE,7,1,7,11.76
U08734,control,console,DE,2,0,6,0.0
U08735,control,desktop,CA,4,0,1,0.0
U08736,control,desktop,DE,4,0,3,0.0
U08737,control,console,US,7,0,4,0.0
U08738,control,console,UK,6,0,3,0.0
U08739,treatment,console,US,6,0,6,0.0
U08740,control,mobile,US,7,0,3,0.0
U08741,treatment,desktop,CA,6,0,5,0.0
U08742,treatment,desktop,DE,5,0,5,0.0
U08743,control,mobile,CA,4,1,2,17.47
U08744,control,mobile,FR,4,0,2,0.0
U08745,treatment,console,DE,3,1,5,15.42
U08746,control,mobile,US,5,0,6,0.0
U08747,control,console,US,7,0,4,0.0
U08748,control,console,US,5,0,2,0.0
U08749,treatment,mobile,FR,7,0,0,0.0
U08750,control,mobile,US,6,0,5,0.0
U08751,treatment,console,CA,5,0,2,0.0
U08752,treatment,mobile,US,6,0,1,0.0
U08753,control,console,US,4,0,3,0.0
U08754,treatment,mobile,US,3,0,1,0.0
U08755,treatment,mobile,US,5,0,4,0.0
U08756,control,mobile,US,3,1,2,1.22
U08757,treatment,mobile,UK,5,0,4,0.0
U08758,control,console,UK,3,0,2,0.0
U08759,control,mobile,US,5,0,0,0.0
U08760,control,mobile,US,7,0,3,0.0
U08761,control,desktop,CA,2,0,3,0.0
U08762,control,console,US,9,1,3,7.14
U08763,control,mobile,US,4,0,2,0.0
U08764,control,console,CA,4,0,10,0.0
U08765,treatment,mobile,US,5,0,2,0.0
U08766,control,console,CA,4,1,2,5.54
U08767,control,desktop,CA,6,0,9,0.0
U08768,control,console,DE,5,1,4,44.25
U08769,control,desktop,US,2,1,9,15.52
U08770,control,console,FR,2,0,4,0.0
U08771,treatment,mobile,US,7,0,1,0.0
U08772,control,desktop,US,6,0,4,0.0
U08773,control,desktop,US,5,0,3,0.0
U08774,treatment,mobile,US,5,0,0,0.0
U08775,control,console,UK,4,0,6,0.0
U08776,treatment,console,FR,2,0,2,0.0
U08777,control,console,UK,1,0,7,0.0
U08778,treatment,mobile,US,6,0,4,0.0
U08779,treatment,console,US,4,1,5,5.2
U08780,treatment,mobile,US,7,0,3,0.0
U08781,control,console,FR,5,0,7,0.0
U08782,control,mobile,FR,7,0,7,0.0
U08783,treatment,desktop,DE,8,0,2,0.0
U08784,treatment,mobile,DE,3,0,2,0.0
U08785,control,desktop,FR,2,0,1,0.0
U08786,control,mobile,US,3,0,2,0.0
U08787,control,console,US,5,0,2,0.0
U08788,control,console,US,4,0,3,0.0
U08789,treatment,mobile,US,3,1,5,7.81
U08790,control,console,CA,4,0,6,0.0
U08791,control,desktop,FR,1,0,1,0.0
U08792,control,mobile,US,5,0,5,0.0
U08793,control,mobile,UK,5,1,3,24.97
U08794,control,mobile,DE,4,0,5,0.0
U08795,treatment,mobile,CA,3,0,2,0.0
U08796,control,desktop,CA,4,1,6,23.3
U08797,treatment,desktop,DE,4,0,6,0.0
U08798,treatment,mobile,DE,4,0,6,0.0
U08799,treatment,console,UK,3,0,1,0.0
U08800,treatment,mobile,UK,4,0,5,0.0
U08801,control,console,US,6,1,4,16.62
U08802,treatment,console,US,4,0,1,0.0
U08803,treatment,console,CA,7,1,4,5.56
U08804,treatment,desktop,FR,5,0,2,0.0
U08805,control,mobile,US,7,0,1,0.0
U08806,control,console,US,5,0,3,0.0
U08807,control,desktop,US,8,1,5,8.7
U08808,control,console,US,3,1,3,25.47
U08809,treatment,mobile,FR,8,0,6,0.0
U08810,control,desktop,FR,7,0,1,0.0
U08811,treatment,mobile,FR,4,0,2,0.0
U08812,control,desktop,US,3,0,5,0.0
U08813,control,console,DE,4,0,1,0.0
U08814,control,mobile,CA,2,0,8,0.0
U08815,treatment,mobile,DE,8,0,4,0.0
U08816,treatment,mobile,UK,5,0,4,0.0
U08817,control,mobile,US,2,1,7,3.47
U08818,control,mobile,UK,7,0,3,0.0
U08819,control,mobile,UK,5,0,2,0.0
U08820,treatment,mobile,US,6,0,2,0.0
U08821,treatment,desktop,DE,3,0,2,0.0
U08822,treatment,console,UK,4,0,4,0.0
U08823,treatment,mobile,US,5,0,3,0.0
U08824,treatment,mobile,US,5,0,4,0.0
U08825,treatment,console,FR,4,0,4,0.0
U08826,control,mobile,UK,6,0,3,0.0
U08827,control,mobile,UK,6,1,4,5.14
U08828,control,desktop,DE,4,1,2,20.21
U08829,treatment,console,US,8,0,4,0.0
U08830,control,mobile,UK,4,0,1,0.0
U08831,control,console,FR,3,0,6,0.0
U08832,treatment,mobile,US,5,1,8,25.2
U08833,control,mobile,US,3,0,3,0.0
U08834,treatment,mobile,DE,1,0,2,0.0
U08835,treatment,console,UK,7,1,6,22.61
U08836,control,desktop,UK,7,0,3,0.0
U08837,treatment,desktop,US,4,0,5,0.0
U08838,control,console,UK,2,0,3,0.0
U08839,control,desktop,UK,6,0,3,0.0
U08840,treatment,mobile,US,3,0,4,0.0
U08841,control,desktop,US,5,0,5,0.0
U08842,control,mobile,FR,2,0,4,0.0
U08843,control,desktop,US,5,0,3,0.0
U08844,treatment,console,CA,8,0,5,0.0
U08845,treatment,desktop,US,6,0,4,0.0
U08846,control,mobile,US,5,0,6,0.0
U08847,treatment,desktop,US,8,0,3,0.0
U08848,treatment,mobile,UK,4,1,5,20.48
U08849,treatment,mobile,UK,6,0,1,0.0
U08850,treatment,desktop,UK,5,0,5,0.0
U08851,control,mobile,DE,1,1,3,8.92
U08852,control,mobile,US,5,0,8,0.0
U08853,treatment,desktop,UK,6,1,3,16.59
U08854,treatment,mobile,FR,6,0,4,0.0
U08855,treatment,mobile,US,4,0,3,0.0
U08856,control,console,FR,6,0,3,0.0
U08857,treatment,mobile,FR,3,0,2,0.0
U08858,treatment,mobile,US,4,0,3,0.0
U08859,treatment,console,US,4,0,2,0.0
U08860,control,mobile,CA,4,0,3,0.0
U08861,control,console,FR,4,0,1,0.0
U08862,treatment,desktop,CA,6,0,1,0.0
U08863,control,desktop,UK,5,1,4,18.44
U08864,control,mobile,US,4,0,3,0.0
U08865,treatment,mobile,US,5,0,3,0.0
U08866,treatment,console,US,4,0,3,0.0
U08867,control,mobile,UK,1,0,3,0.0
U08868,control,console,DE,6,1,3,21.04
U08869,control,console,US,7,0,3,0.0
U08870,control,desktop,FR,5,0,1,0.0
U08871,control,mobile,UK,8,0,3,0.0
U08872,control,desktop,CA,6,0,3,0.0
U08873,treatment,desktop,US,4,0,6,0.0
U08874,treatment,mobile,CA,8,0,3,0.0
U08875,treatment,console,DE,5,0,8,0.0
U08876,treatment,mobile,UK,4,0,2,0.0
U08877,treatment,console,FR,6,0,3,0.0
U08878,treatment,mobile,US,10,0,2,0.0
U08879,treatment,mobile,UK,5,0,4,0.0
U08880,control,desktop,UK,5,0,2,0.0
U08881,treatment,mobile,CA,2,0,2,0.0
U08882,treatment,mobile,CA,10,0,2,0.0
U08883,control,mobile,US,3,0,3,0.0
U08884,control,console,UK,8,0,3,0.0
U08885,control,mobile,US,9,0,4,0.0
U08886,treatment,desktop,US,5,0,3,0.0
U08887,treatment,desktop,DE,4,0,5,0.0
U08888,control,desktop,US,2,0,3,0.0
U08889,treatment,mobile,US,6,0,3,0.0
U08890,treatment,mobile,FR,4,0,2,0.0
U08891,control,console,CA,4,0,6,0.0
U08892,treatment,console,UK,2,0,3,0.0
U08893,treatment,console,US,6,1,1,7.24
U08894,treatment,desktop,US,2,0,2,0.0
U08895,control,console,US,5,1,2,13.21
U08896,treatment,console,US,3,0,2,0.0
U08897,treatment,desktop,UK,4,0,5,0.0
U08898,treatment,console,UK,5,0,4,0.0
U08899,treatment,mobile,FR,8,0,2,0.0
U08900,control,mobile,US,6,0,3,0.0
U08901,treatment,desktop,DE,6,0,2,0.0
U08902,control,desktop,UK,4,0,5,0.0
U08903,control,mobile,DE,4,0,5,0.0
U08904,treatment,desktop,DE,3,0,5,0.0
U08905,treatment,desktop,FR,6,0,5,0.0
U08906,control,console,US,4,0,5,0.0
U08907,treatment,mobile,US,3,0,7,0.0
U08908,treatment,mobile,CA,6,0,5,0.0
U08909,control,desktop,US,5,0,2,0.0
U08910,control,desktop,UK,5,0,1,0.0
U08911,control,console,US,7,0,4,0.0
U08912,treatment,mobile,CA,6,0,2,0.0
U08913,treatment,mobile,UK,7,0,3,0.0
U08914,control,console,UK,3,0,0,0.0
U08915,control,mobile,CA,3,1,3,29.95
U08916,control,desktop,US,6,0,3,0.0
U08917,treatment,mobile,UK,11,0,3,0.0
U08918,control,mobile,US,4,0,4,0.0
U08919,control,console,UK,2,0,1,0.0
U08920,control,mobile,US,5,1,2,12.15
U08921,treatment,mobile,UK,3,0,4,0.0
U08922,control,console,US,6,0,2,0.0
U08923,treatment,mobile,DE,3,0,4,0.0
U08924,control,mobile,UK,3,0,5,0.0
U08925,treatment,desktop,US,8,0,4,0.0
U08926,control,mobile,CA,4,0,5,0.0
U08927,control,desktop,US,7,0,4,0.0
U08928,control,mobile,CA,2,0,2,0.0
U08929,treatment,mobile,CA,4,0,2,0.0
U08930,control,mobile,US,7,0,5,0.0
U08931,control,console,US,8,0,4,0.0
U08932,control,mobile,FR,5,0,1,0.0
U08933,control,console,DE,3,0,2,0.0
U08934,control,mobile,FR,3,0,1,0.0
U08935,treatment,mobile,US,6,0,0,0.0
U08936,treatment,desktop,CA,4,1,5,7.39
U08937,control,mobile,US,2,1,1,12.93
U08938,treatment,desktop,DE,4,0,5,0.0
U08939,control,console,FR,4,0,4,0.0
U08940,treatment,console,US,5,0,1,0.0
U08941,treatment,desktop,US,5,0,5,0.0
U08942,treatment,desktop,DE,3,0,4,0.0
U08943,treatment,mobile,CA,6,0,5,0.0
U08944,control,console,US,7,0,2,0.0
U08945,control,mobile,DE,8,0,0,0.0
U08946,treatment,mobile,UK,2,0,4,0.0
U08947,treatment,desktop,UK,4,0,6,0.0
U08948,treatment,mobile,UK,2,0,4,0.0
U08949,control,desktop,US,4,0,3,0.0
U08950,control,mobile,US,5,1,1,30.01
U08951,treatment,mobile,UK,4,0,3,0.0
U08952,treatment,desktop,UK,6,0,9,0.0
U08953,control,desktop,US,4,0,3,0.0
U08954,treatment,console,FR,10,0,4,0.0
U08955,treatment,mobile,UK,3,0,2,0.0
U08956,control,mobile,US,6,0,5,0.0
U08957,treatment,mobile,FR,3,0,5,0.0
U08958,treatment,mobile,FR,4,0,1,0.0
U08959,treatment,mobile,DE,7,0,0,0.0
U08960,treatment,console,US,6,0,2,0.0
U08961,treatment,mobile,UK,7,0,4,0.0
U08962,control,console,UK,4,0,2,0.0
U08963,control,desktop,FR,4,0,3,0.0
U08964,control,desktop,US,3,0,5,0.0
U08965,treatment,mobile,US,5,1,1,4.55
U08966,treatment,mobile,UK,7,0,3,0.0
U08967,control,mobile,US,1,0,4,0.0
U08968,control,desktop,US,4,0,3,0.0
U08969,control,desktop,US,4,0,3,0.0
U08970,control,mobile,UK,9,0,0,0.0
U08971,treatment,mobile,US,5,0,1,0.0
U08972,control,console,UK,3,0,3,0.0
U08973,control,mobile,US,5,0,5,0.0
U08974,control,mobile,DE,3,0,3,0.0
U08975,control,mobile,US,7,0,6,0.0
U08976,control,mobile,UK,6,0,4,0.0
U08977,treatment,mobile,DE,6,0,3,0.0
U08978,treatment,desktop,US,5,0,6,0.0
U08979,treatment,desktop,US,6,0,1,0.0
U08980,control,desktop,UK,6,0,1,0.0
U08981,control,mobile,CA,6,0,4,0.0
U08982,treatment,mobile,US,9,0,2,0.0
U08983,control,console,US,2,1,1,69.74
U08984,treatment,mobile,UK,6,0,8,0.0
U08985,treatment,mobile,DE,6,1,2,18.53
U08986,treatment,desktop,US,5,0,2,0.0
U08987,treatment,desktop,DE,7,1,5,44.82
U08988,control,mobile,UK,9,1,1,20.23
U08989,treatment,console,US,9,0,4,0.0
U08990,control,mobile,DE,9,0,4,0.0
U08991,control,console,US,3,0,2,0.0
U08992,treatment,mobile,UK,3,0,3,0.0
U08993,control,desktop,FR,6,0,5,0.0
U08994,control,mobile,CA,3,0,1,0.0
U08995,treatment,console,US,5,0,5,0.0
U08996,control,desktop,DE,5,0,2,0.0
U08997,control,console,US,11,0,3,0.0
U08998,treatment,console,US,4,0,3,0.0
U08999,treatment,desktop,DE,5,0,1,0.0
U09000,control,mobile,DE,1,0,3,0.0
U09001,treatment,mobile,US,10,1,6,27.4
U09002,control,console,UK,9,0,0,0.0
U09003,treatment,console,US,5,0,1,0.0
U09004,control,mobile,DE,5,0,4,0.0
U09005,control,mobile,US,5,0,2,0.0
U09006,control,mobile,UK,13,0,6,0.0
U09007,control,mobile,US,6,0,4,0.0
U09008,control,mobile,DE,4,0,6,0.0
U09009,treatment,console,UK,3,0,3,0.0
U09010,treatment,mobile,FR,5,0,6,0.0
U09011,control,console,US,6,0,3,0.0
U09012,control,console,FR,4,0,1,0.0
U09013,control,mobile,US,4,0,3,0.0
U09014,control,desktop,US,5,0,0,0.0
U09015,treatment,desktop,CA,10,0,6,0.0
U09016,treatment,mobile,US,9,0,8,0.0
U09017,control,desktop,UK,4,0,5,0.0
U09018,treatment,desktop,CA,10,0,7,0.0
U09019,control,mobile,US,9,0,6,0.0
U09020,treatment,console,DE,5,0,2,0.0
U09021,control,mobile,UK,5,0,5,0.0
U09022,control,mobile,FR,9,0,2,0.0
U09023,treatment,console,CA,4,0,4,0.0
U09024,treatment,mobile,US,7,0,3,0.0
U09025,control,mobile,UK,4,0,3,0.0
U09026,control,mobile,US,3,0,7,0.0
U09027,control,mobile,UK,8,0,2,0.0
U09028,control,mobile,US,4,0,2,0.0
U09029,treatment,desktop,DE,5,0,4,0.0
U09030,control,mobile,UK,3,0,4,0.0
U09031,treatment,desktop,CA,2,0,6,0.0
U09032,control,mobile,DE,10,0,5,0.0
U09033,treatment,mobile,US,3,0,5,0.0
U09034,control,console,US,7,0,5,0.0
U09035,treatment,console,FR,6,0,3,0.0
U09036,treatment,desktop,US,1,0,1,0.0
U09037,treatment,mobile,CA,4,0,4,0.0
U09038,control,desktop,UK,4,0,7,0.0
U09039,treatment,console,US,6,0,5,0.0
U09040,treatment,console,US,8,0,1,0.0
U09041,treatment,desktop,UK,7,0,4,0.0
U09042,treatment,desktop,US,2,0,4,0.0
U09043,treatment,mobile,US,5,0,3,0.0
U09044,control,mobile,US,9,0,2,0.0
U09045,control,mobile,UK,6,0,1,0.0
U09046,control,mobile,US,4,1,2,11.35
U09047,treatment,mobile,UK,6,0,9,0.0
U09048,control,mobile,UK,5,0,5,0.0
U09049,treatment,desktop,UK,4,0,3,0.0
U09050,treatment,desktop,CA,3,0,3,0.0
U09051,control,desktop,UK,5,0,2,0.0
U09052,treatment,mobile,UK,3,1,4,7.96
U09053,control,desktop,CA,6,0,6,0.0
U09054,control,console,FR,2,0,5,0.0
U09055,control,mobile,US,3,1,2,14.86
U09056,control,console,FR,2,0,1,0.0
U09057,treatment,mobile,FR,7,0,6,0.0
U09058,control,desktop,DE,4,0,4,0.0
U09059,control,desktop,US,3,0,3,0.0
U09060,treatment,desktop,US,6,0,4,0.0
U09061,control,console,CA,5,0,5,0.0
U09062,control,mobile,US,3,0,6,0.0
U09063,control,console,FR,5,0,2,0.0
U09064,control,console,UK,6,0,2,0.0
U09065,treatment,console,DE,3,0,3,0.0
U09066,treatment,mobile,CA,8,0,2,0.0
U09067,control,mobile,UK,5,0,1,0.0
U09068,control,console,US,3,1,6,22.67
U09069,treatment,desktop,FR,6,0,6,0.0
U09070,control,console,DE,5,0,3,0.0
U09071,treatment,mobile,DE,5,1,6,10.96
U09072,control,console,CA,5,1,9,16.95
U09073,treatment,console,UK,3,0,1,0.0
U09074,control,console,DE,5,0,6,0.0
U09075,treatment,desktop,DE,4,0,0,0.0
U09076,treatment,mobile,US,6,0,4,0.0
U09077,treatment,desktop,US,2,1,3,13.79
U09078,treatment,desktop,DE,1,0,2,0.0
U09079,treatment,mobile,DE,2,0,4,0.0
U09080,treatment,mobile,DE,7,0,6,0.0
U09081,treatment,console,US,7,0,4,0.0
U09082,treatment,mobile,DE,10,0,7,0.0
U09083,treatment,mobile,US,5,0,7,0.0
U09084,treatment,desktop,US,3,0,6,0.0
U09085,control,console,US,5,0,6,0.0
U09086,treatment,desktop,DE,4,0,4,0.0
U09087,treatment,mobile,FR,6,0,2,0.0
U09088,treatment,mobile,US,5,0,4,0.0
U09089,treatment,mobile,FR,6,0,1,0.0
U09090,treatment,mobile,CA,3,1,4,23.15
U09091,control,console,US,10,0,3,0.0
U09092,control,mobile,US,4,0,5,0.0
U09093,treatment,mobile,CA,10,0,3,0.0
U09094,control,console,US,8,0,4,0.0
U09095,control,mobile,DE,3,1,9,26.56
U09096,treatment,mobile,US,5,0,2,0.0
U09097,control,desktop,US,5,0,7,0.0
U09098,treatment,mobile,FR,10,0,4,0.0
U09099,control,mobile,UK,10,0,5,0.0
U09100,control,console,UK,2,1,3,8.92
U09101,control,console,US,6,0,3,0.0
U09102,control,console,FR,1,0,5,0.0
U09103,control,desktop,US,4,1,3,15.47
U09104,treatment,mobile,DE,5,0,4,0.0
U09105,control,console,US,3,0,3,0.0
U09106,control,desktop,US,5,0,3,0.0
U09107,control,mobile,US,7,0,2,0.0
U09108,treatment,mobile,US,9,0,2,0.0
U09109,control,desktop,US,8,0,5,0.0
U09110,treatment,mobile,US,4,0,5,0.0
U09111,control,mobile,UK,2,0,0,0.0
U09112,treatment,mobile,US,6,0,2,0.0
U09113,control,desktop,US,3,0,2,0.0
U09114,control,mobile,UK,4,0,2,0.0
U09115,control,desktop,US,7,0,2,0.0
U09116,control,mobile,US,3,0,2,0.0
U09117,treatment,desktop,CA,9,1,4,15.5
U09118,control,mobile,DE,7,0,8,0.0
U09119,treatment,mobile,CA,1,0,4,0.0
U09120,treatment,desktop,US,9,0,3,0.0
U09121,control,desktop,FR,7,0,4,0.0
U09122,control,mobile,UK,4,0,6,0.0
U09123,treatment,desktop,US,7,0,0,0.0
U09124,treatment,console,US,4,0,5,0.0
U09125,treatment,mobile,DE,5,0,5,0.0
U09126,treatment,desktop,FR,5,1,7,33.07
U09127,control,mobile,DE,4,0,4,0.0
U09128,control,console,UK,9,0,3,0.0
U09129,treatment,mobile,DE,6,0,5,0.0
U09130,control,console,DE,8,0,5,0.0
U09131,control,desktop,UK,4,1,3,0.43
U09132,control,desktop,UK,8,0,2,0.0
U09133,treatment,mobile,DE,3,0,5,0.0
U09134,treatment,desktop,US,4,0,2,0.0
U09135,control,mobile,UK,2,1,3,28.69
U09136,treatment,mobile,FR,5,0,4,0.0
U09137,treatment,mobile,CA,4,1,5,24.44
U09138,treatment,desktop,US,7,1,4,8.26
U09139,treatment,console,CA,6,0,3,0.0
U09140,control,console,FR,8,0,3,0.0
U09141,treatment,mobile,US,6,0,2,0.0
U09142,control,console,DE,7,0,4,0.0
U09143,control,console,CA,7,0,3,0.0
U09144,control,console,DE,5,1,2,22.8
U09145,control,desktop,US,8,0,1,0.0
U09146,treatment,mobile,UK,5,0,3,0.0
U09147,control,console,US,5,0,2,0.0
U09148,control,desktop,UK,5,0,4,0.0
U09149,control,desktop,UK,7,0,3,0.0
U09150,control,mobile,US,4,1,4,27.3
U09151,control,mobile,US,6,0,4,0.0
U09152,control,mobile,UK,6,0,3,0.0
U09153,control,desktop,FR,4,0,4,0.0
U09154,control,mobile,UK,12,0,4,0.0
U09155,control,console,DE,3,0,8,0.0
U09156,control,mobile,US,6,0,2,0.0
U09157,control,mobile,CA,6,0,5,0.0
U09158,treatment,mobile,US,5,0,5,0.0
U09159,control,mobile,US,3,1,7,13.4
U09160,treatment,mobile,DE,7,0,4,0.0
U09161,control,desktop,US,9,0,5,0.0
U09162,treatment,console,FR,4,0,2,0.0
U09163,treatment,mobile,UK,2,1,3,5.3
U09164,control,mobile,US,4,0,8,0.0
U09165,treatment,console,UK,4,0,3,0.0
U09166,control,mobile,DE,8,1,2,8.6
U09167,control,desktop,US,6,0,0,0.0
U09168,control,desktop,US,8,0,1,0.0
U09169,treatment,console,DE,2,0,3,0.0
U09170,control,mobile,US,3,0,4,0.0
U09171,control,console,UK,7,1,3,13.52
U09172,control,console,US,5,0,3,0.0
U09173,treatment,mobile,FR,11,0,1,0.0
U09174,treatment,desktop,US,1,0,3,0.0
U09175,control,mobile,US,7,0,3,0.0
U09176,control,mobile,US,5,0,3,0.0
U09177,control,console,CA,7,0,8,0.0
U09178,control,mobile,UK,3,0,1,0.0
U09179,control,mobile,UK,6,0,2,0.0
U09180,control,mobile,FR,5,0,4,0.0
U09181,control,desktop,US,4,0,2,0.0
U09182,treatment,console,CA,7,0,5,0.0
U09183,control,desktop,DE,4,0,2,0.0
U09184,treatment,desktop,DE,6,0,7,0.0
U09185,control,mobile,US,5,1,5,29.69
U09186,control,desktop,UK,7,0,2,0.0
U09187,treatment,mobile,CA,8,0,5,0.0
U09188,control,desktop,US,7,0,1,0.0
U09189,treatment,desktop,UK,3,0,5,0.0
U09190,treatment,console,US,3,0,4,0.0
U09191,control,desktop,US,9,0,1,0.0
U09192,treatment,desktop,US,4,1,1,8.78
U09193,control,mobile,UK,2,1,5,10.51
U09194,treatment,mobile,US,5,0,2,0.0
U09195,control,desktop,FR,6,0,5,0.0
U09196,control,desktop,US,7,0,2,0.0
U09197,control,desktop,US,5,0,4,0.0
U09198,treatment,desktop,UK,8,0,2,0.0
U09199,treatment,mobile,FR,10,0,4,0.0
U09200,treatment,mobile,DE,4,0,0,0.0
U09201,treatment,mobile,UK,3,0,3,0.0
U09202,treatment,desktop,CA,6,0,8,0.0
U09203,treatment,console,US,7,0,3,0.0
U09204,treatment,desktop,US,6,0,5,0.0
U09205,treatment,desktop,US,3,0,4,0.0
U09206,treatment,desktop,CA,4,1,3,19.93
U09207,control,mobile,FR,4,0,6,0.0
U09208,treatment,mobile,DE,9,0,5,0.0
U09209,treatment,mobile,US,4,0,4,0.0
U09210,treatment,console,US,5,0,2,0.0
U09211,control,mobile,US,4,0,4,0.0
U09212,treatment,desktop,US,4,0,5,0.0
U09213,treatment,mobile,FR,4,0,6,0.0
U09214,control,desktop,DE,7,0,1,0.0
U09215,control,mobile,US,6,0,6,0.0
U09216,control,console,CA,6,0,2,0.0
U09217,treatment,mobile,UK,6,0,4,0.0
U09218,treatment,console,UK,5,1,7,12.76
U09219,treatment,desktop,US,7,1,6,16.87
U09220,treatment,mobile,CA,6,0,5,0.0
U09221,control,desktop,UK,5,0,2,0.0
U09222,control,desktop,UK,4,0,4,0.0
U09223,control,mobile,US,3,0,3,0.0
U09224,treatment,desktop,CA,7,1,6,18.23
U09225,treatment,desktop,US,4,0,4,0.0
U09226,treatment,desktop,DE,5,0,3,0.0
U09227,control,desktop,FR,7,0,1,0.0
U09228,treatment,desktop,DE,4,1,6,21.06
U09229,control,mobile,UK,4,1,1,16.42
U09230,treatment,mobile,UK,2,0,1,0.0
U09231,treatment,mobile,US,9,0,6,0.0
U09232,treatment,desktop,FR,3,0,2,0.0
U09233,control,mobile,FR,6,0,0,0.0
U09234,control,mobile,UK,6,0,5,0.0
U09235,control,console,US,7,0,3,0.0
U09236,treatment,mobile,UK,6,0,3,0.0
U09237,treatment,mobile,US,4,0,4,0.0
U09238,control,console,US,4,0,2,0.0
U09239,control,desktop,CA,6,0,3,0.0
U09240,control,console,US,7,0,3,0.0
U09241,treatment,mobile,UK,6,0,5,0.0
U09242,treatment,desktop,US,4,0,4,0.0
U09243,treatment,console,CA,6,0,1,0.0
U09244,control,mobile,US,7,0,4,0.0
U09245,control,mobile,FR,6,0,3,0.0
U09246,control,mobile,US,8,0,5,0.0
U09247,treatment,console,US,4,0,1,0.0
U09248,treatment,mobile,US,4,0,4,0.0
U09249,treatment,desktop,FR,2,0,0,0.0
U09250,treatment,desktop,US,5,0,3,0.0
U09251,treatment,console,US,4,1,1,23.64
U09252,treatment,mobile,FR,4,1,5,19.87
U09253,treatment,desktop,UK,1,1,3,27.24
U09254,control,console,US,7,0,2,0.0
U09255,treatment,mobile,US,3,1,2,11.12
U09256,control,desktop,US,4,0,1,0.0
U09257,treatment,mobile,FR,8,0,4,0.0
U09258,treatment,mobile,US,2,1,2,5.06
U09259,treatment,mobile,US,4,0,8,0.0
U09260,treatment,mobile,UK,4,0,2,0.0
U09261,control,mobile,CA,12,0,5,0.0
U09262,treatment,console,US,5,0,7,0.0
U09263,control,desktop,UK,8,0,5,0.0
U09264,treatment,mobile,FR,9,0,7,0.0
U09265,treatment,desktop,FR,6,0,4,0.0
U09266,control,console,US,6,0,4,0.0
U09267,control,mobile,US,9,0,2,0.0
U09268,treatment,mobile,FR,6,1,3,13.32
U09269,treatment,mobile,UK,6,0,1,0.0
U09270,control,console,CA,4,0,4,0.0
U09271,control,console,US,6,0,4,0.0
U09272,treatment,desktop,US,3,0,6,0.0
U09273,control,mobile,UK,5,1,2,31.18
U09274,control,desktop,UK,3,0,5,0.0
U09275,control,desktop,UK,5,0,3,0.0
U09276,control,mobile,US,6,0,5,0.0
U09277,treatment,mobile,CA,8,0,3,0.0
U09278,control,mobile,US,5,0,2,0.0
U09279,treatment,desktop,US,8,0,3,0.0
U09280,control,console,US,1,0,4,0.0
U09281,treatment,mobile,US,10,0,5,0.0
U09282,treatment,console,DE,2,0,2,0.0
U09283,control,desktop,US,7,0,6,0.0
U09284,control,desktop,US,4,0,5,0.0
U09285,control,console,DE,6,0,5,0.0
U09286,control,desktop,US,2,0,1,0.0
U09287,control,mobile,FR,4,0,5,0.0
U09288,treatment,mobile,US,2,0,6,0.0
U09289,control,console,US,5,0,4,0.0
U09290,treatment,desktop,UK,3,0,5,0.0
U09291,control,mobile,US,3,0,4,0.0
U09292,treatment,desktop,CA,4,0,0,0.0
U09293,control,mobile,FR,5,0,2,0.0
U09294,control,mobile,CA,6,0,1,0.0
U09295,treatment,console,DE,5,0,6,0.0
U09296,control,mobile,CA,5,0,5,0.0
U09297,treatment,mobile,US,2,0,3,0.0
U09298,control,mobile,DE,3,0,6,0.0
U09299,treatment,console,US,4,0,4,0.0
U09300,treatment,mobile,FR,6,0,3,0.0
U09301,treatment,mobile,CA,6,1,8,9.37
U09302,treatment,mobile,DE,2,0,0,0.0
U09303,control,mobile,FR,8,0,3,0.0
U09304,treatment,mobile,FR,7,0,5,0.0
U09305,treatment,mobile,UK,4,0,1,0.0
U09306,treatment,mobile,US,7,0,6,0.0
U09307,control,desktop,DE,7,0,5,0.0
U09308,treatment,mobile,DE,4,0,4,0.0
U09309,treatment,mobile,US,3,0,3,0.0
U09310,treatment,desktop,US,5,0,5,0.0
U09311,treatment,mobile,US,5,0,2,0.0
U09312,control,mobile,CA,4,0,2,0.0
U09313,treatment,console,DE,2,0,1,0.0
U09314,control,desktop,DE,6,0,6,0.0
U09315,control,desktop,UK,6,0,2,0.0
U09316,treatment,desktop,UK,7,0,8,0.0
U09317,control,console,US,10,0,4,0.0
U09318,treatment,mobile,UK,3,0,5,0.0
U09319,control,mobile,UK,1,0,1,0.0
U09320,control,console,UK,4,0,4,0.0
U09321,treatment,mobile,US,9,0,5,0.0
U09322,treatment,desktop,UK,2,0,2,0.0
U09323,treatment,mobile,DE,6,0,6,0.0
U09324,treatment,mobile,US,5,0,7,0.0
U09325,control,desktop,US,4,1,1,31.07
U09326,treatment,desktop,CA,5,0,5,0.0
U09327,treatment,desktop,US,6,0,6,0.0
U09328,treatment,mobile,FR,2,0,4,0.0
U09329,control,mobile,UK,2,0,0,0.0
U09330,control,desktop,US,5,0,3,0.0
U09331,control,mobile,US,3,0,2,0.0
U09332,treatment,desktop,CA,7,0,3,0.0
U09333,control,desktop,CA,6,1,4,7.97
U09334,treatment,mobile,US,5,1,0,24.84
U09335,treatment,mobile,FR,6,0,4,0.0
U09336,treatment,console,US,4,0,3,0.0
U09337,control,mobile,US,1,1,1,24.58
U09338,treatment,mobile,UK,6,0,1,0.0
U09339,control,console,US,4,0,0,0.0
U09340,control,mobile,US,6,0,3,0.0
U09341,control,console,US,8,0,7,0.0
U09342,control,mobile,US,4,0,6,0.0
U09343,control,mobile,US,3,1,6,12.0
U09344,control,desktop,UK,4,0,0,0.0
U09345,control,mobile,US,4,0,5,0.0
U09346,treatment,desktop,US,4,0,3,0.0
U09347,treatment,mobile,UK,9,0,6,0.0
U09348,control,desktop,US,7,0,4,0.0
U09349,control,console,UK,1,0,2,0.0
U09350,treatment,desktop,US,4,1,8,29.04
U09351,control,desktop,US,4,0,4,0.0
U09352,treatment,mobile,US,10,0,2,0.0
U09353,treatment,mobile,US,4,0,5,0.0
U09354,treatment,console,UK,6,0,5,0.0
U09355,control,desktop,US,4,0,7,0.0
U09356,treatment,desktop,US,7,0,6,0.0
U09357,treatment,mobile,FR,7,0,4,0.0
U09358,treatment,mobile,UK,5,0,2,0.0
U09359,control,mobile,UK,8,0,8,0.0
U09360,treatment,mobile,FR,3,1,4,15.59
U09361,treatment,mobile,US,2,1,6,27.36
U09362,control,mobile,US,5,0,6,0.0
U09363,control,mobile,US,3,0,4,0.0
U09364,treatment,desktop,CA,5,0,0,0.0
U09365,control,desktop,US,5,0,3,0.0
U09366,control,mobile,UK,3,0,4,0.0
U09367,control,console,US,3,0,2,0.0
U09368,treatment,desktop,US,8,0,2,0.0
U09369,treatment,mobile,UK,4,0,3,0.0
U09370,control,console,CA,6,0,6,0.0
U09371,control,desktop,US,7,0,5,0.0
U09372,treatment,desktop,DE,7,1,4,25.97
U09373,treatment,console,FR,7,0,8,0.0
U09374,treatment,mobile,US,4,0,1,0.0
U09375,control,desktop,UK,3,0,1,0.0
U09376,treatment,mobile,US,6,0,5,0.0
U09377,control,mobile,DE,4,0,1,0.0
U09378,treatment,mobile,US,4,1,5,15.32
U09379,control,mobile,US,5,0,2,0.0
U09380,control,mobile,UK,3,1,2,13.14
U09381,control,desktop,UK,4,0,5,0.0
U09382,control,mobile,US,4,0,2,0.0
U09383,control,mobile,UK,4,0,1,0.0
U09384,control,mobile,FR,7,0,2,0.0
U09385,treatment,mobile,CA,4,0,2,0.0
U09386,treatment,desktop,CA,5,0,2,0.0
U09387,treatment,desktop,US,3,0,4,0.0
U09388,control,desktop,US,4,1,2,10.84
U09389,control,console,US,7,0,2,0.0
U09390,treatment,mobile,UK,5,0,4,0.0
U09391,control,mobile,CA,11,0,5,0.0
U09392,control,console,DE,1,0,3,0.0
U09393,treatment,desktop,US,6,0,4,0.0
U09394,treatment,console,FR,5,0,5,0.0
U09395,treatment,desktop,US,3,1,3,16.95
U09396,treatment,desktop,FR,6,1,3,13.94
U09397,treatment,mobile,US,4,0,7,0.0
U09398,treatment,mobile,FR,3,1,8,33.09
U09399,control,desktop,CA,5,0,2,0.0
U09400,control,desktop,US,4,0,5,0.0
U09401,control,console,US,5,1,7,13.45
U09402,control,console,US,5,0,0,0.0
U09403,control,mobile,FR,6,0,3,0.0
U09404,control,mobile,US,1,0,5,0.0
U09405,treatment,console,CA,4,1,1,13.42
U09406,treatment,console,FR,8,0,4,0.0
U09407,control,console,US,5,0,3,0.0
U09408,treatment,desktop,UK,5,0,5,0.0
U09409,treatment,console,DE,4,0,3,0.0
U09410,treatment,mobile,US,3,0,4,0.0
U09411,treatment,mobile,US,4,0,3,0.0
U09412,control,mobile,US,7,0,1,0.0
U09413,treatment,mobile,US,8,0,4,0.0
U09414,treatment,console,US,2,0,2,0.0
U09415,control,desktop,US,6,0,2,0.0
U09416,treatment,desktop,UK,6,1,6,15.97
U09417,control,mobile,UK,4,0,6,0.0
U09418,treatment,desktop,DE,9,0,2,0.0
U09419,control,mobile,US,3,0,5,0.0
U09420,treatment,desktop,US,3,0,3,0.0
U09421,treatment,mobile,CA,3,0,1,0.0
U09422,control,desktop,CA,6,0,3,0.0
U09423,control,mobile,UK,1,0,4,0.0
U09424,treatment,desktop,FR,6,0,3,0.0
U09425,treatment,desktop,US,9,0,7,0.0
U09426,treatment,console,DE,8,0,2,0.0
U09427,control,console,UK,5,0,5,0.0
U09428,control,mobile,UK,4,0,5,0.0
U09429,treatment,mobile,CA,10,0,5,0.0
U09430,treatment,mobile,US,6,0,4,0.0
U09431,control,mobile,US,6,0,1,0.0
U09432,treatment,mobile,FR,6,0,3,0.0
U09433,control,console,US,5,0,2,0.0
U09434,control,console,UK,4,0,5,0.0
U09435,treatment,mobile,US,4,0,2,0.0
U09436,treatment,console,DE,6,0,4,0.0
U09437,control,console,DE,3,0,4,0.0
U09438,control,mobile,US,3,1,5,9.51
U09439,control,console,US,7,0,3,0.0
U09440,control,console,US,5,1,8,38.73
U09441,control,console,US,3,0,2,0.0
U09442,treatment,desktop,UK,2,0,3,0.0
U09443,treatment,mobile,UK,4,1,5,16.58
U09444,treatment,mobile,DE,5,1,3,61.56
U09445,treatment,console,FR,8,1,2,9.69
U09446,control,mobile,US,4,0,5,0.0
U09447,control,mobile,US,7,0,1,0.0
U09448,treatment,mobile,DE,5,0,4,0.0
U09449,treatment,desktop,UK,6,0,0,0.0
U09450,control,mobile,US,5,1,2,6.71
U09451,treatment,console,US,5,0,2,0.0
U09452,control,desktop,US,4,0,2,0.0
U09453,treatment,mobile,UK,7,0,2,0.0
U09454,treatment,mobile,CA,11,0,7,0.0
U09455,control,desktop,UK,4,0,3,0.0
U09456,treatment,console,UK,4,0,5,0.0
U09457,treatment,console,US,2,0,5,0.0
U09458,treatment,console,FR,2,0,2,0.0
U09459,control,mobile,FR,4,0,3,0.0
U09460,control,console,US,6,1,4,32.77
U09461,control,desktop,US,5,0,4,0.0
U09462,treatment,desktop,US,5,1,5,17.04
U09463,treatment,desktop,UK,7,1,3,17.14
U09464,control,mobile,US,5,0,6,0.0
U09465,control,desktop,US,7,0,0,0.0
U09466,control,desktop,US,5,0,4,0.0
U09467,treatment,mobile,DE,5,0,5,0.0
U09468,treatment,desktop,CA,7,0,4,0.0
U09469,control,mobile,US,5,0,1,0.0
U09470,treatment,desktop,DE,5,0,3,0.0
U09471,treatment,console,CA,6,0,2,0.0
U09472,control,mobile,US,6,0,4,0.0
U09473,control,mobile,US,8,0,0,0.0
U09474,treatment,desktop,DE,4,0,2,0.0
U09475,treatment,mobile,US,3,0,3,0.0
U09476,treatment,mobile,FR,5,0,6,0.0
U09477,treatment,desktop,US,6,0,4,0.0
U09478,treatment,mobile,CA,6,0,2,0.0
U09479,treatment,desktop,UK,9,1,7,8.9
U09480,control,mobile,FR,5,0,2,0.0
U09481,control,mobile,US,4,0,3,0.0
U09482,control,mobile,UK,4,0,3,0.0
U09483,treatment,console,UK,8,0,4,0.0
U09484,treatment,desktop,US,5,0,6,0.0
U09485,treatment,mobile,US,9,0,4,0.0
U09486,treatment,mobile,UK,5,0,6,0.0
U09487,treatment,desktop,DE,6,0,3,0.0
U09488,control,desktop,US,2,0,2,0.0
U09489,treatment,mobile,US,5,0,5,0.0
U09490,treatment,mobile,US,5,0,4,0.0
U09491,treatment,desktop,FR,5,1,6,21.73
U09492,treatment,desktop,DE,4,0,2,0.0
U09493,control,console,US,4,0,2,0.0
U09494,treatment,desktop,FR,6,0,6,0.0
U09495,control,desktop,FR,9,0,7,0.0
U09496,treatment,desktop,US,11,1,3,23.24
U09497,treatment,desktop,UK,4,0,6,0.0
U09498,treatment,desktop,UK,4,0,3,0.0
U09499,control,mobile,DE,8,0,3,0.0
U09500,treatment,console,CA,3,0,4,0.0
U09501,treatment,mobile,UK,10,0,3,0.0
U09502,control,desktop,US,6,0,4,0.0
U09503,treatment,desktop,UK,12,0,1,0.0
U09504,control,console,US,6,0,5,0.0
U09505,treatment,mobile,FR,7,0,2,0.0
U09506,control,console,FR,5,0,3,0.0
U09507,control,mobile,CA,3,0,3,0.0
U09508,treatment,mobile,US,6,0,5,0.0
U09509,control,console,DE,2,1,3,24.02
U09510,treatment,mobile,FR,4,0,2,0.0
U09511,treatment,desktop,DE,5,0,2,0.0
U09512,control,desktop,CA,6,1,5,11.04
U09513,treatment,console,US,6,0,3,0.0
U09514,treatment,console,UK,5,0,5,0.0
U09515,treatment,mobile,UK,4,0,7,0.0
U09516,treatment,console,FR,4,0,3,0.0
U09517,treatment,mobile,UK,3,0,5,0.0
U09518,control,desktop,FR,7,0,2,0.0
U09519,treatment,console,US,8,0,2,0.0
U09520,treatment,desktop,DE,6,0,1,0.0
U09521,treatment,desktop,DE,2,0,3,0.0
U09522,treatment,console,US,8,0,5,0.0
U09523,treatment,desktop,UK,4,0,4,0.0
U09524,treatment,console,DE,5,1,5,17.43
U09525,control,mobile,CA,3,0,1,0.0
U09526,treatment,mobile,UK,3,0,4,0.0
U09527,control,console,US,3,0,2,0.0
U09528,control,mobile,FR,7,0,4,0.0
U09529,treatment,mobile,UK,8,1,4,38.08
U09530,control,console,UK,4,0,3,0.0
U09531,control,desktop,FR,7,0,1,0.0
U09532,control,mobile,FR,7,0,6,0.0
U09533,control,mobile,US,5,1,2,14.63
U09534,control,mobile,CA,4,0,2,0.0
U09535,treatment,mobile,DE,8,0,5,0.0
U09536,treatment,mobile,UK,5,0,3,0.0
U09537,treatment,console,US,7,1,2,25.48
U09538,control,mobile,FR,4,0,3,0.0
U09539,control,console,DE,2,0,4,0.0
U09540,control,console,US,1,0,3,0.0
U09541,treatment,mobile,US,9,0,4,0.0
U09542,control,console,US,9,0,3,0.0
U09543,treatment,mobile,DE,9,0,7,0.0
U09544,treatment,desktop,UK,3,0,3,0.0
U09545,treatment,console,FR,6,0,2,0.0
U09546,treatment,console,US,4,0,2,0.0
U09547,treatment,mobile,UK,1,0,7,0.0
U09548,treatment,mobile,UK,5,0,10,0.0
U09549,control,mobile,FR,2,0,4,0.0
U09550,treatment,console,US,6,0,0,0.0
U09551,control,mobile,US,5,0,4,0.0
U09552,treatment,desktop,US,4,1,4,15.68
U09553,control,mobile,US,4,0,5,0.0
U09554,treatment,mobile,FR,5,0,2,0.0
U09555,control,mobile,US,3,0,2,0.0
U09556,control,mobile,UK,4,0,0,0.0
U09557,control,desktop,FR,4,0,1,0.0
U09558,control,mobile,US,8,0,8,0.0
U09559,control,mobile,US,8,1,2,17.69
U09560,treatment,desktop,UK,6,0,4,0.0
U09561,treatment,mobile,FR,2,0,1,0.0
U09562,control,console,CA,9,0,8,0.0
U09563,treatment,desktop,US,5,0,1,0.0
U09564,control,desktop,UK,10,0,4,0.0
U09565,control,mobile,UK,5,0,2,0.0
U09566,treatment,mobile,US,3,1,3,16.73
U09567,control,console,US,5,0,1,0.0
U09568,treatment,console,US,2,0,3,0.0
U09569,treatment,mobile,US,8,0,7,0.0
U09570,control,mobile,US,3,0,3,0.0
U09571,control,mobile,US,6,0,1,0.0
U09572,treatment,desktop,CA,6,0,2,0.0
U09573,treatment,mobile,US,5,0,1,0.0
U09574,control,console,CA,2,0,5,0.0
U09575,treatment,mobile,US,3,0,2,0.0
U09576,control,console,UK,2,0,3,0.0
U09577,control,mobile,US,2,0,6,0.0
U09578,control,mobile,CA,8,0,3,0.0
U09579,control,mobile,FR,3,0,5,0.0
U09580,control,mobile,US,9,0,2,0.0
U09581,control,console,UK,9,1,6,22.2
U09582,treatment,desktop,US,9,0,5,0.0
U09583,treatment,mobile,UK,3,1,1,17.96
U09584,treatment,console,US,7,0,1,0.0
U09585,control,mobile,CA,8,0,4,0.0
U09586,control,mobile,DE,9,0,6,0.0
U09587,control,mobile,FR,5,0,3,0.0
U09588,control,desktop,US,4,0,3,0.0
U09589,control,console,UK,4,0,6,0.0
U09590,treatment,mobile,UK,4,0,2,0.0
U09591,treatment,desktop,FR,7,0,3,0.0
U09592,control,mobile,US,3,0,3,0.0
U09593,control,mobile,US,5,0,2,0.0
U09594,treatment,desktop,UK,5,1,3,16.52
U09595,control,desktop,US,5,0,3,0.0
U09596,control,desktop,UK,5,0,3,0.0
U09597,treatment,mobile,US,6,0,6,0.0
U09598,treatment,mobile,FR,4,0,6,0.0
U09599,treatment,desktop,DE,5,0,4,0.0
U09600,treatment,desktop,FR,7,0,7,0.0
U09601,control,mobile,FR,5,0,1,0.0
U09602,treatment,mobile,US,7,0,3,0.0
U09603,control,console,US,5,0,3,0.0
U09604,control,mobile,US,6,0,5,0.0
U09605,control,desktop,UK,4,0,6,0.0
U09606,control,desktop,FR,4,0,7,0.0
U09607,treatment,mobile,FR,6,1,4,32.88
U09608,treatment,desktop,US,5,1,2,16.08
U09609,treatment,desktop,US,3,0,2,0.0
U09610,control,desktop,UK,9,1,3,13.9
U09611,treatment,console,UK,3,0,6,0.0
U09612,control,desktop,US,3,1,1,21.04
U09613,treatment,mobile,CA,7,0,4,0.0
U09614,treatment,mobile,UK,7,0,2,0.0
U09615,control,desktop,CA,6,0,5,0.0
U09616,treatment,mobile,US,5,0,5,0.0
U09617,control,console,US,5,0,2,0.0
U09618,treatment,mobile,UK,9,0,3,0.0
U09619,treatment,mobile,UK,7,1,2,12.88
U09620,treatment,mobile,US,5,0,8,0.0
U09621,treatment,console,US,4,0,3,0.0
U09622,control,desktop,US,4,0,1,0.0
U09623,control,desktop,US,8,0,6,0.0
U09624,control,mobile,UK,3,0,2,0.0
U09625,treatment,console,US,5,0,5,0.0
U09626,control,console,DE,3,1,2,3.0
U09627,treatment,mobile,DE,3,0,3,0.0
U09628,treatment,console,UK,5,0,6,0.0
U09629,control,console,FR,4,0,4,0.0
U09630,control,mobile,UK,8,0,2,0.0
U09631,treatment,mobile,FR,7,0,4,0.0
U09632,control,desktop,US,6,0,3,0.0
U09633,control,mobile,DE,9,0,5,0.0
U09634,control,console,UK,6,1,2,21.27
U09635,control,desktop,DE,8,0,5,0.0
U09636,control,mobile,DE,6,0,3,0.0
U09637,treatment,mobile,UK,6,0,4,0.0
U09638,control,desktop,UK,5,1,4,10.0
U09639,control,mobile,DE,3,0,0,0.0
U09640,control,mobile,US,3,0,3,0.0
U09641,control,mobile,DE,2,0,0,0.0
U09642,control,console,UK,5,0,7,0.0
U09643,control,mobile,UK,8,0,3,0.0
U09644,treatment,mobile,DE,8,0,5,0.0
U09645,treatment,console,UK,6,0,2,0.0
U09646,treatment,mobile,UK,5,0,2,0.0
U09647,treatment,desktop,UK,7,0,5,0.0
U09648,treatment,mobile,FR,6,0,5,0.0
U09649,control,console,US,4,0,3,0.0
U09650,control,mobile,US,5,0,4,0.0
U09651,treatment,mobile,US,10,1,2,17.94
U09652,control,mobile,US,10,0,3,0.0
U09653,control,console,UK,5,0,3,0.0
U09654,control,console,US,6,0,5,0.0
U09655,treatment,mobile,UK,8,0,4,0.0
U09656,treatment,mobile,CA,7,0,5,0.0
U09657,control,mobile,DE,5,0,4,0.0
U09658,control,mobile,FR,7,0,5,0.0
U09659,treatment,mobile,FR,2,0,4,0.0
U09660,treatment,console,UK,3,0,5,0.0
U09661,treatment,mobile,DE,4,0,7,0.0
U09662,treatment,console,US,3,0,4,0.0
U09663,treatment,mobile,FR,6,0,7,0.0
U09664,control,console,CA,4,1,5,24.23
U09665,control,mobile,US,7,1,7,23.8
U09666,treatment,mobile,DE,7,0,0,0.0
U09667,treatment,console,US,4,0,2,0.0
U09668,control,mobile,FR,6,0,6,0.0
U09669,treatment,console,US,3,1,4,16.73
U09670,treatment,console,US,5,1,2,28.91
U09671,treatment,console,FR,8,0,4,0.0
U09672,treatment,console,UK,10,0,3,0.0
U09673,control,mobile,US,2,0,2,0.0
U09674,control,mobile,US,4,0,4,0.0
U09675,control,desktop,US,3,0,3,0.0
U09676,control,mobile,UK,5,0,4,0.0
U09677,treatment,desktop,UK,3,1,0,15.94
U09678,treatment,mobile,US,5,0,5,0.0
U09679,treatment,desktop,US,1,0,6,0.0
U09680,treatment,mobile,CA,5,0,3,0.0
U09681,treatment,mobile,FR,7,0,6,0.0
U09682,control,console,US,4,1,1,14.88
U09683,control,console,US,5,0,2,0.0
U09684,control,mobile,CA,3,0,6,0.0
U09685,treatment,mobile,UK,8,0,5,0.0
U09686,treatment,desktop,CA,6,0,4,0.0
U09687,control,mobile,CA,3,0,4,0.0
U09688,control,desktop,CA,3,0,2,0.0
U09689,treatment,console,US,4,0,1,0.0
U09690,control,mobile,UK,6,0,4,0.0
U09691,treatment,mobile,DE,2,0,0,0.0
U09692,control,mobile,US,7,0,2,0.0
U09693,treatment,mobile,US,6,0,3,0.0
U09694,control,desktop,US,5,1,7,14.53
U09695,control,mobile,DE,5,0,2,0.0
U09696,control,console,US,3,0,1,0.0
U09697,treatment,desktop,US,3,0,2,0.0
U09698,control,mobile,DE,3,0,6,0.0
U09699,treatment,desktop,UK,8,0,6,0.0
U09700,control,mobile,DE,3,0,4,0.0
U09701,treatment,mobile,FR,8,0,2,0.0
U09702,treatment,desktop,FR,3,0,3,0.0
U09703,control,mobile,FR,5,1,5,32.73
U09704,control,mobile,US,5,0,2,0.0
U09705,treatment,mobile,FR,5,1,4,16.01
U09706,control,mobile,US,11,0,6,0.0
U09707,control,desktop,FR,5,0,1,0.0
U09708,treatment,console,UK,2,0,2,0.0
U09709,control,desktop,DE,6,0,3,0.0
U09710,control,console,UK,5,0,1,0.0
U09711,control,desktop,UK,3,0,4,0.0
U09712,control,mobile,US,7,0,3,0.0
U09713,control,console,UK,4,0,2,0.0
U09714,control,mobile,US,5,0,2,0.0
U09715,treatment,mobile,FR,6,0,3,0.0
U09716,treatment,console,US,5,0,3,0.0
U09717,treatment,desktop,DE,2,0,5,0.0
U09718,control,console,FR,4,0,2,0.0
U09719,control,mobile,US,4,0,5,0.0
U09720,control,console,CA,6,0,5,0.0
U09721,control,mobile,US,6,0,5,0.0
U09722,treatment,mobile,UK,4,0,4,0.0
U09723,treatment,console,US,4,0,2,0.0
U09724,control,mobile,FR,4,0,3,0.0
U09725,control,desktop,UK,3,0,2,0.0
U09726,treatment,console,US,4,0,4,0.0
U09727,treatment,console,US,5,0,6,0.0
U09728,control,mobile,FR,5,0,1,0.0
U09729,control,mobile,FR,5,1,5,10.79
U09730,treatment,console,US,7,0,7,0.0
U09731,treatment,desktop,US,3,1,3,18.34
U09732,treatment,desktop,DE,5,0,3,0.0
U09733,control,mobile,FR,2,0,3,0.0
U09734,treatment,mobile,UK,4,0,3,0.0
U09735,control,console,DE,4,0,7,0.0
U09736,treatment,desktop,US,7,0,4,0.0
U09737,treatment,console,UK,9,0,3,0.0
U09738,treatment,mobile,US,2,0,2,0.0
U09739,control,mobile,FR,5,0,3,0.0
U09740,control,desktop,DE,7,0,3,0.0
U09741,control,console,US,1,0,5,0.0
U09742,control,mobile,DE,5,1,4,25.43
U09743,control,mobile,US,4,0,4,0.0
U09744,treatment,desktop,US,4,0,3,0.0
U09745,treatment,mobile,FR,10,1,4,8.23
U09746,treatment,mobile,UK,1,0,0,0.0
U09747,control,desktop,CA,6,1,2,5.59
U09748,treatment,mobile,FR,7,1,4,8.96
U09749,treatment,desktop,DE,2,0,4,0.0
U09750,treatment,mobile,US,4,0,5,0.0
U09751,treatment,desktop,FR,6,0,4,0.0
U09752,control,console,UK,5,1,8,4.66
U09753,treatment,console,US,4,0,2,0.0
U09754,treatment,desktop,US,2,1,6,20.76
U09755,control,desktop,DE,3,0,3,0.0
U09756,control,mobile,DE,5,0,3,0.0
U09757,control,mobile,US,7,0,3,0.0
U09758,treatment,mobile,UK,7,0,5,0.0
U09759,control,desktop,US,8,0,1,0.0
U09760,control,mobile,CA,3,0,3,0.0
U09761,treatment,mobile,DE,7,0,1,0.0
U09762,treatment,desktop,US,5,0,2,0.0
U09763,treatment,desktop,CA,3,0,3,0.0
U09764,control,mobile,FR,8,0,5,0.0
U09765,control,mobile,DE,6,0,4,0.0
U09766,control,desktop,US,4,0,3,0.0
U09767,control,console,US,5,0,1,0.0
U09768,treatment,desktop,US,2,1,2,30.65
U09769,control,mobile,FR,2,1,1,50.81
U09770,control,console,US,6,0,2,0.0
U09771,treatment,mobile,DE,7,0,4,0.0
U09772,treatment,mobile,FR,5,0,3,0.0
U09773,control,mobile,US,6,0,4,0.0
U09774,control,mobile,UK,7,1,7,10.29
U09775,treatment,desktop,UK,8,0,6,0.0
U09776,treatment,desktop,DE,3,0,3,0.0
U09777,control,console,US,4,0,5,0.0
U09778,control,desktop,UK,5,0,2,0.0
U09779,treatment,mobile,US,6,0,3,0.0
U09780,control,desktop,US,2,0,7,0.0
U09781,treatment,desktop,US,8,0,5,0.0
U09782,control,desktop,UK,7,0,2,0.0
U09783,control,mobile,DE,4,0,5,0.0
U09784,control,desktop,US,3,1,2,4.96
U09785,control,desktop,US,6,0,2,0.0
U09786,treatment,mobile,FR,10,0,2,0.0
U09787,treatment,console,UK,8,0,2,0.0
U09788,treatment,mobile,US,3,0,0,0.0
U09789,treatment,mobile,UK,5,0,3,0.0
U09790,treatment,desktop,UK,8,0,5,0.0
U09791,treatment,console,DE,5,0,6,0.0
U09792,control,desktop,DE,7,0,4,0.0
U09793,treatment,desktop,DE,4,0,2,0.0
U09794,control,console,CA,1,0,7,0.0
U09795,treatment,mobile,FR,4,0,5,0.0
U09796,control,mobile,UK,5,1,9,31.76
U09797,control,desktop,DE,4,0,0,0.0
U09798,treatment,mobile,DE,5,1,4,16.97
U09799,treatment,desktop,DE,9,1,8,12.62
U09800,control,console,US,6,0,2,0.0
U09801,treatment,mobile,CA,11,0,3,0.0
U09802,treatment,mobile,US,4,0,7,0.0
U09803,control,mobile,FR,11,0,7,0.0
U09804,treatment,desktop,US,4,0,4,0.0
U09805,control,desktop,FR,6,0,4,0.0
U09806,treatment,console,US,2,0,6,0.0
U09807,control,desktop,UK,2,0,4,0.0
U09808,control,console,US,4,0,5,0.0
U09809,control,mobile,US,1,0,5,0.0
U09810,treatment,mobile,UK,6,0,2,0.0
U09811,control,mobile,DE,5,0,3,0.0
U09812,treatment,console,FR,3,0,5,0.0
U09813,control,mobile,FR,3,0,2,0.0
U09814,control,mobile,US,2,0,4,0.0
U09815,control,mobile,US,3,0,7,0.0
U09816,control,mobile,FR,4,0,4,0.0
U09817,treatment,desktop,CA,7,0,3,0.0
U09818,control,console,UK,10,0,6,0.0
U09819,treatment,mobile,UK,4,0,4,0.0
U09820,treatment,desktop,UK,5,0,6,0.0
U09821,control,mobile,US,5,0,5,0.0
U09822,control,mobile,FR,2,0,4,0.0
U09823,control,mobile,UK,6,0,3,0.0
U09824,control,desktop,DE,4,1,3,14.04
U09825,control,desktop,UK,9,1,6,16.89
U09826,treatment,desktop,UK,3,0,3,0.0
U09827,control,console,US,5,0,1,0.0
U09828,control,mobile,US,7,0,3,0.0
U09829,treatment,desktop,US,5,0,4,0.0
U09830,control,desktop,US,3,0,6,0.0
U09831,treatment,mobile,US,3,0,0,0.0
U09832,control,mobile,CA,7,0,6,0.0
U09833,treatment,mobile,FR,5,0,4,0.0
U09834,control,mobile,US,4,0,5,0.0
U09835,treatment,mobile,CA,3,0,3,0.0
U09836,control,mobile,US,4,0,1,0.0
U09837,control,console,UK,7,0,2,0.0
U09838,control,console,US,5,0,3,0.0
U09839,control,desktop,FR,5,0,3,0.0
U09840,control,desktop,DE,5,0,2,0.0
U09841,treatment,console,CA,6,0,4,0.0
U09842,treatment,mobile,US,3,0,3,0.0
U09843,treatment,desktop,CA,11,0,2,0.0
U09844,treatment,desktop,FR,2,0,3,0.0
U09845,treatment,console,FR,4,0,5,0.0
U09846,treatment,console,CA,7,0,3,0.0
U09847,control,mobile,US,6,0,4,0.0
U09848,treatment,desktop,DE,8,1,4,5.41
U09849,control,mobile,US,5,0,1,0.0
U09850,control,mobile,FR,4,1,4,5.1
U09851,treatment,desktop,US,4,0,2,0.0
U09852,treatment,desktop,UK,7,0,6,0.0
U09853,treatment,mobile,US,4,0,1,0.0
U09854,treatment,mobile,UK,4,1,3,15.34
U09855,treatment,desktop,US,5,0,4,0.0
U09856,control,mobile,UK,8,0,4,0.0
U09857,control,console,CA,5,0,4,0.0
U09858,treatment,desktop,US,6,0,3,0.0
U09859,control,desktop,CA,4,0,4,0.0
U09860,treatment,mobile,UK,3,1,2,15.16
U09861,control,console,US,8,1,3,24.1
U09862,treatment,console,CA,5,0,1,0.0
U09863,control,mobile,DE,6,0,2,0.0
U09864,control,desktop,UK,6,0,4,0.0
U09865,treatment,console,FR,3,0,3,0.0
U09866,treatment,mobile,UK,7,0,6,0.0
U09867,control,desktop,US,3,0,1,0.0
U09868,treatment,console,DE,4,0,1,0.0
U09869,control,desktop,DE,7,0,3,0.0
U09870,treatment,console,DE,7,0,4,0.0
U09871,control,mobile,UK,3,0,3,0.0
U09872,control,console,US,5,0,4,0.0
U09873,treatment,console,US,6,0,3,0.0
U09874,treatment,mobile,US,5,0,3,0.0
U09875,treatment,mobile,UK,6,1,6,16.78
U09876,treatment,desktop,DE,2,0,2,0.0
U09877,treatment,console,FR,3,0,3,0.0
U09878,treatment,mobile,CA,4,0,4,0.0
U09879,control,mobile,FR,5,1,2,2.91
U09880,treatment,console,US,4,0,1,0.0
U09881,control,mobile,US,3,0,3,0.0
U09882,treatment,desktop,CA,5,1,2,29.42
U09883,treatment,desktop,UK,4,1,4,15.28
U09884,treatment,console,US,9,0,4,0.0
U09885,treatment,mobile,US,4,0,3,0.0
U09886,control,console,DE,4,0,1,0.0
U09887,control,desktop,CA,3,0,0,0.0
U09888,control,console,US,4,0,6,0.0
U09889,control,mobile,US,4,0,1,0.0
U09890,treatment,desktop,DE,6,0,3,0.0
U09891,treatment,console,FR,6,0,2,0.0
U09892,treatment,console,US,5,0,1,0.0
U09893,treatment,mobile,DE,4,0,4,0.0
U09894,treatment,desktop,CA,5,0,4,0.0
U09895,control,mobile,CA,2,0,3,0.0
U09896,control,mobile,US,6,0,6,0.0
U09897,treatment,desktop,UK,4,0,2,0.0
U09898,treatment,console,CA,8,0,4,0.0
U09899,treatment,desktop,CA,5,0,1,0.0
U09900,treatment,mobile,UK,6,0,5,0.0
U09901,control,mobile,UK,5,0,1,0.0
U09902,treatment,mobile,UK,1,0,1,0.0
U09903,control,mobile,DE,4,0,7,0.0
U09904,treatment,console,US,2,0,8,0.0
U09905,treatment,mobile,US,4,0,5,0.0
U09906,control,mobile,FR,9,1,3,7.92
U09907,treatment,desktop,US,5,0,6,0.0
U09908,treatment,mobile,CA,6,0,1,0.0
U09909,treatment,mobile,US,4,1,3,14.79
U09910,treatment,desktop,US,6,0,3,0.0
U09911,treatment,mobile,CA,5,0,2,0.0
U09912,treatment,desktop,UK,6,0,4,0.0
U09913,control,desktop,UK,6,0,2,0.0
U09914,control,desktop,US,7,0,2,0.0
U09915,treatment,mobile,US,2,0,2,0.0
U09916,treatment,mobile,US,7,1,4,21.47
U09917,treatment,desktop,CA,5,0,2,0.0
U09918,treatment,mobile,CA,1,0,4,0.0
U09919,control,mobile,UK,2,0,3,0.0
U09920,control,mobile,UK,8,0,3,0.0
U09921,control,mobile,US,6,0,2,0.0
U09922,treatment,mobile,CA,4,0,1,0.0
U09923,control,console,US,6,0,8,0.0
U09924,treatment,desktop,US,3,0,3,0.0
U09925,control,desktop,US,2,0,5,0.0
U09926,control,mobile,CA,4,0,3,0.0
U09927,treatment,mobile,UK,8,0,6,0.0
U09928,treatment,console,US,10,0,4,0.0
U09929,treatment,desktop,UK,8,0,0,0.0
U09930,control,console,DE,5,0,5,0.0
U09931,treatment,mobile,US,7,0,1,0.0
U09932,control,mobile,US,6,0,2,0.0
U09933,treatment,desktop,UK,6,0,4,0.0
U09934,treatment,mobile,UK,3,1,3,13.9
U09935,control,mobile,UK,6,0,8,0.0
U09936,control,mobile,FR,5,0,2,0.0
U09937,treatment,mobile,DE,4,1,0,8.65
U09938,control,console,UK,4,0,3,0.0
U09939,treatment,console,US,1,0,6,0.0
U09940,control,desktop,US,3,0,0,0.0
U09941,treatment,mobile,UK,3,1,3,12.4
U09942,control,console,FR,5,0,6,0.0
U09943,treatment,desktop,US,9,0,3,0.0
U09944,control,console,DE,5,0,3,0.0
U09945,control,desktop,DE,8,0,3,0.0
U09946,treatment,console,CA,3,0,1,0.0
U09947,control,mobile,DE,2,0,3,0.0
U09948,treatment,desktop,UK,5,0,3,0.0
U09949,treatment,console,UK,5,0,2,0.0
U09950,treatment,console,US,7,0,4,0.0
U09951,treatment,console,UK,7,1,5,11.29
U09952,control,mobile,US,4,0,3,0.0
U09953,control,desktop,CA,5,0,3,0.0
U09954,treatment,mobile,US,6,0,1,0.0
U09955,control,desktop,DE,4,0,5,0.0
U09956,control,mobile,US,4,0,3,0.0
U09957,control,mobile,UK,5,1,2,30.71
U09958,control,console,UK,7,0,3,0.0
U09959,control,console,UK,1,0,1,0.0
U09960,control,desktop,US,6,0,2,0.0
U09961,control,mobile,CA,7,0,5,0.0
U09962,treatment,mobile,DE,6,0,3,0.0
U09963,treatment,mobile,UK,5,1,1,61.37
U09964,treatment,mobile,UK,3,0,3,0.0
U09965,treatment,console,CA,5,0,3,0.0
U09966,control,desktop,UK,5,1,5,11.32
U09967,treatment,mobile,US,6,0,4,0.0
U09968,control,desktop,FR,2,0,0,0.0
U09969,treatment,mobile,US,6,0,2,0.0
U09970,control,mobile,US,2,0,5,0.0
U09971,control,mobile,DE,5,0,1,0.0
U09972,control,mobile,US,6,0,3,0.0
U09973,treatment,desktop,US,6,1,5,4.03
U09974,control,desktop,UK,3,0,4,0.0
U09975,control,desktop,FR,4,1,8,26.86
U09976,treatment,console,US,6,0,4,0.0
U09977,treatment,console,UK,8,0,4,0.0
U09978,control,console,US,3,0,2,0.0
U09979,treatment,console,US,3,1,6,7.4
U09980,treatment,console,CA,7,0,6,0.0
U09981,treatment,console,UK,6,0,4,0.0
U09982,control,mobile,US,7,0,9,0.0
U09983,treatment,mobile,FR,7,0,2,0.0
U09984,treatment,desktop,US,3,0,1,0.0
U09985,control,console,US,5,0,3,0.0
U09986,treatment,console,FR,4,0,2,0.0
U09987,treatment,desktop,DE,9,0,3,0.0
U09988,treatment,console,US,3,0,3,0.0
U09989,treatment,desktop,US,10,0,0,0.0
U09990,control,desktop,US,6,0,1,0.0
U09991,treatment,mobile,FR,6,0,3,0.0
U09992,control,desktop,DE,6,0,6,0.0
U09993,treatment,mobile,US,4,0,1,0.0
U09994,control,mobile,FR,5,0,3,0.0
U09995,control,desktop,US,3,0,1,0.0
U09996,treatment,mobile,US,4,0,2,0.0
U09997,treatment,console,DE,4,0,1,0.0
U09998,control,desktop,US,5,0,4,0.0
U09999,control,desktop,US,3,0,0,0.0
U10000,control,mobile,UK,10,0,4,0.0
U10001,control,console,DE,7,1,8,12.98
U10002,control,desktop,DE,6,0,3,0.0
U10003,treatment,desktop,FR,5,0,3,0.0
U10004,control,desktop,UK,2,1,7,5.12
U10005,treatment,desktop,FR,4,1,6,32.72
U10006,treatment,desktop,UK,5,0,7,0.0
U10007,treatment,desktop,DE,9,0,2,0.0
U10008,treatment,console,US,6,0,4,0.0
U10009,control,mobile,US,6,0,3,0.0
U10010,control,console,CA,4,0,4,0.0
U10011,control,mobile,US,8,1,3,16.8
U10012,treatment,mobile,UK,7,0,4,0.0
U10013,treatment,mobile,US,4,0,3,0.0
U10014,control,mobile,US,3,0,3,0.0
U10015,control,mobile,DE,3,0,2,0.0
U10016,treatment,console,US,7,0,4,0.0
U10017,treatment,desktop,UK,8,0,5,0.0
U10018,control,console,US,5,0,6,0.0
U10019,treatment,mobile,DE,5,0,5,0.0
U10020,control,desktop,US,2,0,3,0.0
U10021,control,mobile,FR,4,0,2,0.0
U10022,treatment,desktop,US,4,0,0,0.0
U10023,control,mobile,US,6,0,5,0.0
U10024,treatment,desktop,CA,2,0,2,0.0
U10025,control,desktop,US,7,0,4,0.0
U10026,control,mobile,US,5,0,2,0.0
U10027,control,mobile,CA,7,0,3,0.0
U10028,treatment,mobile,UK,4,0,7,0.0
U10029,treatment,mobile,US,6,0,9,0.0
U10030,control,desktop,US,7,0,1,0.0
U10031,treatment,desktop,UK,3,0,6,0.0
U10032,control,console,FR,11,0,3,0.0
U10033,control,console,UK,2,0,6,0.0
U10034,treatment,mobile,FR,8,0,2,0.0
U10035,treatment,console,US,4,0,3,0.0
U10036,control,console,UK,4,0,3,0.0
U10037,control,mobile,US,5,0,4,0.0
U10038,control,console,FR,4,0,0,0.0
U10039,treatment,desktop,US,6,0,3,0.0
U10040,control,desktop,US,4,0,6,0.0
U10041,treatment,desktop,US,5,0,3,0.0
U10042,control,console,US,5,0,2,0.0
U10043,control,console,US,5,0,2,0.0
U10044,control,console,CA,6,0,3,0.0
U10045,control,mobile,UK,6,0,4,0.0
U10046,treatment,console,UK,7,0,5,0.0
U10047,control,desktop,US,2,0,3,0.0
U10048,treatment,console,US,3,0,4,0.0
U10049,treatment,console,FR,8,0,5,0.0
U10050,control,mobile,CA,3,0,5,0.0
U10051,control,mobile,DE,7,0,5,0.0
U10052,control,console,FR,5,0,2,0.0
U10053,control,console,FR,5,0,3,0.0
U10054,control,console,UK,3,0,4,0.0
U10055,control,desktop,UK,6,0,3,0.0
U10056,treatment,mobile,DE,10,0,2,0.0
U10057,treatment,desktop,CA,4,0,5,0.0
U10058,treatment,mobile,FR,5,0,7,0.0
U10059,treatment,console,DE,5,0,2,0.0
U10060,control,desktop,UK,6,0,2,0.0
U10061,treatment,mobile,FR,8,0,5,0.0
U10062,treatment,desktop,DE,4,0,4,0.0
U10063,control,console,CA,6,0,4,0.0
U10064,treatment,desktop,DE,3,0,6,0.0
U10065,treatment,mobile,UK,5,1,4,24.35
U10066,treatment,desktop,DE,5,0,2,0.0
U10067,treatment,desktop,US,6,0,7,0.0
U10068,treatment,mobile,US,3,0,5,0.0
U10069,control,desktop,DE,7,0,6,0.0
U10070,treatment,mobile,FR,3,0,2,0.0
U10071,treatment,desktop,FR,4,0,6,0.0
U10072,control,mobile,UK,4,0,4,0.0
U10073,control,desktop,UK,6,0,4,0.0
U10074,control,desktop,US,8,0,4,0.0
U10075,treatment,desktop,DE,3,1,2,26.6
U10076,control,mobile,DE,6,0,8,0.0
U10077,treatment,mobile,US,4,0,2,0.0
U10078,control,console,US,5,0,3,0.0
U10079,treatment,console,FR,6,0,3,0.0
U10080,treatment,mobile,UK,2,0,2,0.0
U10081,treatment,mobile,US,6,0,4,0.0
U10082,treatment,console,FR,8,0,3,0.0
U10083,treatment,mobile,US,4,1,4,19.29
U10084,treatment,console,US,4,0,3,0.0
U10085,control,console,DE,3,0,2,0.0
U10086,treatment,mobile,UK,6,0,4,0.0
U10087,control,mobile,US,3,0,6,0.0
U10088,treatment,console,CA,5,1,4,26.25
U10089,treatment,mobile,UK,4,0,3,0.0
U10090,control,desktop,CA,7,1,7,8.48
U10091,treatment,mobile,UK,6,0,5,0.0
U10092,control,desktop,US,4,0,1,0.0
U10093,treatment,console,UK,4,0,4,0.0
U10094,treatment,desktop,DE,4,0,3,0.0
U10095,treatment,mobile,CA,3,0,4,0.0
U10096,control,desktop,US,6,0,3,0.0
U10097,control,desktop,CA,4,0,2,0.0
U10098,control,mobile,DE,3,1,5,14.69
U10099,control,console,CA,6,0,4,0.0
U10100,treatment,desktop,DE,3,0,2,0.0
U10101,control,mobile,DE,4,1,3,25.9
U10102,treatment,console,CA,5,0,5,0.0
U10103,treatment,mobile,DE,6,0,5,0.0
U10104,control,mobile,FR,5,0,3,0.0
U10105,control,mobile,US,5,0,2,0.0
U10106,control,mobile,UK,3,0,2,0.0
U10107,treatment,mobile,DE,5,0,5,0.0
U10108,treatment,mobile,US,6,1,2,11.46
U10109,control,console,US,3,0,3,0.0
U10110,treatment,desktop,FR,4,0,2,0.0
U10111,control,mobile,DE,5,0,3,0.0
U10112,treatment,desktop,CA,4,0,4,0.0
U10113,treatment,desktop,US,4,0,1,0.0
U10114,control,desktop,US,5,0,2,0.0
U10115,control,console,US,2,0,1,0.0
U10116,control,mobile,CA,4,0,2,0.0
U10117,treatment,mobile,US,3,0,2,0.0
U10118,control,mobile,CA,7,1,6,31.08
U10119,treatment,mobile,US,5,0,6,0.0
U10120,control,desktop,US,9,1,9,16.16
U10121,control,mobile,FR,3,0,1,0.0
U10122,control,desktop,DE,6,0,2,0.0
U10123,treatment,console,US,3,1,4,5.18
U10124,treatment,console,US,7,0,5,0.0
U10125,control,desktop,US,6,0,5,0.0
U10126,control,desktop,FR,5,0,3,0.0
U10127,control,desktop,UK,4,1,5,13.57
U10128,treatment,desktop,UK,4,1,7,13.19
U10129,control,mobile,UK,9,0,6,0.0
U10130,treatment,mobile,US,3,0,4,0.0
U10131,treatment,mobile,FR,3,0,5,0.0
U10132,treatment,desktop,DE,5,0,2,0.0
U10133,control,desktop,CA,4,0,1,0.0
U10134,control,mobile,DE,6,0,2,0.0
U10135,control,mobile,US,1,0,3,0.0
U10136,control,console,US,2,0,1,0.0
U10137,control,mobile,FR,3,0,2,0.0
U10138,treatment,mobile,UK,10,1,6,7.2
U10139,control,mobile,US,2,0,2,0.0
U10140,treatment,mobile,US,6,0,3,0.0
U10141,treatment,console,CA,5,0,3,0.0
U10142,control,mobile,UK,6,0,5,0.0
U10143,treatment,mobile,UK,3,0,5,0.0
U10144,control,console,DE,10,0,4,0.0
U10145,treatment,desktop,DE,9,0,6,0.0
U10146,treatment,desktop,US,5,0,1,0.0
U10147,control,desktop,US,5,0,6,0.0
U10148,treatment,mobile,US,7,1,11,27.61
U10149,control,mobile,US,1,0,0,0.0
U10150,treatment,mobile,US,5,0,5,0.0
U10151,treatment,mobile,UK,6,0,3,0.0
U10152,control,mobile,FR,6,0,2,0.0
U10153,control,desktop,US,7,0,4,0.0
U10154,treatment,mobile,DE,4,0,3,0.0
U10155,treatment,mobile,US,2,0,2,0.0
U10156,control,desktop,UK,4,0,7,0.0
U10157,control,mobile,DE,4,1,1,17.18
U10158,control,desktop,US,7,0,1,0.0
U10159,control,mobile,UK,10,0,4,0.0
U10160,treatment,desktop,CA,8,0,5,0.0
U10161,treatment,console,FR,6,0,1,0.0
U10162,treatment,desktop,DE,6,0,4,0.0
U10163,control,console,US,4,0,4,0.0
U10164,control,mobile,DE,4,0,6,0.0
U10165,control,mobile,US,3,0,4,0.0
U10166,control,mobile,US,5,1,2,7.59
U10167,treatment,mobile,US,7,1,4,15.37
U10168,control,console,DE,4,1,3,9.67
U10169,control,mobile,US,7,0,6,0.0
U10170,treatment,mobile,FR,6,0,7,0.0
U10171,control,console,US,8,0,7,0.0
U10172,control,mobile,US,7,0,4,0.0
U10173,control,desktop,US,8,0,2,0.0
U10174,control,mobile,DE,2,0,3,0.0
U10175,control,console,UK,7,0,2,0.0
U10176,control,mobile,US,4,0,0,0.0
U10177,treatment,desktop,DE,2,0,6,0.0
U10178,treatment,desktop,US,8,0,5,0.0
U10179,treatment,console,US,5,0,2,0.0
U10180,treatment,console,DE,3,0,2,0.0
U10181,control,console,CA,7,0,5,0.0
U10182,control,mobile,US,3,0,4,0.0
U10183,treatment,desktop,DE,5,1,4,11.67
U10184,control,console,UK,1,0,5,0.0
U10185,treatment,desktop,US,5,0,2,0.0
U10186,control,console,US,3,0,1,0.0
U10187,control,console,CA,5,0,1,0.0
U10188,control,mobile,US,6,0,6,0.0
U10189,control,mobile,CA,7,0,3,0.0
U10190,control,mobile,US,9,0,6,0.0
U10191,treatment,desktop,US,4,0,4,0.0
U10192,control,desktop,US,4,0,4,0.0
U10193,treatment,mobile,US,5,0,3,0.0
U10194,treatment,desktop,US,6,0,7,0.0
U10195,control,mobile,US,4,0,1,0.0
U10196,control,mobile,DE,7,0,4,0.0
U10197,control,desktop,DE,5,0,2,0.0
U10198,treatment,desktop,CA,2,0,0,0.0
U10199,treatment,mobile,UK,3,0,4,0.0
U10200,control,desktop,FR,6,0,5,0.0
U10201,treatment,console,UK,2,0,3,0.0
U10202,control,desktop,US,6,0,3,0.0
U10203,treatment,console,UK,4,0,4,0.0
U10204,treatment,mobile,CA,5,0,3,0.0
U10205,treatment,mobile,US,4,0,3,0.0
U10206,treatment,mobile,US,7,0,4,0.0
U10207,treatment,desktop,US,4,0,1,0.0
U10208,treatment,mobile,US,8,0,2,0.0
U10209,control,console,UK,4,0,5,0.0
U10210,control,desktop,DE,5,0,4,0.0
U10211,treatment,console,US,9,0,3,0.0
U10212,control,mobile,UK,3,0,5,0.0
U10213,treatment,desktop,UK,10,0,4,0.0
U10214,treatment,mobile,US,4,1,2,12.43
U10215,treatment,desktop,US,3,0,3,0.0
U10216,control,console,US,4,0,3,0.0
U10217,control,mobile,UK,4,0,2,0.0
U10218,treatment,console,UK,3,0,5,0.0
U10219,control,desktop,US,2,0,4,0.0
U10220,treatment,desktop,DE,10,0,7,0.0
U10221,treatment,mobile,DE,1,0,6,0.0
U10222,control,mobile,US,4,1,2,25.05
U10223,control,mobile,US,3,0,5,0.0
U10224,control,desktop,DE,4,1,4,15.58
U10225,control,mobile,US,4,0,2,0.0
U10226,control,console,CA,2,0,4,0.0
U10227,treatment,console,DE,5,0,5,0.0
U10228,control,mobile,US,5,0,4,0.0
U10229,treatment,desktop,US,6,0,4,0.0
U10230,treatment,mobile,US,4,0,4,0.0
U10231,control,mobile,US,6,0,3,0.0
U10232,control,mobile,UK,5,1,3,11.83
U10233,treatment,console,FR,6,0,2,0.0
U10234,control,console,CA,5,0,2,0.0
U10235,control,mobile,CA,4,0,8,0.0
U10236,control,mobile,US,7,0,2,0.0
U10237,treatment,mobile,CA,7,1,3,16.89
U10238,treatment,desktop,DE,4,1,1,45.9
U10239,control,mobile,US,7,0,4,0.0
U10240,treatment,console,CA,5,0,8,0.0
U10241,control,console,CA,6,0,2,0.0
U10242,treatment,mobile,US,6,0,3,0.0
U10243,control,console,FR,9,0,5,0.0
U10244,control,desktop,FR,5,0,4,0.0
U10245,treatment,desktop,DE,7,0,6,0.0
U10246,treatment,console,US,5,0,4,0.0
U10247,control,desktop,UK,7,1,0,24.2
U10248,treatment,desktop,CA,5,0,3,0.0
U10249,control,mobile,UK,5,0,3,0.0
U10250,control,desktop,UK,4,0,4,0.0
U10251,treatment,mobile,US,5,0,5,0.0
U10252,control,mobile,US,3,0,5,0.0
U10253,control,desktop,US,4,0,1,0.0
U10254,treatment,mobile,UK,7,0,4,0.0
U10255,treatment,mobile,FR,3,0,4,0.0
U10256,control,mobile,US,3,0,4,0.0
U10257,treatment,console,CA,5,0,3,0.0
U10258,control,desktop,FR,7,0,4,0.0
U10259,treatment,mobile,US,6,0,4,0.0
U10260,treatment,console,US,8,0,9,0.0
U10261,control,console,US,7,0,4,0.0
U10262,treatment,mobile,CA,7,0,5,0.0
U10263,control,desktop,DE,9,0,3,0.0
U10264,treatment,mobile,FR,3,1,5,11.96
U10265,control,desktop,CA,6,0,4,0.0
U10266,control,desktop,US,4,0,2,0.0
U10267,treatment,mobile,CA,8,0,7,0.0
U10268,control,desktop,FR,5,0,6,0.0
U10269,treatment,mobile,US,7,0,1,0.0
U10270,treatment,desktop,CA,5,0,3,0.0
U10271,control,mobile,US,4,0,3,0.0
U10272,control,console,US,5,0,1,0.0
U10273,treatment,desktop,UK,2,1,4,27.6
U10274,treatment,mobile,DE,6,0,5,0.0
U10275,control,console,FR,1,0,2,0.0
U10276,treatment,mobile,US,4,0,5,0.0
U10277,treatment,desktop,US,6,0,3,0.0
U10278,control,desktop,UK,2,0,3,0.0
U10279,treatment,mobile,US,4,0,4,0.0
U10280,treatment,mobile,DE,4,0,0,0.0
U10281,control,mobile,FR,3,0,2,0.0
U10282,control,desktop,UK,5,0,3,0.0
U10283,control,desktop,UK,5,0,3,0.0
U10284,treatment,mobile,UK,6,0,1,0.0
U10285,control,mobile,CA,6,0,8,0.0
U10286,treatment,console,US,5,0,6,0.0
U10287,treatment,mobile,US,1,0,5,0.0
U10288,treatment,mobile,UK,2,0,2,0.0
U10289,control,desktop,UK,5,0,5,0.0
U10290,treatment,mobile,DE,4,0,6,0.0
U10291,control,console,US,4,1,5,3.1
U10292,control,mobile,DE,3,1,3,12.69
U10293,treatment,console,US,5,1,3,19.73
U10294,treatment,mobile,US,5,1,5,22.71
U10295,treatment,mobile,DE,5,0,4,0.0
U10296,treatment,mobile,US,2,0,3,0.0
U10297,treatment,console,US,7,0,1,0.0
U10298,control,desktop,UK,6,1,2,31.29
U10299,control,mobile,DE,5,0,2,0.0
U10300,control,console,US,2,0,1,0.0
U10301,control,mobile,US,4,0,3,0.0
U10302,control,mobile,US,2,0,3,0.0
U10303,control,mobile,UK,3,0,3,0.0
U10304,control,console,FR,3,0,4,0.0
U10305,control,mobile,FR,4,1,3,10.2
U10306,treatment,mobile,UK,5,0,4,0.0
U10307,control,console,FR,5,0,4,0.0
U10308,treatment,desktop,US,5,1,9,14.98
U10309,treatment,mobile,US,6,0,2,0.0
U10310,treatment,desktop,US,9,0,4,0.0
U10311,control,mobile,FR,5,0,4,0.0
U10312,control,desktop,UK,6,0,4,0.0
U10313,control,mobile,US,8,0,7,0.0
U10314,control,desktop,CA,3,0,4,0.0
U10315,treatment,console,CA,4,1,0,16.85
U10316,control,mobile,FR,6,0,3,0.0
U10317,control,mobile,UK,5,0,2,0.0
U10318,control,mobile,US,4,0,2,0.0
U10319,treatment,console,US,9,0,1,0.0
U10320,treatment,console,UK,7,1,5,16.28
U10321,treatment,console,UK,4,0,0,0.0
U10322,treatment,console,FR,8,0,2,0.0
U10323,treatment,console,UK,5,0,6,0.0
U10324,control,console,US,3,0,2,0.0
U10325,treatment,desktop,UK,4,0,5,0.0
U10326,control,mobile,US,4,0,4,0.0
U10327,treatment,desktop,FR,3,0,4,0.0
U10328,control,mobile,US,3,0,3,0.0
U10329,control,mobile,FR,4,0,6,0.0
U10330,control,mobile,UK,5,0,6,0.0
U10331,control,mobile,US,4,0,3,0.0
U10332,control,desktop,US,6,0,5,0.0
U10333,control,mobile,US,2,0,3,0.0
U10334,control,mobile,CA,4,0,2,0.0
U10335,control,console,DE,6,0,3,0.0
U10336,control,desktop,US,7,0,1,0.0
U10337,treatment,mobile,CA,6,0,2,0.0
U10338,control,mobile,DE,5,1,6,8.2
U10339,treatment,mobile,US,5,0,2,0.0
U10340,control,console,CA,9,0,5,0.0
U10341,treatment,mobile,FR,4,0,2,0.0
U10342,control,console,DE,5,0,4,0.0
U10343,treatment,mobile,US,4,0,3,0.0
U10344,control,console,UK,4,0,3,0.0
U10345,control,mobile,FR,7,0,1,0.0
U10346,treatment,desktop,DE,4,0,3,0.0
U10347,treatment,mobile,FR,3,1,3,4.54
U10348,control,mobile,FR,6,0,1,0.0
U10349,control,console,CA,3,0,4,0.0
U10350,treatment,desktop,US,7,0,7,0.0
U10351,treatment,mobile,US,3,0,4,0.0
U10352,control,console,US,4,0,5,0.0
U10353,treatment,mobile,UK,4,0,3,0.0
U10354,treatment,console,US,2,0,2,0.0
U10355,control,mobile,US,6,0,3,0.0
U10356,control,mobile,UK,7,0,4,0.0
U10357,control,mobile,DE,4,1,3,21.36
U10358,control,mobile,US,4,0,4,0.0
U10359,control,console,US,7,0,1,0.0
U10360,treatment,mobile,US,8,0,4,0.0
U10361,treatment,mobile,US,6,0,2,0.0
U10362,treatment,console,DE,5,0,1,0.0
U10363,control,mobile,US,3,1,3,26.91
U10364,control,mobile,US,4,0,8,0.0
U10365,control,desktop,US,3,0,5,0.0
U10366,control,mobile,UK,3,0,2,0.0
U10367,treatment,console,FR,7,0,4,0.0
U10368,control,desktop,CA,5,0,2,0.0
U10369,treatment,mobile,UK,4,0,4,0.0
U10370,treatment,desktop,US,5,0,3,0.0
U10371,control,mobile,FR,8,0,7,0.0
U10372,control,desktop,DE,5,0,6,0.0
U10373,control,desktop,US,5,0,2,0.0
U10374,treatment,console,DE,6,1,11,24.15
U10375,treatment,desktop,CA,5,0,3,0.0
U10376,treatment,console,US,3,0,4,0.0
U10377,control,mobile,DE,6,1,5,9.21
U10378,control,console,FR,4,0,3,0.0
U10379,control,mobile,UK,7,0,3,0.0
U10380,control,console,CA,3,1,5,8.83
U10381,control,desktop,CA,5,0,7,0.0
U10382,control,mobile,DE,4,1,3,16.01
U10383,control,mobile,US,6,1,3,4.29
U10384,control,console,DE,8,0,3,0.0
U10385,treatment,console,DE,2,1,4,10.7
U10386,control,desktop,UK,5,0,4,0.0
U10387,control,mobile,US,4,0,5,0.0
U10388,control,desktop,UK,4,1,4,18.98
U10389,treatment,mobile,US,6,0,3,0.0
U10390,control,desktop,DE,7,0,6,0.0
U10391,control,mobile,FR,7,0,1,0.0
U10392,treatment,console,US,9,0,5,0.0
U10393,treatment,desktop,DE,5,0,1,0.0
U10394,treatment,mobile,US,2,0,3,0.0
U10395,control,desktop,US,4,0,1,0.0
U10396,treatment,mobile,DE,4,0,3,0.0
U10397,treatment,mobile,UK,4,0,1,0.0
U10398,treatment,mobile,UK,6,1,5,19.6
U10399,treatment,mobile,US,6,0,5,0.0
U10400,control,mobile,CA,8,0,5,0.0
U10401,control,desktop,CA,4,0,2,0.0
U10402,control,desktop,DE,5,0,1,0.0
U10403,treatment,desktop,US,5,1,4,43.28
U10404,control,console,DE,6,0,3,0.0
U10405,control,console,US,9,0,4,0.0
U10406,treatment,mobile,US,3,0,2,0.0
U10407,treatment,desktop,UK,4,0,5,0.0
U10408,treatment,console,UK,7,0,6,0.0
U10409,control,mobile,CA,6,0,6,0.0
U10410,treatment,mobile,DE,6,1,4,13.03
U10411,control,console,DE,3,0,0,0.0
U10412,treatment,console,FR,4,0,7,0.0
U10413,control,console,DE,7,0,2,0.0
U10414,treatment,console,DE,2,0,8,0.0
U10415,control,mobile,FR,5,0,3,0.0
U10416,treatment,desktop,UK,12,0,6,0.0
U10417,treatment,console,UK,7,0,5,0.0
U10418,treatment,mobile,US,6,0,3,0.0
U10419,treatment,mobile,UK,5,0,4,0.0
U10420,treatment,mobile,DE,7,0,4,0.0
U10421,control,desktop,FR,5,0,3,0.0
U10422,control,desktop,FR,8,0,6,0.0
U10423,control,console,US,8,0,2,0.0
U10424,treatment,mobile,US,5,1,4,10.19
U10425,control,desktop,CA,7,0,8,0.0
U10426,control,mobile,CA,3,0,9,0.0
U10427,treatment,console,US,3,1,6,11.39
U10428,treatment,desktop,FR,5,0,4,0.0
U10429,treatment,desktop,FR,3,0,2,0.0
U10430,treatment,mobile,US,5,0,3,0.0
U10431,control,mobile,US,5,1,6,29.49
U10432,treatment,mobile,CA,4,0,3,0.0
U10433,control,console,DE,4,0,3,0.0
U10434,treatment,mobile,DE,3,0,1,0.0
U10435,treatment,console,CA,6,0,1,0.0
U10436,control,mobile,FR,8,0,0,0.0
U10437,treatment,desktop,UK,5,0,5,0.0
U10438,control,mobile,US,7,1,5,13.26
U10439,control,mobile,FR,5,0,1,0.0
U10440,treatment,desktop,UK,9,0,4,0.0
U10441,treatment,mobile,UK,6,0,3,0.0
U10442,control,mobile,FR,4,0,4,0.0
U10443,treatment,desktop,FR,7,0,7,0.0
U10444,control,mobile,UK,4,0,6,0.0
U10445,treatment,desktop,UK,7,1,2,4.64
U10446,treatment,desktop,FR,4,0,4,0.0
U10447,treatment,mobile,US,4,0,4,0.0
U10448,treatment,mobile,UK,4,0,5,0.0
U10449,control,mobile,CA,2,0,1,0.0
U10450,control,mobile,FR,2,0,1,0.0
U10451,control,mobile,US,4,1,5,12.79
U10452,control,desktop,DE,2,0,2,0.0
U10453,treatment,mobile,US,4,0,6,0.0
U10454,control,console,US,6,0,4,0.0
U10455,treatment,console,CA,6,0,5,0.0
U10456,treatment,mobile,US,7,0,3,0.0
U10457,control,desktop,DE,3,0,5,0.0
U10458,treatment,mobile,US,5,0,1,0.0
U10459,control,mobile,US,2,0,1,0.0
U10460,control,console,US,4,0,2,0.0
U10461,treatment,desktop,US,5,0,0,0.0
U10462,treatment,mobile,DE,4,0,6,0.0
U10463,treatment,console,FR,9,1,1,10.62
U10464,treatment,console,FR,2,1,4,7.37
U10465,control,desktop,UK,5,1,3,1.78
U10466,treatment,desktop,US,4,1,2,4.92
U10467,treatment,console,US,5,0,3,0.0
U10468,treatment,desktop,DE,5,0,2,0.0
U10469,control,desktop,FR,10,1,8,20.34
U10470,treatment,console,FR,3,0,0,0.0
U10471,treatment,desktop,US,2,0,8,0.0
U10472,treatment,mobile,DE,7,0,3,0.0
U10473,control,mobile,UK,3,0,3,0.0
U10474,control,mobile,UK,8,0,3,0.0
U10475,control,mobile,US,3,0,4,0.0
U10476,control,mobile,US,9,0,3,0.0
U10477,treatment,desktop,US,5,0,3,0.0
U10478,treatment,console,US,6,1,2,18.52
U10479,control,mobile,DE,6,0,1,0.0
U10480,treatment,mobile,UK,5,0,0,0.0
U10481,treatment,console,US,4,0,3,0.0
U10482,control,mobile,US,4,0,1,0.0
U10483,treatment,console,US,6,0,3,0.0
U10484,treatment,desktop,US,5,0,4,0.0
U10485,treatment,desktop,UK,2,0,2,0.0
U10486,control,mobile,US,3,0,1,0.0
U10487,control,mobile,FR,5,0,6,0.0
U10488,treatment,desktop,US,4,0,3,0.0
U10489,control,mobile,FR,4,0,0,0.0
U10490,control,mobile,US,8,0,8,0.0
U10491,treatment,mobile,FR,8,1,4,17.21
U10492,control,desktop,UK,4,0,2,0.0
U10493,control,desktop,CA,5,0,3,0.0
U10494,control,desktop,UK,6,0,4,0.0
U10495,control,desktop,CA,6,0,3,0.0
U10496,treatment,mobile,US,5,0,2,0.0
U10497,control,console,DE,4,0,2,0.0
U10498,treatment,console,US,1,0,5,0.0
U10499,treatment,mobile,UK,4,0,4,0.0
U10500,treatment,desktop,UK,9,1,7,32.52
U10501,treatment,mobile,UK,5,1,4,19.84
U10502,control,console,US,7,0,2,0.0
U10503,treatment,mobile,US,2,0,2,0.0
U10504,treatment,mobile,US,3,0,2,0.0
U10505,treatment,console,DE,4,0,3,0.0
U10506,treatment,desktop,UK,4,0,8,0.0
U10507,control,mobile,DE,5,0,2,0.0
U10508,control,desktop,FR,4,0,2,0.0
U10509,control,console,US,3,1,3,17.9
U10510,control,mobile,FR,3,0,5,0.0
U10511,control,desktop,US,5,0,0,0.0
U10512,control,desktop,US,5,1,3,14.51
U10513,treatment,desktop,FR,3,0,5,0.0
U10514,treatment,console,DE,6,1,3,25.61
U10515,treatment,desktop,US,11,0,7,0.0
U10516,control,desktop,US,3,0,3,0.0
U10517,control,console,US,5,0,3,0.0
U10518,treatment,mobile,US,3,0,5,0.0
U10519,control,mobile,CA,2,0,5,0.0
U10520,treatment,console,FR,5,0,3,0.0
U10521,treatment,desktop,UK,5,0,1,0.0
U10522,treatment,mobile,US,6,0,4,0.0
U10523,control,mobile,US,3,0,4,0.0
U10524,control,mobile,DE,7,0,1,0.0
U10525,control,mobile,UK,6,0,3,0.0
U10526,treatment,mobile,FR,3,0,4,0.0
U10527,control,desktop,DE,5,0,4,0.0
U10528,treatment,mobile,UK,6,0,4,0.0
U10529,treatment,desktop,UK,5,1,5,7.02
U10530,control,console,DE,8,0,4,0.0
U10531,control,console,FR,3,0,2,0.0
U10532,treatment,console,US,7,0,6,0.0
U10533,treatment,mobile,UK,4,1,5,23.31
U10534,treatment,desktop,US,2,0,3,0.0
U10535,treatment,desktop,US,8,0,5,0.0
U10536,treatment,mobile,DE,8,0,11,0.0
U10537,control,console,UK,11,1,2,6.18
U10538,control,desktop,FR,8,0,3,0.0
U10539,treatment,desktop,US,7,0,3,0.0
U10540,control,mobile,FR,1,0,3,0.0
U10541,treatment,mobile,CA,4,0,2,0.0
U10542,treatment,console,UK,6,0,2,0.0
U10543,control,mobile,CA,4,0,1,0.0
U10544,treatment,mobile,DE,2,0,1,0.0
U10545,control,desktop,FR,7,0,1,0.0
U10546,treatment,desktop,US,6,0,5,0.0
U10547,control,mobile,FR,5,1,5,11.11
U10548,control,mobile,US,5,0,2,0.0
U10549,control,console,UK,2,0,5,0.0
U10550,treatment,console,CA,5,0,4,0.0
U10551,control,desktop,CA,6,1,4,3.15
U10552,treatment,console,UK,7,0,4,0.0
U10553,control,mobile,US,5,0,5,0.0
U10554,control,desktop,CA,4,0,4,0.0
U10555,control,desktop,US,2,1,3,33.88
U10556,control,console,US,2,0,3,0.0
U10557,control,console,UK,3,0,2,0.0
U10558,treatment,mobile,US,5,1,4,27.02
U10559,control,mobile,US,5,0,2,0.0
U10560,treatment,console,DE,6,0,4,0.0
U10561,control,mobile,US,5,0,4,0.0
U10562,control,desktop,DE,4,0,3,0.0
U10563,treatment,desktop,UK,7,0,3,0.0
U10564,treatment,mobile,FR,7,0,2,0.0
U10565,control,desktop,UK,3,0,4,0.0
U10566,control,desktop,DE,5,0,3,0.0
U10567,treatment,console,FR,3,0,2,0.0
U10568,treatment,mobile,FR,8,0,7,0.0
U10569,treatment,mobile,UK,7,0,1,0.0
U10570,treatment,mobile,FR,4,1,1,12.44
U10571,treatment,mobile,UK,7,0,3,0.0
U10572,treatment,desktop,UK,2,0,6,0.0
U10573,treatment,mobile,FR,5,0,4,0.0
U10574,control,mobile,UK,4,0,4,0.0
U10575,treatment,console,US,4,0,3,0.0
U10576,treatment,mobile,CA,3,0,2,0.0
U10577,treatment,mobile,US,5,0,4,0.0
U10578,control,console,FR,7,0,3,0.0
U10579,treatment,desktop,US,5,1,6,26.67
U10580,treatment,mobile,US,4,0,4,0.0
U10581,control,console,US,2,0,1,0.0
U10582,treatment,desktop,US,5,0,3,0.0
U10583,treatment,mobile,FR,6,0,3,0.0
U10584,control,mobile,FR,5,0,4,0.0
U10585,control,console,US,2,0,4,0.0
U10586,control,mobile,DE,5,0,5,0.0
U10587,control,console,US,5,0,2,0.0
U10588,control,mobile,DE,4,0,6,0.0
U10589,control,mobile,UK,7,0,5,0.0
U10590,treatment,console,US,3,0,2,0.0
U10591,treatment,console,US,6,0,4,0.0
U10592,control,mobile,US,5,0,4,0.0
U10593,control,mobile,US,3,1,2,36.9
U10594,control,desktop,US,6,0,6,0.0
U10595,treatment,desktop,CA,12,0,3,0.0
U10596,control,mobile,UK,6,0,2,0.0
U10597,control,mobile,US,5,0,3,0.0
U10598,treatment,console,UK,5,0,1,0.0
U10599,treatment,mobile,US,4,0,7,0.0
U10600,treatment,mobile,US,2,0,3,0.0
U10601,treatment,mobile,CA,4,0,3,0.0
U10602,treatment,mobile,US,8,0,2,0.0
U10603,treatment,desktop,CA,4,0,0,0.0
U10604,control,mobile,UK,3,0,4,0.0
U10605,control,desktop,FR,6,0,4,0.0
U10606,control,mobile,US,5,0,2,0.0
U10607,control,mobile,US,4,0,3,0.0
U10608,control,console,FR,6,0,2,0.0
U10609,control,desktop,US,4,0,3,0.0
U10610,treatment,mobile,US,3,0,1,0.0
U10611,control,mobile,DE,7,0,1,0.0
U10612,control,desktop,US,8,0,6,0.0
U10613,treatment,console,UK,2,1,1,18.51
U10614,treatment,desktop,CA,8,0,1,0.0
U10615,control,console,DE,5,0,9,0.0
U10616,treatment,mobile,FR,9,0,3,0.0
U10617,treatment,console,FR,4,0,4,0.0
U10618,control,mobile,FR,6,0,5,0.0
U10619,control,mobile,US,3,0,6,0.0
U10620,control,desktop,UK,5,0,1,0.0
U10621,treatment,mobile,FR,4,0,2,0.0
U10622,treatment,mobile,FR,2,0,2,0.0
U10623,treatment,mobile,DE,4,1,2,29.02
U10624,control,desktop,FR,4,0,5,0.0
U10625,control,console,UK,4,1,4,8.68
U10626,control,desktop,US,6,0,5,0.0
U10627,treatment,mobile,UK,4,1,10,29.31
U10628,treatment,mobile,DE,4,1,7,9.57
U10629,treatment,console,US,6,0,4,0.0
U10630,treatment,desktop,UK,6,0,5,0.0
U10631,treatment,desktop,US,5,1,2,23.49
U10632,treatment,mobile,US,8,0,7,0.0
U10633,control,mobile,US,6,0,3,0.0
U10634,treatment,mobile,US,5,0,0,0.0
U10635,control,desktop,UK,8,0,4,0.0
U10636,control,console,US,4,0,4,0.0
U10637,control,console,US,3,1,6,23.96
U10638,treatment,mobile,US,4,1,5,11.29
U10639,treatment,desktop,US,7,0,6,0.0
U10640,treatment,console,CA,4,1,2,28.81
U10641,control,mobile,UK,9,0,3,0.0
U10642,control,desktop,US,7,0,0,0.0
U10643,treatment,desktop,FR,4,0,5,0.0
U10644,control,mobile,US,7,0,3,0.0
U10645,treatment,mobile,US,8,0,4,0.0
U10646,treatment,mobile,FR,5,0,6,0.0
U10647,control,desktop,UK,3,0,2,0.0
U10648,control,mobile,CA,2,0,2,0.0
U10649,treatment,mobile,US,7,0,3,0.0
U10650,control,mobile,FR,8,0,5,0.0
U10651,control,console,CA,5,0,3,0.0
U10652,control,console,FR,3,0,6,0.0
U10653,treatment,console,US,5,0,4,0.0
U10654,control,console,US,7,0,7,0.0
U10655,control,mobile,US,5,0,4,0.0
U10656,treatment,mobile,US,4,0,5,0.0
U10657,control,desktop,FR,5,0,2,0.0
U10658,treatment,desktop,US,3,0,3,0.0
U10659,treatment,desktop,US,6,1,1,30.15
U10660,treatment,mobile,DE,6,0,8,0.0
U10661,control,console,US,5,0,4,0.0
U10662,control,mobile,DE,6,0,1,0.0
U10663,treatment,desktop,UK,3,0,3,0.0
U10664,treatment,console,DE,5,1,6,10.37
U10665,control,desktop,UK,3,0,2,0.0
U10666,treatment,console,FR,5,0,3,0.0
U10667,control,desktop,UK,4,0,1,0.0
U10668,treatment,console,DE,6,0,2,0.0
U10669,control,console,US,7,0,7,0.0
U10670,treatment,mobile,US,4,0,6,0.0
U10671,control,mobile,DE,4,0,1,0.0
U10672,treatment,console,FR,6,0,4,0.0
U10673,control,desktop,UK,8,0,7,0.0
U10674,control,desktop,DE,3,0,3,0.0
U10675,treatment,mobile,US,6,0,3,0.0
U10676,control,mobile,DE,3,0,1,0.0
U10677,control,desktop,FR,3,0,2,0.0
U10678,treatment,console,DE,6,0,2,0.0
U10679,treatment,mobile,UK,6,0,5,0.0
U10680,treatment,mobile,US,2,0,1,0.0
U10681,control,mobile,US,7,0,2,0.0
U10682,control,desktop,UK,4,0,2,0.0
U10683,treatment,mobile,DE,4,1,3,14.8
U10684,control,desktop,DE,4,0,1,0.0
U10685,control,mobile,FR,3,0,3,0.0
U10686,control,mobile,UK,5,0,1,0.0
U10687,control,mobile,DE,6,0,5,0.0
U10688,control,mobile,US,5,0,6,0.0
U10689,control,console,US,4,0,7,0.0
U10690,control,console,US,7,1,6,14.74
U10691,treatment,console,US,5,0,2,0.0
U10692,control,console,US,4,0,0,0.0
U10693,treatment,mobile,FR,8,1,8,19.66
U10694,control,console,UK,4,0,6,0.0
U10695,control,desktop,US,2,0,4,0.0
U10696,control,console,US,4,0,5,0.0
U10697,treatment,desktop,UK,5,1,3,19.54
U10698,treatment,mobile,US,6,1,4,3.54
U10699,control,mobile,DE,7,1,6,23.78
U10700,treatment,mobile,US,6,0,7,0.0
U10701,control,mobile,US,2,0,1,0.0
U10702,control,desktop,US,5,0,4,0.0
U10703,control,console,US,4,0,4,0.0
U10704,control,mobile,UK,4,0,1,0.0
U10705,control,desktop,US,3,0,4,0.0
U10706,treatment,desktop,FR,4,0,3,0.0
U10707,treatment,mobile,FR,5,0,2,0.0
U10708,treatment,mobile,US,4,0,2,0.0
U10709,treatment,mobile,US,5,0,4,0.0
U10710,control,desktop,US,4,0,2,0.0
U10711,control,mobile,FR,4,0,4,0.0
U10712,treatment,mobile,UK,5,0,2,0.0
U10713,treatment,mobile,UK,7,0,6,0.0
U10714,treatment,console,CA,5,0,5,0.0
U10715,treatment,console,UK,4,0,2,0.0
U10716,treatment,mobile,CA,5,0,2,0.0
U10717,treatment,desktop,US,5,0,5,0.0
U10718,treatment,console,US,3,0,1,0.0
U10719,control,mobile,UK,7,0,2,0.0
U10720,control,mobile,FR,10,0,2,0.0
U10721,treatment,mobile,UK,3,1,2,12.84
U10722,treatment,mobile,US,8,0,3,0.0
U10723,treatment,console,UK,2,1,7,13.09
U10724,control,console,UK,2,0,3,0.0
U10725,control,desktop,DE,6,0,5,0.0
U10726,control,mobile,US,10,0,5,0.0
U10727,control,console,DE,6,0,4,0.0
U10728,control,mobile,DE,3,0,1,0.0
U10729,control,mobile,US,4,0,4,0.0
U10730,treatment,mobile,DE,4,1,4,35.07
U10731,control,console,US,5,1,8,7.52
U10732,treatment,desktop,FR,4,0,4,0.0
U10733,control,desktop,US,6,0,2,0.0
U10734,treatment,desktop,US,3,0,2,0.0
U10735,treatment,mobile,FR,5,0,3,0.0
U10736,treatment,mobile,FR,4,1,2,17.73
U10737,control,console,UK,4,1,2,8.74
U10738,treatment,console,US,5,0,2,0.0
U10739,control,desktop,FR,7,0,3,0.0
U10740,treatment,mobile,FR,7,0,6,0.0
U10741,control,console,DE,4,0,5,0.0
U10742,control,mobile,UK,6,0,5,0.0
U10743,treatment,mobile,US,4,0,3,0.0
U10744,control,mobile,CA,1,0,2,0.0
U10745,control,mobile,UK,4,0,6,0.0
U10746,treatment,desktop,FR,5,0,2,0.0
U10747,control,desktop,US,6,0,5,0.0
U10748,control,mobile,DE,5,0,2,0.0
U10749,treatment,mobile,UK,1,0,1,0.0
U10750,treatment,desktop,UK,6,1,6,7.34
U10751,control,mobile,US,2,0,0,0.0
U10752,treatment,mobile,FR,6,0,6,0.0
U10753,treatment,mobile,DE,5,0,1,0.0
U10754,control,console,DE,7,1,4,21.02
U10755,control,console,CA,6,0,2,0.0
U10756,control,mobile,US,5,0,4,0.0
U10757,treatment,desktop,FR,5,0,7,0.0
U10758,control,console,UK,4,0,3,0.0
U10759,control,mobile,UK,7,0,7,0.0
U10760,control,console,US,4,0,4,0.0
U10761,treatment,desktop,CA,5,0,4,0.0
U10762,control,desktop,DE,4,0,3,0.0
U10763,control,desktop,UK,5,0,1,0.0
U10764,treatment,mobile,CA,9,0,5,0.0
U10765,control,console,FR,7,0,4,0.0
U10766,treatment,desktop,DE,3,0,1,0.0
U10767,treatment,mobile,US,7,0,8,0.0
U10768,control,desktop,US,6,0,3,0.0
U10769,treatment,console,UK,1,0,0,0.0
U10770,control,console,DE,4,0,2,0.0
U10771,treatment,desktop,UK,3,0,2,0.0
U10772,treatment,mobile,US,3,0,9,0.0
U10773,control,mobile,US,6,0,2,0.0
U10774,treatment,mobile,US,4,0,8,0.0
U10775,control,console,FR,6,1,3,20.74
U10776,treatment,console,US,4,0,4,0.0
U10777,treatment,console,US,4,0,5,0.0
U10778,control,mobile,UK,4,0,4,0.0
U10779,treatment,console,US,2,0,5,0.0
U10780,control,console,UK,5,0,4,0.0
U10781,control,desktop,UK,5,0,3,0.0
U10782,treatment,console,US,6,0,6,0.0
U10783,control,mobile,US,4,0,7,0.0
U10784,control,mobile,CA,2,0,2,0.0
U10785,treatment,mobile,UK,4,1,5,56.63
U10786,treatment,mobile,UK,5,0,6,0.0
U10787,control,mobile,FR,5,0,1,0.0
U10788,control,desktop,UK,7,0,9,0.0
U10789,treatment,mobile,DE,4,0,2,0.0
U10790,control,mobile,DE,4,0,2,0.0
U10791,control,mobile,DE,6,0,7,0.0
U10792,treatment,desktop,US,4,0,8,0.0
U10793,treatment,console,UK,6,0,5,0.0
U10794,treatment,mobile,CA,5,0,3,0.0
U10795,treatment,console,FR,5,0,2,0.0
U10796,treatment,console,DE,3,0,2,0.0
U10797,control,desktop,UK,1,0,3,0.0
U10798,treatment,desktop,US,4,0,2,0.0
U10799,control,desktop,DE,5,0,0,0.0
U10800,control,console,UK,5,0,2,0.0
U10801,control,mobile,CA,5,0,4,0.0
U10802,control,console,CA,4,0,3,0.0
U10803,treatment,mobile,UK,8,0,6,0.0
U10804,treatment,mobile,UK,7,0,3,0.0
U10805,treatment,desktop,US,6,1,5,17.45
U10806,control,console,US,7,0,5,0.0
U10807,control,console,US,4,0,5,0.0
U10808,treatment,console,DE,5,0,3,0.0
U10809,treatment,desktop,US,5,1,4,23.23
U10810,treatment,desktop,UK,7,0,3,0.0
U10811,control,console,US,9,0,7,0.0
U10812,control,mobile,US,1,1,4,2.38
U10813,control,mobile,US,4,0,2,0.0
U10814,control,mobile,CA,4,0,1,0.0
U10815,treatment,desktop,UK,6,0,3,0.0
U10816,treatment,desktop,FR,5,1,3,17.84
U10817,control,console,US,2,0,3,0.0
U10818,control,mobile,DE,2,0,1,0.0
U10819,control,console,US,4,0,2,0.0
U10820,control,desktop,US,6,0,1,0.0
U10821,control,console,US,5,0,4,0.0
U10822,treatment,mobile,FR,4,0,2,0.0
U10823,treatment,desktop,UK,7,0,6,0.0
U10824,treatment,console,US,4,0,4,0.0
U10825,treatment,desktop,US,5,1,6,15.79
U10826,control,mobile,DE,8,0,4,0.0
U10827,treatment,mobile,UK,5,0,2,0.0
U10828,treatment,mobile,UK,7,0,3,0.0
U10829,control,desktop,DE,5,0,1,0.0
U10830,control,desktop,US,4,0,5,0.0
U10831,treatment,desktop,UK,4,0,4,0.0
U10832,treatment,desktop,US,5,0,4,0.0
U10833,control,mobile,US,4,0,9,0.0
U10834,control,mobile,CA,4,0,6,0.0
U10835,control,console,DE,7,0,5,0.0
U10836,control,console,FR,4,0,7,0.0
U10837,treatment,desktop,DE,4,0,5,0.0
U10838,control,desktop,US,8,0,1,0.0
U10839,control,console,CA,2,0,5,0.0
U10840,control,console,UK,3,0,4,0.0
U10841,treatment,desktop,FR,9,0,7,0.0
U10842,control,mobile,US,7,0,3,0.0
U10843,treatment,mobile,DE,4,1,4,29.2
U10844,control,desktop,CA,4,0,1,0.0
U10845,control,mobile,FR,5,0,1,0.0
U10846,treatment,mobile,FR,2,1,4,7.84
U10847,treatment,mobile,FR,6,0,4,0.0
U10848,control,console,US,4,0,2,0.0
U10849,control,mobile,US,7,0,1,0.0
U10850,treatment,console,US,3,0,3,0.0
U10851,treatment,console,US,3,0,4,0.0
U10852,treatment,desktop,US,5,0,2,0.0
U10853,treatment,mobile,UK,10,1,5,10.42
U10854,control,console,FR,4,0,2,0.0
U10855,treatment,desktop,DE,9,0,1,0.0
U10856,treatment,mobile,UK,4,0,3,0.0
U10857,treatment,desktop,DE,5,0,4,0.0
U10858,control,mobile,FR,9,0,3,0.0
U10859,treatment,desktop,FR,4,0,4,0.0
U10860,control,console,US,3,0,4,0.0
U10861,control,desktop,DE,5,0,5,0.0
U10862,control,console,US,2,0,2,0.0
U10863,control,mobile,FR,2,0,2,0.0
U10864,control,console,FR,4,0,4,0.0
U10865,control,console,UK,3,0,2,0.0
U10866,treatment,mobile,US,6,0,6,0.0
U10867,treatment,console,UK,6,0,8,0.0
U10868,control,console,US,5,1,4,8.61
U10869,control,mobile,UK,4,0,1,0.0
U10870,control,console,FR,5,0,3,0.0
U10871,control,mobile,US,5,0,5,0.0
U10872,control,mobile,US,4,0,2,0.0
U10873,control,mobile,DE,7,0,5,0.0
U10874,treatment,desktop,DE,7,0,1,0.0
U10875,control,mobile,US,7,0,4,0.0
U10876,treatment,mobile,FR,5,0,1,0.0
U10877,treatment,console,DE,6,0,5,0.0
U10878,treatment,desktop,US,4,0,5,0.0
U10879,control,console,UK,7,0,3,0.0
U10880,control,mobile,FR,3,0,1,0.0
U10881,control,mobile,UK,5,1,3,27.38
U10882,control,console,UK,3,0,7,0.0
U10883,control,mobile,US,7,0,5,0.0
U10884,treatment,desktop,CA,2,0,5,0.0
U10885,treatment,console,DE,3,0,3,0.0
U10886,control,mobile,FR,6,0,4,0.0
U10887,treatment,desktop,US,8,0,5,0.0
U10888,treatment,desktop,FR,7,1,3,14.08
U10889,treatment,mobile,US,5,0,2,0.0
U10890,treatment,desktop,CA,2,0,5,0.0
U10891,control,desktop,US,3,0,3,0.0
U10892,control,mobile,DE,6,1,1,12.79
U10893,treatment,mobile,CA,6,0,2,0.0
U10894,control,desktop,CA,9,1,4,2.14
U10895,treatment,desktop,UK,2,0,1,0.0
U10896,control,console,US,6,0,3,0.0
U10897,treatment,console,DE,4,0,8,0.0
U10898,treatment,mobile,UK,3,0,2,0.0
U10899,treatment,console,US,4,1,7,20.4
U10900,control,console,UK,4,0,4,0.0
U10901,control,mobile,US,6,0,5,0.0
U10902,treatment,mobile,US,4,0,2,0.0
U10903,treatment,mobile,UK,4,0,4,0.0
U10904,control,mobile,US,6,0,3,0.0
U10905,treatment,desktop,US,4,0,4,0.0
U10906,control,mobile,CA,7,0,2,0.0
U10907,control,console,UK,4,0,4,0.0
U10908,treatment,desktop,FR,8,0,2,0.0
U10909,treatment,mobile,CA,2,1,2,10.09
U10910,treatment,console,US,5,0,0,0.0
U10911,treatment,desktop,DE,3,0,3,0.0
U10912,control,mobile,UK,6,0,1,0.0
U10913,treatment,mobile,US,5,0,4,0.0
U10914,treatment,desktop,UK,3,1,3,4.66
U10915,control,desktop,US,6,1,8,10.36
U10916,control,desktop,CA,7,0,3,0.0
U10917,control,console,UK,3,0,3,0.0
U10918,control,desktop,US,3,1,1,18.85
U10919,control,console,DE,6,1,5,25.56
U10920,control,desktop,US,6,0,3,0.0
U10921,treatment,desktop,US,3,0,2,0.0
U10922,treatment,mobile,US,2,0,7,0.0
U10923,treatment,desktop,US,5,0,4,0.0
U10924,treatment,mobile,UK,5,0,3,0.0
U10925,treatment,desktop,US,9,0,2,0.0
U10926,treatment,mobile,US,4,0,4,0.0
U10927,treatment,desktop,UK,4,0,7,0.0
U10928,treatment,mobile,US,6,0,4,0.0
U10929,control,desktop,US,3,0,2,0.0
U10930,treatment,mobile,US,6,0,1,0.0
U10931,treatment,console,US,2,0,1,0.0
U10932,treatment,mobile,US,3,0,2,0.0
U10933,control,desktop,FR,3,0,3,0.0
U10934,control,desktop,US,6,0,3,0.0
U10935,treatment,mobile,US,4,0,3,0.0
U10936,control,console,US,2,0,4,0.0
U10937,treatment,console,US,3,1,2,35.6
U10938,control,console,FR,8,0,4,0.0
U10939,control,console,DE,6,0,1,0.0
U10940,control,mobile,UK,4,0,4,0.0
U10941,control,console,US,7,0,6,0.0
U10942,control,console,UK,5,1,4,19.21
U10943,control,console,DE,2,0,1,0.0
U10944,control,console,CA,9,0,8,0.0
U10945,treatment,desktop,DE,4,0,7,0.0
U10946,treatment,desktop,US,5,0,7,0.0
U10947,control,desktop,UK,4,1,3,8.33
U10948,control,mobile,US,5,0,2,0.0
U10949,control,desktop,US,5,0,5,0.0
U10950,control,mobile,FR,6,0,4,0.0
U10951,control,desktop,US,4,0,2,0.0
U10952,treatment,desktop,CA,5,0,4,0.0
U10953,treatment,mobile,US,7,0,2,0.0
U10954,treatment,mobile,UK,4,0,3,0.0
U10955,treatment,mobile,DE,4,1,5,7.49
U10956,control,desktop,US,3,0,8,0.0
U10957,treatment,mobile,US,8,0,3,0.0
U10958,control,mobile,UK,10,0,4,0.0
U10959,treatment,mobile,US,3,0,2,0.0
U10960,treatment,mobile,US,5,1,2,21.38
U10961,control,mobile,CA,5,0,1,0.0
U10962,treatment,mobile,FR,5,0,8,0.0
U10963,control,desktop,DE,2,1,4,27.51
U10964,treatment,desktop,US,4,0,4,0.0
U10965,treatment,console,UK,9,1,7,16.19
U10966,control,mobile,DE,8,0,1,0.0
U10967,control,mobile,UK,9,0,2,0.0
U10968,treatment,mobile,US,3,0,5,0.0
U10969,treatment,desktop,UK,5,0,2,0.0
U10970,treatment,mobile,US,7,0,3,0.0
U10971,treatment,mobile,US,4,0,4,0.0
U10972,control,desktop,US,6,0,3,0.0
U10973,treatment,mobile,DE,7,0,3,0.0
U10974,treatment,desktop,US,7,0,3,0.0
U10975,control,desktop,US,5,0,7,0.0
U10976,control,console,US,5,0,2,0.0
U10977,treatment,mobile,DE,6,0,3,0.0
U10978,control,mobile,UK,5,0,2,0.0
U10979,control,desktop,FR,4,0,4,0.0
U10980,control,mobile,US,7,0,3,0.0
U10981,treatment,mobile,UK,9,0,0,0.0
U10982,treatment,desktop,US,9,0,4,0.0
U10983,control,mobile,US,5,1,4,9.83
U10984,control,mobile,US,6,0,1,0.0
U10985,treatment,desktop,UK,5,0,4,0.0
U10986,treatment,console,US,8,0,6,0.0
U10987,control,mobile,US,5,0,5,0.0
U10988,treatment,desktop,UK,5,0,2,0.0
U10989,treatment,console,US,2,0,3,0.0
U10990,treatment,mobile,FR,5,0,4,0.0
U10991,control,desktop,FR,5,0,5,0.0
U10992,treatment,mobile,US,6,0,2,0.0
U10993,control,console,CA,7,0,6,0.0
U10994,treatment,mobile,UK,8,0,3,0.0
U10995,control,mobile,FR,4,0,3,0.0
U10996,control,console,CA,3,0,6,0.0
U10997,control,desktop,US,4,0,2,0.0
U10998,control,mobile,UK,7,0,3,0.0
U10999,control,console,CA,5,0,2,0.0
U11000,treatment,console,US,2,0,5,0.0
U11001,control,desktop,UK,4,1,5,15.61
U11002,treatment,mobile,FR,1,0,3,0.0
U11003,control,mobile,US,4,0,1,0.0
U11004,treatment,console,US,4,0,4,0.0
U11005,control,mobile,US,5,0,5,0.0
U11006,treatment,mobile,CA,5,0,3,0.0
U11007,control,mobile,US,2,0,5,0.0
U11008,control,mobile,FR,4,0,2,0.0
U11009,control,desktop,UK,4,0,3,0.0
U11010,treatment,mobile,DE,7,1,4,13.95
U11011,control,mobile,US,6,0,9,0.0
U11012,control,mobile,US,7,0,3,0.0
U11013,treatment,mobile,US,7,0,2,0.0
U11014,treatment,mobile,UK,6,0,7,0.0
U11015,treatment,mobile,US,3,1,3,46.95
U11016,treatment,desktop,DE,3,0,5,0.0
U11017,treatment,mobile,US,6,0,6,0.0
U11018,treatment,mobile,DE,4,1,5,11.7
U11019,control,desktop,FR,3,0,3,0.0
U11020,treatment,desktop,DE,5,0,9,0.0
U11021,treatment,desktop,FR,6,0,3,0.0
U11022,treatment,console,US,4,0,2,0.0
U11023,control,mobile,CA,2,0,3,0.0
U11024,treatment,mobile,FR,6,0,4,0.0
U11025,control,mobile,US,3,0,2,0.0
U11026,treatment,mobile,DE,8,0,1,0.0
U11027,control,console,DE,5,0,3,0.0
U11028,treatment,desktop,FR,6,0,4,0.0
U11029,control,console,US,4,1,0,15.64
U11030,treatment,console,US,4,0,2,0.0
U11031,treatment,console,FR,3,0,2,0.0
U11032,treatment,mobile,CA,6,1,4,27.29
U11033,treatment,console,US,5,0,2,0.0
U11034,treatment,mobile,US,8,0,2,0.0
U11035,control,mobile,US,3,0,3,0.0
U11036,treatment,desktop,DE,4,0,6,0.0
U11037,treatment,console,UK,3,0,5,0.0
U11038,treatment,console,CA,3,0,2,0.0
U11039,treatment,mobile,US,4,0,6,0.0
U11040,treatment,console,US,4,0,2,0.0
U11041,treatment,desktop,UK,5,0,4,0.0
U11042,control,desktop,US,6,1,3,22.93
U11043,control,mobile,US,7,0,3,0.0
U11044,treatment,mobile,DE,5,0,4,0.0
U11045,control,mobile,US,8,0,6,0.0
U11046,control,console,US,5,0,5,0.0
U11047,control,console,US,4,0,5,0.0
U11048,treatment,mobile,UK,5,0,1,0.0
U11049,control,mobile,US,6,0,2,0.0
U11050,treatment,mobile,US,7,0,0,0.0
U11051,control,console,FR,9,0,3,0.0
U11052,control,desktop,UK,4,0,1,0.0
U11053,control,desktop,DE,5,0,4,0.0
U11054,control,mobile,UK,5,0,7,0.0
U11055,treatment,mobile,UK,6,0,1,0.0
U11056,control,console,US,3,0,4,0.0
U11057,control,desktop,US,3,0,4,0.0
U11058,treatment,mobile,UK,7,1,6,27.07
U11059,control,mobile,FR,3,1,3,18.49
U11060,treatment,mobile,US,2,0,2,0.0
U11061,control,mobile,US,5,1,0,20.17
U11062,treatment,mobile,CA,6,0,8,0.0
U11063,treatment,desktop,US,4,0,3,0.0
U11064,treatment,mobile,DE,2,1,6,46.65
U11065,treatment,mobile,DE,5,0,3,0.0
U11066,treatment,desktop,US,6,1,4,22.31
U11067,treatment,mobile,UK,2,0,4,0.0
U11068,control,desktop,FR,2,0,3,0.0
U11069,control,console,US,5,0,6,0.0
U11070,treatment,mobile,US,6,1,2,10.59
U11071,control,console,US,4,0,5,0.0
U11072,treatment,mobile,UK,8,0,1,0.0
U11073,treatment,mobile,FR,8,1,5,7.73
U11074,treatment,mobile,FR,2,1,2,7.65
U11075,treatment,desktop,FR,10,0,2,0.0
U11076,treatment,mobile,UK,3,0,2,0.0
U11077,treatment,console,CA,5,1,2,23.29
U11078,treatment,mobile,DE,8,0,3,0.0
U11079,control,desktop,US,5,0,3,0.0
U11080,treatment,mobile,DE,8,1,2,10.43
U11081,control,mobile,FR,6,0,5,0.0
U11082,treatment,desktop,US,5,1,2,18.95
U11083,treatment,mobile,US,7,0,5,0.0
U11084,control,mobile,US,4,0,5,0.0
U11085,control,desktop,UK,5,0,4,0.0
U11086,control,desktop,UK,5,0,4,0.0
U11087,treatment,desktop,US,11,0,3,0.0
U11088,control,mobile,US,4,0,3,0.0
U11089,control,mobile,DE,3,0,8,0.0
U11090,control,mobile,FR,3,0,3,0.0
U11091,control,mobile,US,4,0,2,0.0
U11092,treatment,mobile,US,4,0,2,0.0
U11093,treatment,mobile,DE,5,0,8,0.0
U11094,treatment,mobile,US,3,0,2,0.0
U11095,treatment,desktop,FR,4,0,3,0.0
U11096,control,mobile,US,3,0,7,0.0
U11097,treatment,mobile,FR,6,0,4,0.0
U11098,control,mobile,UK,6,0,4,0.0
U11099,treatment,mobile,DE,4,0,3,0.0
U11100,treatment,console,US,7,0,9,0.0
U11101,control,mobile,UK,3,0,3,0.0
U11102,control,mobile,US,3,1,2,9.23
U11103,control,console,US,9,0,6,0.0
U11104,control,mobile,US,3,0,3,0.0
U11105,control,mobile,US,3,0,0,0.0
U11106,control,console,US,7,0,5,0.0
U11107,control,desktop,US,6,0,0,0.0
U11108,control,console,US,5,0,5,0.0
U11109,control,console,UK,5,0,5,0.0
U11110,treatment,desktop,US,2,0,0,0.0
U11111,control,mobile,US,8,1,3,24.66
U11112,treatment,desktop,US,3,0,6,0.0
U11113,control,mobile,US,8,0,4,0.0
U11114,treatment,desktop,UK,6,1,6,24.92
U11115,control,console,US,6,0,2,0.0
U11116,treatment,mobile,UK,6,0,2,0.0
U11117,treatment,console,US,4,0,2,0.0
U11118,control,desktop,DE,9,0,3,0.0
U11119,control,mobile,DE,4,0,3,0.0
U11120,control,console,UK,5,0,4,0.0
U11121,control,desktop,US,4,0,3,0.0
U11122,treatment,mobile,US,3,0,2,0.0
U11123,treatment,desktop,US,4,1,5,6.54
U11124,treatment,mobile,DE,5,0,4,0.0
U11125,treatment,mobile,DE,4,0,3,0.0
U11126,control,desktop,UK,7,0,5,0.0
U11127,treatment,console,DE,5,0,6,0.0
U11128,treatment,desktop,FR,9,0,2,0.0
U11129,control,console,CA,8,0,4,0.0
U11130,treatment,console,UK,4,0,4,0.0
U11131,treatment,mobile,FR,4,0,2,0.0
U11132,control,console,UK,6,0,4,0.0
U11133,treatment,console,US,3,0,2,0.0
U11134,control,mobile,US,2,0,2,0.0
U11135,control,mobile,US,4,0,9,0.0
U11136,treatment,desktop,US,5,0,3,0.0
U11137,control,console,UK,6,0,3,0.0
U11138,control,console,DE,4,0,2,0.0
U11139,control,desktop,US,3,0,2,0.0
U11140,control,console,DE,7,0,6,0.0
U11141,treatment,desktop,US,5,0,5,0.0
U11142,control,console,US,8,0,6,0.0
U11143,control,desktop,US,3,0,4,0.0
U11144,control,console,DE,6,0,2,0.0
U11145,control,console,UK,5,0,2,0.0
U11146,control,mobile,CA,1,1,2,23.4
U11147,control,console,US,3,0,2,0.0
U11148,treatment,desktop,DE,10,0,2,0.0
U11149,control,mobile,US,5,0,2,0.0
U11150,control,mobile,DE,6,0,2,0.0
U11151,control,desktop,DE,5,0,4,0.0
U11152,control,mobile,FR,8,0,2,0.0
U11153,treatment,mobile,UK,5,0,2,0.0
U11154,control,desktop,UK,2,0,2,0.0
U11155,control,mobile,US,8,1,6,28.3
U11156,treatment,mobile,CA,4,0,2,0.0
U11157,treatment,console,US,6,0,2,0.0
U11158,treatment,mobile,US,2,0,4,0.0
U11159,control,desktop,US,5,0,2,0.0
U11160,treatment,mobile,US,8,1,8,12.59
U11161,treatment,console,CA,5,0,2,0.0
U11162,treatment,mobile,DE,6,0,3,0.0
U11163,control,console,UK,3,0,3,0.0
U11164,control,desktop,FR,4,0,2,0.0
U11165,treatment,console,CA,5,0,2,0.0
U11166,control,desktop,DE,7,0,2,0.0
U11167,treatment,desktop,US,10,0,4,0.0
U11168,treatment,mobile,DE,2,0,3,0.0
U11169,control,desktop,DE,6,0,1,0.0
U11170,control,desktop,FR,4,0,3,0.0
U11171,treatment,desktop,DE,6,0,1,0.0
U11172,treatment,mobile,US,4,0,5,0.0
U11173,treatment,desktop,UK,3,0,5,0.0
U11174,treatment,desktop,US,2,0,2,0.0
U11175,control,desktop,UK,7,1,4,3.36
U11176,control,desktop,DE,1,0,5,0.0
U11177,treatment,mobile,CA,4,0,1,0.0
U11178,control,desktop,UK,7,0,4,0.0
U11179,treatment,mobile,US,4,0,1,0.0
U11180,control,console,DE,2,1,3,10.44
U11181,control,console,UK,5,0,3,0.0
U11182,control,mobile,US,7,0,3,0.0
U11183,treatment,mobile,FR,8,0,2,0.0
U11184,control,desktop,US,5,0,3,0.0
U11185,control,console,DE,3,0,2,0.0
U11186,treatment,mobile,DE,5,0,5,0.0
U11187,treatment,mobile,DE,5,0,0,0.0
U11188,control,mobile,US,2,0,6,0.0
U11189,treatment,console,UK,6,0,5,0.0
U11190,control,mobile,UK,3,0,0,0.0
U11191,control,console,US,6,0,4,0.0
U11192,control,desktop,UK,3,0,1,0.0
U11193,treatment,console,DE,4,0,4,0.0
U11194,control,console,US,6,0,3,0.0
U11195,treatment,desktop,FR,2,0,4,0.0
U11196,treatment,desktop,FR,6,0,3,0.0
U11197,treatment,desktop,US,6,0,3,0.0
U11198,control,console,US,5,0,4,0.0
U11199,control,desktop,UK,5,0,3,0.0
U11200,treatment,mobile,FR,8,0,4,0.0
U11201,treatment,console,US,2,0,5,0.0
U11202,control,mobile,US,2,0,4,0.0
U11203,treatment,console,DE,6,0,6,0.0
U11204,control,mobile,US,7,0,5,0.0
U11205,control,desktop,US,6,1,4,18.39
U11206,control,console,US,4,0,0,0.0
U11207,treatment,desktop,US,8,1,8,2.96
U11208,control,desktop,FR,5,0,2,0.0
U11209,treatment,mobile,DE,8,1,5,28.74
U11210,control,mobile,US,5,0,8,0.0
U11211,control,mobile,DE,4,0,1,0.0
U11212,treatment,desktop,UK,3,0,6,0.0
U11213,control,mobile,US,2,0,2,0.0
U11214,control,mobile,DE,3,0,2,0.0
U11215,treatment,mobile,US,4,0,4,0.0
U11216,treatment,console,DE,3,0,1,0.0
U11217,control,console,US,3,1,4,20.5
U11218,control,mobile,US,9,0,3,0.0
U11219,treatment,console,US,7,0,6,0.0
U11220,treatment,desktop,DE,4,0,3,0.0
U11221,treatment,mobile,UK,3,0,1,0.0
U11222,control,mobile,FR,4,0,4,0.0
U11223,control,console,UK,5,0,4,0.0
U11224,control,mobile,UK,2,0,2,0.0
U11225,control,mobile,FR,4,0,4,0.0
U11226,control,console,US,6,0,7,0.0
U11227,control,desktop,US,6,0,4,0.0
U11228,treatment,console,US,7,0,4,0.0
U11229,treatment,desktop,UK,4,0,6,0.0
U11230,control,desktop,DE,6,0,5,0.0
U11231,control,mobile,DE,6,0,5,0.0
U11232,treatment,console,UK,8,0,4,0.0
U11233,control,mobile,FR,7,0,7,0.0
U11234,control,mobile,UK,8,0,6,0.0
U11235,treatment,console,FR,2,0,3,0.0
U11236,treatment,mobile,DE,4,0,5,0.0
U11237,treatment,mobile,CA,5,0,6,0.0
U11238,control,mobile,FR,5,0,4,0.0
U11239,control,console,FR,5,1,4,17.91
U11240,treatment,console,CA,5,0,5,0.0
U11241,control,mobile,FR,8,0,3,0.0
U11242,treatment,mobile,FR,1,1,4,28.15
U11243,control,desktop,UK,6,1,2,15.8
U11244,control,desktop,FR,5,0,1,0.0
U11245,control,mobile,DE,3,0,4,0.0
U11246,control,mobile,CA,4,0,3,0.0
U11247,control,desktop,DE,4,0,2,0.0
U11248,treatment,mobile,US,4,0,5,0.0
U11249,control,console,UK,4,1,9,3.05
U11250,control,mobile,US,5,0,4,0.0
U11251,treatment,console,US,5,0,3,0.0
U11252,treatment,desktop,DE,5,0,6,0.0
U11253,treatment,desktop,US,7,0,3,0.0
U11254,control,console,US,6,0,8,0.0
U11255,treatment,mobile,US,4,0,6,0.0
U11256,control,mobile,FR,5,0,5,0.0
U11257,treatment,desktop,US,4,1,7,7.26
U11258,treatment,console,UK,2,0,1,0.0
U11259,control,console,US,8,0,5,0.0
U11260,treatment,mobile,UK,4,0,3,0.0
U11261,treatment,console,DE,4,0,1,0.0
U11262,treatment,mobile,FR,4,0,5,0.0
U11263,control,mobile,UK,7,0,1,0.0
U11264,treatment,mobile,FR,2,1,4,24.81
U11265,control,console,DE,8,0,4,0.0
U11266,treatment,desktop,UK,4,0,1,0.0
U11267,control,desktop,US,4,0,2,0.0
U11268,treatment,desktop,US,7,0,6,0.0
U11269,treatment,mobile,US,5,0,2,0.0
U11270,control,mobile,US,5,0,3,0.0
U11271,control,mobile,CA,7,0,3,0.0
U11272,treatment,mobile,US,1,0,7,0.0
U11273,control,desktop,CA,7,0,3,0.0
U11274,treatment,mobile,US,7,0,3,0.0
U11275,control,console,US,7,0,4,0.0
U11276,control,console,DE,3,0,4,0.0
U11277,treatment,console,FR,3,0,0,0.0
U11278,treatment,mobile,CA,6,0,1,0.0
U11279,control,desktop,UK,6,0,3,0.0
U11280,treatment,mobile,US,8,1,5,11.85
U11281,control,mobile,UK,5,0,4,0.0
U11282,control,desktop,UK,4,0,1,0.0
U11283,treatment,mobile,UK,7,1,4,28.07
U11284,control,desktop,DE,5,0,4,0.0
U11285,treatment,console,UK,2,0,8,0.0
U11286,control,mobile,FR,7,1,6,3.61
U11287,control,console,FR,1,0,4,0.0
U11288,control,mobile,US,4,0,1,0.0
U11289,control,console,US,5,0,1,0.0
U11290,control,desktop,DE,4,0,2,0.0
U11291,control,mobile,UK,6,0,6,0.0
U11292,control,mobile,US,4,0,5,0.0
U11293,treatment,mobile,UK,2,0,2,0.0
U11294,treatment,console,UK,4,0,2,0.0
U11295,treatment,mobile,US,7,0,4,0.0
U11296,treatment,console,US,5,0,8,0.0
U11297,treatment,mobile,US,8,0,2,0.0
U11298,control,console,DE,3,0,0,0.0
U11299,treatment,mobile,DE,4,0,3,0.0
U11300,control,desktop,US,5,0,1,0.0
U11301,treatment,console,UK,4,0,4,0.0
U11302,treatment,mobile,UK,5,1,4,31.34
U11303,treatment,mobile,US,2,0,2,0.0
U11304,control,desktop,US,8,0,3,0.0
U11305,treatment,desktop,FR,5,0,7,0.0
U11306,treatment,console,UK,5,0,5,0.0
U11307,control,mobile,FR,2,0,2,0.0
U11308,control,console,US,4,0,8,0.0
U11309,control,console,US,4,0,2,0.0
U11310,treatment,console,FR,3,0,1,0.0
U11311,control,mobile,FR,1,1,6,5.66
U11312,control,mobile,US,4,0,5,0.0
U11313,control,console,UK,6,0,4,0.0
U11314,control,desktop,US,4,0,2,0.0
U11315,control,desktop,FR,8,0,1,0.0
U11316,treatment,console,US,3,0,1,0.0
U11317,control,mobile,UK,5,0,1,0.0
U11318,control,console,US,4,0,2,0.0
U11319,control,desktop,DE,5,0,5,0.0
U11320,treatment,console,US,8,0,6,0.0
U11321,treatment,console,US,3,1,4,11.25
U11322,treatment,desktop,FR,7,0,5,0.0
U11323,treatment,mobile,FR,5,1,0,7.78
U11324,treatment,console,DE,5,0,2,0.0
U11325,treatment,console,UK,6,0,2,0.0
U11326,treatment,mobile,US,5,0,5,0.0
U11327,treatment,console,DE,4,0,1,0.0
U11328,control,mobile,FR,6,0,0,0.0
U11329,control,mobile,US,2,0,4,0.0
U11330,control,console,US,2,0,1,0.0
U11331,treatment,desktop,FR,5,0,4,0.0
U11332,treatment,console,US,6,0,3,0.0
U11333,control,console,CA,5,1,3,10.35
U11334,treatment,desktop,US,1,1,4,50.62
U11335,control,mobile,DE,5,0,6,0.0
U11336,control,console,UK,5,0,3,0.0
U11337,treatment,desktop,US,5,0,3,0.0
U11338,control,desktop,CA,5,0,2,0.0
U11339,control,desktop,DE,3,0,1,0.0
U11340,control,mobile,US,2,0,3,0.0
U11341,treatment,mobile,US,6,0,3,0.0
U11342,control,desktop,UK,5,0,0,0.0
U11343,control,console,FR,3,0,1,0.0
U11344,control,desktop,UK,4,0,2,0.0
U11345,treatment,mobile,US,3,0,1,0.0
U11346,control,mobile,US,5,0,4,0.0
U11347,treatment,console,DE,7,0,3,0.0
U11348,control,mobile,US,5,0,2,0.0
U11349,control,desktop,CA,3,1,4,38.88
U11350,control,desktop,FR,4,1,3,4.13
U11351,control,mobile,CA,5,0,4,0.0
U11352,control,desktop,US,5,0,3,0.0
U11353,control,console,US,8,0,2,0.0
U11354,control,mobile,CA,7,1,4,8.2
U11355,control,mobile,UK,7,0,3,0.0
U11356,control,mobile,CA,7,0,1,0.0
U11357,control,desktop,UK,3,0,5,0.0
U11358,control,console,FR,7,1,1,7.48
U11359,treatment,desktop,FR,4,1,5,18.2
U11360,control,console,DE,5,0,5,0.0
U11361,control,desktop,FR,3,1,4,6.04
U11362,control,mobile,UK,4,0,4,0.0
U11363,treatment,mobile,US,5,0,3,0.0
U11364,treatment,desktop,US,4,0,4,0.0
U11365,treatment,desktop,CA,1,0,0,0.0
U11366,control,desktop,US,3,0,7,0.0
U11367,control,desktop,UK,3,0,4,0.0
U11368,treatment,mobile,US,4,0,3,0.0
U11369,treatment,mobile,FR,3,0,5,0.0
U11370,treatment,desktop,FR,6,0,2,0.0
U11371,treatment,desktop,CA,4,0,4,0.0
U11372,treatment,console,UK,7,0,4,0.0
U11373,treatment,mobile,DE,7,1,8,16.4
U11374,control,console,US,4,0,5,0.0
U11375,treatment,mobile,DE,6,0,4,0.0
U11376,control,mobile,FR,7,0,2,0.0
U11377,treatment,console,US,2,0,4,0.0
U11378,treatment,console,US,3,0,3,0.0
U11379,control,console,US,3,0,6,0.0
U11380,control,mobile,US,4,0,3,0.0
U11381,treatment,mobile,US,4,0,8,0.0
U11382,control,console,US,2,1,3,13.64
U11383,treatment,console,US,2,0,1,0.0
U11384,control,desktop,US,6,0,3,0.0
U11385,treatment,mobile,US,5,1,7,18.09
U11386,treatment,desktop,DE,5,0,3,0.0
U11387,treatment,mobile,CA,4,1,6,28.44
U11388,treatment,mobile,US,5,0,5,0.0
U11389,treatment,desktop,DE,6,0,3,0.0
U11390,control,mobile,CA,6,0,0,0.0
U11391,control,desktop,US,7,0,3,0.0
U11392,treatment,desktop,FR,3,1,5,14.45
U11393,control,mobile,CA,3,1,2,3.72
U11394,control,mobile,FR,2,1,7,17.96
U11395,treatment,console,UK,5,0,1,0.0
U11396,control,desktop,UK,6,0,2,0.0
U11397,control,console,US,7,0,4,0.0
U11398,treatment,mobile,DE,6,0,1,0.0
U11399,treatment,desktop,DE,4,0,3,0.0
U11400,control,console,UK,3,0,4,0.0
U11401,treatment,mobile,US,4,1,1,22.53
U11402,treatment,mobile,US,2,0,1,0.0
U11403,treatment,console,DE,6,0,1,0.0
U11404,treatment,mobile,US,6,0,3,0.0
U11405,control,mobile,US,3,0,1,0.0
U11406,control,console,US,6,0,3,0.0
U11407,control,mobile,UK,3,0,4,0.0
U11408,control,desktop,DE,6,0,4,0.0
U11409,treatment,console,US,4,0,1,0.0
U11410,treatment,console,US,2,0,1,0.0
U11411,treatment,mobile,FR,6,0,1,0.0
U11412,control,mobile,UK,5,0,1,0.0
U11413,treatment,console,US,3,1,2,39.19
U11414,treatment,console,CA,8,0,6,0.0
U11415,control,mobile,DE,4,0,0,0.0
U11416,control,mobile,US,5,0,5,0.0
U11417,treatment,desktop,DE,4,0,8,0.0
U11418,control,mobile,US,3,0,3,0.0
U11419,treatment,console,DE,3,0,0,0.0
U11420,treatment,console,FR,7,0,5,0.0
U11421,treatment,mobile,UK,3,1,2,28.44
U11422,control,console,DE,6,0,2,0.0
U11423,treatment,console,US,7,0,4,0.0
U11424,control,desktop,US,6,0,5,0.0
U11425,control,console,US,3,0,3,0.0
U11426,treatment,mobile,CA,4,0,0,0.0
U11427,treatment,console,US,7,0,5,0.0
U11428,treatment,mobile,FR,3,0,2,0.0
U11429,control,desktop,US,6,1,5,12.58
U11430,control,desktop,US,4,1,3,12.83
U11431,treatment,mobile,FR,4,0,2,0.0
U11432,control,desktop,US,1,1,5,2.82
U11433,treatment,desktop,CA,5,0,0,0.0
U11434,control,desktop,DE,3,0,5,0.0
U11435,treatment,desktop,FR,3,0,5,0.0
U11436,control,mobile,UK,6,0,4,0.0
U11437,control,mobile,US,5,0,5,0.0
U11438,treatment,mobile,US,3,0,4,0.0
U11439,treatment,console,CA,4,1,2,42.69
U11440,treatment,console,UK,4,0,4,0.0
U11441,treatment,desktop,DE,5,1,5,17.59
U11442,control,desktop,DE,5,0,3,0.0
U11443,treatment,desktop,FR,3,0,7,0.0
U11444,treatment,mobile,CA,7,0,3,0.0
U11445,control,mobile,FR,2,0,3,0.0
U11446,control,desktop,US,4,0,3,0.0
U11447,control,mobile,FR,5,1,7,13.32
U11448,control,console,US,2,0,2,0.0
U11449,treatment,mobile,DE,7,0,3,0.0
U11450,control,desktop,US,5,0,2,0.0
U11451,treatment,mobile,FR,6,0,4,0.0
U11452,control,desktop,US,4,0,3,0.0
U11453,control,console,FR,3,0,4,0.0
U11454,treatment,mobile,US,4,0,1,0.0
U11455,treatment,mobile,DE,3,0,5,0.0
U11456,control,desktop,UK,9,1,9,15.68
U11457,treatment,mobile,UK,4,0,1,0.0
U11458,treatment,mobile,CA,3,0,3,0.0
U11459,control,desktop,DE,5,0,1,0.0
U11460,control,mobile,UK,6,0,1,0.0
U11461,treatment,mobile,US,2,0,3,0.0
U11462,control,mobile,FR,7,0,6,0.0
U11463,treatment,desktop,US,4,0,5,0.0
U11464,treatment,console,US,6,0,2,0.0
U11465,treatment,mobile,FR,5,0,3,0.0
U11466,control,mobile,UK,6,0,4,0.0
U11467,treatment,desktop,DE,4,0,3,0.0
U11468,treatment,console,US,4,0,2,0.0
U11469,control,mobile,DE,3,0,5,0.0
U11470,treatment,desktop,US,6,1,2,32.79
U11471,control,desktop,UK,6,0,6,0.0
U11472,treatment,mobile,CA,5,0,5,0.0
U11473,treatment,mobile,FR,4,0,5,0.0
U11474,control,desktop,CA,7,1,4,8.22
U11475,control,mobile,FR,5,0,10,0.0
U11476,treatment,mobile,UK,8,0,2,0.0
U11477,treatment,desktop,DE,4,0,3,0.0
U11478,treatment,mobile,US,6,0,1,0.0
U11479,control,mobile,US,6,0,3,0.0
U11480,treatment,mobile,US,4,0,4,0.0
U11481,control,console,UK,4,0,2,0.0
U11482,control,console,UK,1,0,2,0.0
U11483,control,mobile,UK,4,0,5,0.0
U11484,control,mobile,DE,5,0,3,0.0
U11485,control,console,CA,4,0,2,0.0
U11486,treatment,desktop,US,7,0,2,0.0
U11487,control,desktop,UK,5,1,8,21.09
U11488,control,mobile,US,4,0,2,0.0
U11489,control,mobile,DE,6,0,6,0.0
U11490,control,mobile,US,9,0,9,0.0
U11491,control,console,DE,4,0,4,0.0
U11492,treatment,console,US,4,0,3,0.0
U11493,treatment,mobile,FR,8,0,3,0.0
U11494,treatment,desktop,DE,4,0,4,0.0
U11495,treatment,console,US,2,0,3,0.0
U11496,treatment,console,CA,4,0,2,0.0
U11497,control,desktop,US,9,0,2,0.0
U11498,treatment,mobile,US,4,0,2,0.0
U11499,treatment,console,US,6,1,5,32.21
U11500,control,mobile,US,4,0,5,0.0
U11501,control,mobile,CA,4,0,2,0.0
U11502,treatment,mobile,US,3,0,2,0.0
U11503,control,desktop,FR,3,1,3,1.99
U11504,treatment,mobile,DE,6,0,3,0.0
U11505,treatment,desktop,DE,5,0,7,0.0
U11506,treatment,console,UK,5,1,0,15.68
U11507,treatment,desktop,UK,5,0,4,0.0
U11508,control,console,FR,5,0,0,0.0
U11509,control,console,US,4,0,3,0.0
U11510,control,console,CA,11,0,5,0.0
U11511,treatment,desktop,US,7,0,6,0.0
U11512,control,console,US,6,0,5,0.0
U11513,treatment,desktop,CA,7,0,3,0.0
U11514,treatment,mobile,DE,9,0,1,0.0
U11515,control,console,US,3,0,2,0.0
U11516,treatment,desktop,FR,5,0,6,0.0
U11517,control,console,US,3,0,2,0.0
U11518,treatment,mobile,US,5,0,2,0.0
U11519,control,mobile,US,7,0,2,0.0
U11520,control,console,CA,4,0,3,0.0
U11521,control,desktop,CA,12,1,1,17.65
U11522,control,mobile,FR,6,0,4,0.0
U11523,treatment,console,US,2,0,2,0.0
U11524,control,desktop,DE,4,0,5,0.0
U11525,control,mobile,US,2,0,3,0.0
U11526,treatment,desktop,US,4,0,4,0.0
U11527,treatment,mobile,FR,3,1,1,35.19
U11528,treatment,desktop,UK,5,0,2,0.0
U11529,control,mobile,UK,5,0,3,0.0
U11530,treatment,mobile,DE,3,0,5,0.0
U11531,control,console,FR,5,0,2,0.0
U11532,control,mobile,US,3,0,2,0.0
U11533,control,console,DE,4,0,3,0.0
U11534,treatment,desktop,CA,2,0,5,0.0
U11535,control,mobile,UK,4,0,5,0.0
U11536,control,console,FR,6,0,1,0.0
U11537,treatment,mobile,US,2,0,3,0.0
U11538,control,desktop,US,2,0,6,0.0
U11539,treatment,console,UK,3,0,2,0.0
U11540,treatment,console,US,3,1,2,20.19
U11541,treatment,mobile,FR,3,0,2,0.0
U11542,treatment,console,US,3,0,4,0.0
U11543,control,console,UK,7,1,5,25.92
U11544,control,desktop,US,3,0,7,0.0
U11545,treatment,desktop,FR,5,0,3,0.0
U11546,control,mobile,US,9,0,5,0.0
U11547,control,mobile,UK,4,1,1,12.22
U11548,control,desktop,CA,2,0,3,0.0
U11549,treatment,mobile,US,5,0,4,0.0
U11550,treatment,desktop,FR,11,1,5,7.24
U11551,control,mobile,UK,3,0,3,0.0
U11552,control,mobile,US,7,0,5,0.0
U11553,treatment,mobile,US,6,0,9,0.0
U11554,treatment,mobile,FR,7,0,3,0.0
U11555,control,desktop,DE,5,1,4,12.97
U11556,control,desktop,US,4,0,3,0.0
U11557,control,mobile,FR,9,0,2,0.0
U11558,treatment,mobile,FR,8,0,6,0.0
U11559,treatment,mobile,US,4,0,7,0.0
U11560,control,desktop,US,5,0,2,0.0
U11561,control,mobile,US,2,0,3,0.0
U11562,control,desktop,UK,4,0,1,0.0
U11563,control,desktop,FR,4,0,1,0.0
U11564,treatment,mobile,DE,8,0,3,0.0
U11565,treatment,mobile,FR,5,0,2,0.0
U11566,control,mobile,FR,5,0,1,0.0
U11567,treatment,mobile,FR,2,0,1,0.0
U11568,control,mobile,FR,9,1,1,41.55
U11569,control,console,CA,6,0,5,0.0
U11570,treatment,mobile,DE,7,0,4,0.0
U11571,treatment,mobile,FR,6,0,6,0.0
U11572,control,console,FR,4,0,2,0.0
U11573,control,console,US,5,0,1,0.0
U11574,control,desktop,US,4,0,3,0.0
U11575,control,desktop,DE,3,0,3,0.0
U11576,treatment,mobile,UK,7,0,3,0.0
U11577,treatment,console,US,7,1,4,28.65
U11578,control,desktop,UK,4,1,3,6.66
U11579,control,desktop,US,7,0,5,0.0
U11580,control,mobile,US,6,0,3,0.0
U11581,treatment,mobile,US,4,0,5,0.0
U11582,control,desktop,FR,6,0,8,0.0
U11583,control,mobile,DE,2,0,6,0.0
U11584,treatment,desktop,US,3,0,4,0.0
U11585,treatment,mobile,UK,7,0,5,0.0
U11586,control,console,US,3,0,3,0.0
U11587,control,mobile,US,1,0,3,0.0
U11588,treatment,console,FR,10,0,8,0.0
U11589,control,desktop,DE,6,0,3,0.0
U11590,treatment,desktop,UK,4,0,6,0.0
U11591,treatment,mobile,US,6,0,2,0.0
U11592,treatment,desktop,CA,7,1,6,23.63
U11593,treatment,mobile,CA,7,0,3,0.0
U11594,treatment,mobile,DE,4,0,4,0.0
U11595,control,mobile,US,7,0,1,0.0
U11596,treatment,mobile,UK,3,0,3,0.0
U11597,control,console,US,5,0,5,0.0
U11598,treatment,mobile,US,4,0,0,0.0
U11599,control,console,DE,6,0,3,0.0
U11600,treatment,console,UK,10,0,7,0.0
U11601,treatment,desktop,CA,5,0,3,0.0
U11602,treatment,mobile,DE,7,1,5,44.11
U11603,control,desktop,CA,2,0,4,0.0
U11604,treatment,console,FR,6,1,3,20.32
U11605,control,mobile,US,6,0,3,0.0
U11606,control,mobile,DE,4,0,1,0.0
U11607,treatment,mobile,FR,8,0,3,0.0
U11608,control,mobile,US,5,0,2,0.0
U11609,control,mobile,UK,6,0,4,0.0
U11610,control,mobile,US,6,0,4,0.0
U11611,treatment,desktop,US,4,0,3,0.0
U11612,control,desktop,DE,6,1,2,8.4
U11613,control,mobile,US,5,0,2,0.0
U11614,treatment,console,US,4,0,2,0.0
U11615,treatment,mobile,DE,6,0,5,0.0
U11616,control,mobile,FR,3,0,0,0.0
U11617,treatment,mobile,US,2,0,1,0.0
U11618,control,mobile,FR,5,0,2,0.0
U11619,control,desktop,CA,5,0,4,0.0
U11620,treatment,mobile,US,7,0,5,0.0
U11621,treatment,console,US,2,0,5,0.0
U11622,control,console,UK,2,0,4,0.0
U11623,treatment,mobile,DE,8,1,3,15.73
U11624,treatment,console,FR,4,0,4,0.0
U11625,treatment,desktop,UK,4,0,4,0.0
U11626,control,console,FR,4,0,6,0.0
U11627,treatment,mobile,UK,6,0,3,0.0
U11628,control,desktop,FR,5,0,4,0.0
U11629,control,mobile,US,8,0,3,0.0
U11630,treatment,mobile,US,6,1,3,36.4
U11631,treatment,console,CA,4,0,4,0.0
U11632,treatment,mobile,DE,3,0,4,0.0
U11633,control,mobile,UK,5,0,6,0.0
U11634,control,mobile,FR,2,1,2,37.9
U11635,treatment,console,UK,5,1,3,12.46
U11636,control,mobile,CA,5,1,1,25.86
U11637,control,mobile,UK,5,0,6,0.0
U11638,treatment,desktop,US,3,0,5,0.0
U11639,control,mobile,US,5,1,4,9.8
U11640,treatment,mobile,US,6,0,2,0.0
U11641,control,desktop,US,7,0,5,0.0
U11642,control,console,US,4,0,3,0.0
U11643,treatment,console,DE,5,1,2,17.27
U11644,treatment,mobile,UK,5,1,2,8.07
U11645,treatment,mobile,FR,5,0,3,0.0
U11646,treatment,console,UK,6,0,4,0.0
U11647,treatment,mobile,FR,6,0,5,0.0
U11648,control,desktop,DE,4,0,1,0.0
U11649,control,desktop,FR,8,1,2,10.12
U11650,treatment,console,US,3,0,4,0.0
U11651,control,mobile,FR,5,0,4,0.0
U11652,treatment,console,DE,7,0,4,0.0
U11653,treatment,mobile,CA,4,0,2,0.0
U11654,control,desktop,UK,7,0,4,0.0
U11655,treatment,mobile,FR,5,0,4,0.0
U11656,control,desktop,DE,6,1,4,3.06
U11657,control,mobile,CA,5,0,6,0.0
U11658,control,mobile,US,7,0,3,0.0
U11659,treatment,mobile,US,6,0,6,0.0
U11660,control,mobile,FR,5,0,5,0.0
U11661,control,console,US,5,1,3,33.91
U11662,treatment,console,DE,6,0,4,0.0
U11663,treatment,desktop,US,5,0,2,0.0
U11664,treatment,desktop,CA,4,1,5,11.7
U11665,control,mobile,US,6,1,3,31.59
U11666,control,mobile,US,6,0,2,0.0
U11667,control,mobile,FR,8,1,1,22.78
U11668,control,desktop,UK,6,0,6,0.0
U11669,treatment,console,UK,5,0,5,0.0
U11670,treatment,mobile,FR,4,0,3,0.0
U11671,control,mobile,US,7,0,6,0.0
U11672,treatment,mobile,UK,7,0,8,0.0
U11673,treatment,desktop,US,3,0,1,0.0
U11674,treatment,mobile,US,8,0,5,0.0
U11675,control,mobile,CA,5,0,0,0.0
U11676,control,mobile,FR,6,0,2,0.0
U11677,control,mobile,FR,7,0,2,0.0
U11678,treatment,desktop,FR,5,0,5,0.0
U11679,treatment,console,FR,4,0,3,0.0
U11680,treatment,mobile,US,5,1,3,15.12
U11681,control,mobile,DE,4,0,3,0.0
U11682,control,mobile,CA,3,0,2,0.0
U11683,treatment,console,DE,2,1,6,16.87
U11684,treatment,desktop,CA,7,0,1,0.0
U11685,treatment,desktop,FR,4,1,1,10.06
U11686,treatment,desktop,UK,4,0,5,0.0
U11687,control,console,US,6,1,4,34.02
U11688,treatment,mobile,US,5,0,1,0.0
U11689,treatment,mobile,FR,5,0,1,0.0
U11690,control,mobile,CA,7,0,2,0.0
U11691,control,desktop,US,2,0,2,0.0
U11692,control,mobile,UK,5,0,1,0.0
U11693,treatment,console,US,2,1,3,6.22
U11694,control,desktop,UK,4,0,2,0.0
U11695,control,console,US,5,0,5,0.0
U11696,treatment,console,CA,3,1,4,15.49
U11697,control,desktop,US,8,1,8,14.8
U11698,treatment,console,DE,7,0,4,0.0
U11699,control,desktop,FR,7,0,10,0.0
U11700,control,mobile,FR,4,0,4,0.0
U11701,treatment,desktop,UK,6,0,2,0.0
U11702,control,console,US,2,0,3,0.0
U11703,treatment,console,US,5,1,2,72.2
U11704,control,desktop,US,8,0,3,0.0
U11705,control,mobile,UK,2,0,3,0.0
U11706,control,console,US,6,1,3,19.1
U11707,control,mobile,DE,6,0,3,0.0
U11708,control,desktop,US,3,0,3,0.0
U11709,treatment,desktop,DE,4,0,5,0.0
U11710,treatment,desktop,US,3,0,5,0.0
U11711,treatment,mobile,UK,3,1,3,27.93
U11712,control,desktop,US,3,0,2,0.0
U11713,control,mobile,US,5,0,2,0.0
U11714,control,mobile,US,5,0,2,0.0
U11715,treatment,mobile,DE,1,0,2,0.0
U11716,treatment,desktop,US,4,0,2,0.0
U11717,control,mobile,UK,4,1,6,43.13
U11718,treatment,mobile,US,5,1,3,13.45
U11719,treatment,console,UK,7,0,0,0.0
U11720,treatment,desktop,DE,7,0,1,0.0
U11721,control,console,DE,2,1,2,3.73
U11722,treatment,desktop,DE,2,0,3,0.0
U11723,treatment,mobile,DE,9,0,6,0.0
U11724,control,console,US,7,0,3,0.0
U11725,treatment,mobile,UK,3,0,7,0.0
U11726,treatment,console,US,3,0,2,0.0
U11727,treatment,mobile,DE,4,0,4,0.0
U11728,control,console,FR,2,0,2,0.0
U11729,treatment,desktop,DE,5,0,6,0.0
U11730,control,console,DE,8,0,6,0.0
U11731,treatment,mobile,FR,8,0,4,0.0
U11732,control,desktop,FR,4,0,1,0.0
U11733,control,mobile,CA,6,0,3,0.0
U11734,treatment,console,UK,7,0,6,0.0
U11735,treatment,mobile,UK,6,0,1,0.0
U11736,treatment,mobile,US,4,0,1,0.0
U11737,control,desktop,US,7,1,2,6.38
U11738,treatment,desktop,US,4,1,7,41.7
U11739,control,console,DE,5,0,5,0.0
U11740,control,desktop,US,4,0,4,0.0
U11741,treatment,mobile,US,5,0,3,0.0
U11742,control,console,UK,7,0,3,0.0
U11743,control,mobile,US,4,0,1,0.0
U11744,treatment,desktop,DE,7,0,2,0.0
U11745,control,mobile,US,4,0,4,0.0
U11746,treatment,mobile,US,3,0,4,0.0
U11747,treatment,console,US,8,0,7,0.0
U11748,treatment,console,CA,2,0,6,0.0
U11749,control,console,UK,7,0,2,0.0
U11750,treatment,desktop,US,3,0,3,0.0
U11751,treatment,mobile,UK,6,0,5,0.0
U11752,treatment,mobile,US,7,0,9,0.0
U11753,control,mobile,DE,7,0,3,0.0
U11754,control,desktop,US,6,0,3,0.0
U11755,treatment,mobile,US,5,1,3,8.99
U11756,treatment,console,CA,10,1,6,6.96
U11757,treatment,mobile,US,3,0,4,0.0
U11758,treatment,mobile,US,6,1,3,17.25
U11759,treatment,console,CA,7,0,2,0.0
U11760,control,mobile,US,6,0,3,0.0
U11761,control,mobile,UK,6,0,4,0.0
U11762,treatment,desktop,UK,6,0,4,0.0
U11763,control,console,FR,4,0,3,0.0
U11764,treatment,mobile,FR,4,0,3,0.0
U11765,control,mobile,US,3,0,4,0.0
U11766,treatment,mobile,DE,4,0,2,0.0
U11767,control,desktop,UK,5,0,2,0.0
U11768,control,mobile,US,5,0,4,0.0
U11769,control,desktop,CA,8,0,6,0.0
U11770,treatment,desktop,US,4,0,8,0.0
U11771,control,console,US,8,0,1,0.0
U11772,control,desktop,US,7,0,3,0.0
U11773,treatment,desktop,FR,8,0,7,0.0
U11774,treatment,desktop,FR,9,0,4,0.0
U11775,treatment,mobile,DE,7,0,5,0.0
U11776,treatment,mobile,FR,4,0,3,0.0
U11777,control,desktop,FR,4,0,2,0.0
U11778,treatment,mobile,CA,8,0,9,0.0
U11779,control,mobile,DE,3,0,7,0.0
U11780,control,mobile,US,3,0,4,0.0
U11781,control,mobile,CA,9,0,5,0.0
U11782,treatment,mobile,US,6,0,3,0.0
U11783,treatment,desktop,US,4,0,3,0.0
U11784,treatment,console,FR,3,0,3,0.0
U11785,treatment,mobile,CA,5,0,3,0.0
U11786,control,console,US,9,0,2,0.0
U11787,control,mobile,US,3,0,5,0.0
U11788,treatment,console,FR,6,1,2,11.9
U11789,control,desktop,US,3,0,3,0.0
U11790,control,desktop,US,8,0,3,0.0
U11791,control,desktop,UK,3,0,1,0.0
U11792,treatment,desktop,US,3,0,2,0.0
U11793,control,mobile,US,9,0,3,0.0
U11794,control,mobile,US,6,1,3,12.83
U11795,treatment,console,FR,4,0,0,0.0
U11796,control,console,UK,5,1,3,17.3
U11797,treatment,desktop,UK,5,1,4,38.26
U11798,control,console,US,4,0,3,0.0
U11799,treatment,mobile,UK,6,0,6,0.0
U11800,control,desktop,CA,3,0,1,0.0
U11801,control,desktop,US,4,1,6,13.66
U11802,treatment,mobile,FR,5,0,4,0.0
U11803,treatment,console,US,5,0,4,0.0
U11804,control,console,CA,2,0,2,0.0
U11805,treatment,console,US,6,0,2,0.0
U11806,treatment,desktop,CA,10,0,5,0.0
U11807,treatment,mobile,US,6,0,5,0.0
U11808,control,console,DE,4,0,3,0.0
U11809,control,mobile,UK,6,0,1,0.0
U11810,control,console,US,5,0,4,0.0
U11811,control,mobile,US,5,1,4,25.9
U11812,treatment,console,FR,10,0,5,0.0
U11813,control,desktop,US,4,0,4,0.0
U11814,treatment,mobile,DE,4,0,2,0.0
U11815,treatment,mobile,US,4,0,1,0.0
U11816,control,desktop,UK,6,0,4,0.0
U11817,treatment,mobile,DE,7,0,2,0.0
U11818,control,console,US,7,0,4,0.0
U11819,control,mobile,US,4,0,6,0.0
U11820,treatment,mobile,CA,5,0,4,0.0
U11821,treatment,mobile,UK,7,0,2,0.0
U11822,control,mobile,DE,5,1,2,7.9
U11823,control,mobile,UK,6,0,3,0.0
U11824,treatment,console,DE,7,0,4,0.0
U11825,control,desktop,US,4,0,3,0.0
U11826,treatment,console,DE,5,1,3,37.2
U11827,control,mobile,FR,5,0,4,0.0
U11828,control,mobile,UK,9,0,6,0.0
U11829,treatment,mobile,US,7,0,6,0.0
U11830,treatment,desktop,US,1,0,3,0.0
U11831,control,mobile,DE,4,1,8,14.43
U11832,treatment,mobile,US,5,1,1,27.55
U11833,control,desktop,US,2,0,2,0.0
U11834,treatment,mobile,US,5,0,2,0.0
U11835,treatment,desktop,US,3,1,3,12.74
U11836,treatment,desktop,US,7,0,5,0.0
U11837,treatment,desktop,CA,8,0,4,0.0
U11838,control,mobile,CA,5,0,5,0.0
U11839,control,desktop,US,2,0,1,0.0
U11840,treatment,mobile,CA,6,0,5,0.0
U11841,control,mobile,FR,3,0,5,0.0
U11842,control,mobile,US,2,0,6,0.0
U11843,control,mobile,US,4,0,6,0.0
U11844,treatment,desktop,US,4,0,6,0.0
U11845,treatment,desktop,FR,4,0,3,0.0
U11846,treatment,console,FR,8,1,7,12.02
U11847,control,mobile,DE,5,0,9,0.0
U11848,control,mobile,DE,6,0,4,0.0
U11849,control,mobile,DE,9,0,1,0.0
U11850,control,console,US,5,1,6,13.32
U11851,control,mobile,US,5,0,5,0.0
U11852,treatment,mobile,US,7,0,0,0.0
U11853,control,mobile,FR,6,0,6,0.0
U11854,treatment,console,DE,6,0,0,0.0
U11855,treatment,mobile,UK,3,0,1,0.0
U11856,treatment,mobile,UK,6,0,3,0.0
U11857,control,desktop,US,6,0,2,0.0
U11858,treatment,desktop,DE,6,0,1,0.0
U11859,treatment,desktop,US,6,0,5,0.0
U11860,control,console,US,6,0,1,0.0
U11861,treatment,console,FR,9,0,2,0.0
U11862,treatment,desktop,FR,5,0,5,0.0
U11863,control,console,US,6,0,3,0.0
U11864,control,console,DE,3,0,1,0.0
U11865,control,mobile,US,5,0,6,0.0
U11866,control,console,DE,3,0,3,0.0
U11867,control,desktop,US,2,1,5,6.0
U11868,treatment,desktop,US,4,1,4,27.34
U11869,treatment,desktop,DE,7,0,7,0.0
U11870,control,console,US,9,0,6,0.0
U11871,control,console,FR,4,0,1,0.0
U11872,control,mobile,US,9,0,8,0.0
U11873,control,desktop,UK,6,0,3,0.0
U11874,treatment,desktop,CA,7,0,4,0.0
U11875,treatment,console,US,2,0,4,0.0
U11876,treatment,mobile,US,5,0,1,0.0
U11877,treatment,mobile,US,3,1,7,9.39
U11878,treatment,mobile,US,5,0,4,0.0
U11879,control,mobile,DE,7,0,0,0.0
U11880,control,mobile,US,6,1,4,4.3
U11881,control,mobile,CA,4,0,4,0.0
U11882,treatment,mobile,US,5,0,2,0.0
U11883,control,console,US,5,0,6,0.0
U11884,control,mobile,US,4,0,2,0.0
U11885,treatment,mobile,UK,2,0,4,0.0
U11886,control,console,UK,5,0,8,0.0
U11887,treatment,mobile,US,7,0,6,0.0
U11888,treatment,desktop,UK,4,0,4,0.0
U11889,treatment,console,FR,6,0,3,0.0
U11890,treatment,mobile,FR,6,0,4,0.0
U11891,control,desktop,US,5,0,2,0.0
U11892,treatment,mobile,US,6,0,6,0.0
U11893,control,mobile,DE,8,0,9,0.0
U11894,treatment,desktop,UK,5,0,7,0.0
U11895,treatment,mobile,US,4,0,2,0.0
U11896,treatment,desktop,CA,4,1,4,6.22
U11897,treatment,desktop,US,10,0,3,0.0
U11898,control,mobile,UK,2,1,1,38.17
U11899,treatment,mobile,US,4,0,2,0.0
U11900,treatment,desktop,US,3,0,2,0.0
U11901,treatment,mobile,FR,2,0,9,0.0
U11902,treatment,desktop,US,5,0,7,0.0
U11903,control,console,US,4,0,1,0.0
U11904,control,console,US,6,0,6,0.0
U11905,control,mobile,FR,6,0,2,0.0
U11906,treatment,mobile,US,7,0,1,0.0
U11907,control,desktop,US,4,1,4,14.9
U11908,treatment,desktop,UK,7,0,3,0.0
U11909,treatment,console,UK,4,0,8,0.0
U11910,treatment,desktop,CA,4,0,2,0.0
U11911,control,mobile,US,8,0,7,0.0
U11912,treatment,mobile,UK,2,0,5,0.0
U11913,control,console,CA,8,0,3,0.0
U11914,treatment,desktop,CA,3,0,2,0.0
U11915,control,console,US,7,1,2,12.95
U11916,control,desktop,US,6,0,5,0.0
U11917,treatment,console,CA,7,0,7,0.0
U11918,control,desktop,UK,7,0,4,0.0
U11919,control,console,US,7,0,4,0.0
U11920,control,console,US,4,0,4,0.0
U11921,treatment,console,FR,4,0,1,0.0
U11922,treatment,console,US,3,0,1,0.0
U11923,treatment,desktop,US,6,0,4,0.0
U11924,control,desktop,DE,2,0,1,0.0
U11925,treatment,desktop,FR,4,0,6,0.0
U11926,control,console,UK,5,0,1,0.0
U11927,control,console,UK,4,0,3,0.0
U11928,treatment,console,DE,3,1,4,8.0
U11929,treatment,mobile,US,4,0,2,0.0
U11930,treatment,console,DE,2,0,4,0.0
U11931,treatment,console,UK,2,0,5,0.0
U11932,treatment,desktop,FR,5,0,3,0.0
U11933,treatment,desktop,US,4,0,1,0.0
U11934,control,console,US,2,0,3,0.0
U11935,control,console,UK,3,0,0,0.0
U11936,treatment,desktop,US,3,0,1,0.0
U11937,control,desktop,US,6,0,4,0.0
U11938,treatment,desktop,US,7,0,3,0.0
U11939,treatment,desktop,FR,8,0,8,0.0
U11940,control,mobile,DE,6,0,4,0.0
U11941,treatment,mobile,US,3,1,7,21.88
U11942,treatment,console,FR,8,0,4,0.0
U11943,treatment,console,UK,5,0,6,0.0
U11944,treatment,mobile,DE,4,0,1,0.0
U11945,treatment,console,US,6,0,3,0.0
U11946,control,desktop,US,4,0,2,0.0
U11947,control,mobile,DE,6,0,4,0.0
U11948,control,desktop,CA,8,0,5,0.0
U11949,treatment,mobile,US,6,0,2,0.0
U11950,control,mobile,DE,7,1,6,18.86
U11951,treatment,console,US,9,0,3,0.0
U11952,control,desktop,US,5,0,0,0.0
U11953,treatment,mobile,US,4,0,5,0.0
U11954,control,desktop,US,5,0,2,0.0
U11955,treatment,desktop,US,8,0,3,0.0
U11956,treatment,desktop,FR,4,0,3,0.0
U11957,treatment,mobile,US,8,0,2,0.0
U11958,treatment,mobile,US,2,0,2,0.0
U11959,treatment,desktop,US,2,0,8,0.0
U11960,treatment,desktop,US,8,0,3,0.0
U11961,control,console,US,3,0,4,0.0
U11962,control,mobile,US,4,0,1,0.0
U11963,control,console,US,8,1,5,43.82
U11964,treatment,console,DE,4,0,4,0.0
U11965,control,mobile,DE,4,0,3,0.0
U11966,control,mobile,US,2,0,3,0.0
U11967,treatment,desktop,UK,9,0,7,0.0
U11968,treatment,console,US,4,0,2,0.0
U11969,treatment,mobile,US,6,0,4,0.0
U11970,control,mobile,US,7,0,3,0.0
U11971,treatment,desktop,US,6,1,5,10.21
U11972,control,console,UK,4,0,2,0.0
U11973,treatment,mobile,US,7,0,2,0.0
U11974,treatment,mobile,US,5,0,2,0.0
U11975,treatment,mobile,CA,2,0,4,0.0
U11976,treatment,console,FR,6,0,4,0.0
U11977,treatment,desktop,CA,3,0,1,0.0
U11978,treatment,desktop,DE,4,1,7,15.29
U11979,treatment,console,CA,5,0,6,0.0
U11980,control,desktop,UK,5,0,5,0.0
U11981,control,console,US,8,0,5,0.0
U11982,treatment,mobile,DE,7,1,3,14.28
U11983,control,mobile,US,4,0,2,0.0
U11984,treatment,mobile,US,4,0,2,0.0
U11985,control,mobile,DE,3,0,3,0.0
U11986,control,console,CA,4,0,8,0.0
U11987,treatment,desktop,US,3,0,3,0.0
U11988,treatment,mobile,US,4,0,4,0.0
U11989,control,console,UK,1,0,1,0.0
U11990,control,desktop,UK,5,0,3,0.0
U11991,treatment,desktop,FR,6,0,3,0.0
U11992,control,mobile,US,2,0,2,0.0
U11993,treatment,console,US,4,0,5,0.0
U11994,treatment,desktop,FR,7,0,4,0.0
U11995,treatment,console,US,6,0,5,0.0
U11996,control,console,FR,5,0,4,0.0
U11997,treatment,desktop,FR,5,0,2,0.0
U11998,treatment,mobile,DE,4,0,6,0.0
U11999,treatment,desktop,CA,3,1,5,21.14
U12000,treatment,mobile,FR,6,0,8,0.0
U12001,control,console,UK,7,0,2,0.0
U12002,treatment,mobile,US,4,0,3,0.0
U12003,treatment,mobile,CA,1,0,4,0.0
U12004,control,desktop,DE,6,0,3,0.0
U12005,treatment,desktop,US,3,0,3,0.0
U12006,control,desktop,FR,5,0,0,0.0
U12007,treatment,console,DE,7,0,2,0.0
U12008,treatment,console,US,5,0,4,0.0
U12009,treatment,console,US,2,0,4,0.0
U12010,treatment,desktop,FR,6,0,3,0.0
U12011,treatment,desktop,FR,4,1,4,18.26
U12012,treatment,console,CA,4,0,4,0.0
U12013,treatment,mobile,FR,5,0,4,0.0
U12014,control,mobile,UK,5,0,5,0.0
U12015,control,mobile,US,5,0,6,0.0
U12016,control,desktop,US,6,0,1,0.0
U12017,treatment,desktop,US,4,0,5,0.0
U12018,treatment,mobile,FR,4,0,4,0.0
U12019,treatment,mobile,UK,2,0,2,0.0
U12020,control,mobile,US,7,0,2,0.0
U12021,control,desktop,FR,3,0,3,0.0
U12022,treatment,mobile,FR,4,0,2,0.0
U12023,treatment,console,US,7,0,3,0.0
U12024,control,console,UK,4,0,2,0.0
U12025,control,console,US,3,1,5,5.95
U12026,control,console,US,7,0,5,0.0
U12027,treatment,console,FR,6,0,7,0.0
U12028,control,desktop,US,6,0,6,0.0
U12029,control,desktop,US,3,0,2,0.0
U12030,control,console,DE,2,0,7,0.0
U12031,treatment,desktop,US,8,0,4,0.0
U12032,control,mobile,FR,4,0,3,0.0
U12033,control,mobile,UK,6,0,4,0.0
U12034,control,desktop,US,3,0,3,0.0
U12035,treatment,console,US,5,0,8,0.0
U12036,treatment,desktop,US,1,0,3,0.0
U12037,control,mobile,US,5,0,4,0.0
U12038,treatment,desktop,US,8,0,4,0.0
U12039,control,console,DE,9,0,5,0.0
U12040,treatment,console,UK,4,1,5,21.83
U12041,control,desktop,US,7,0,1,0.0
U12042,control,mobile,UK,6,0,2,0.0
U12043,treatment,mobile,US,3,0,2,0.0
U12044,control,console,US,6,0,1,0.0
U12045,control,mobile,UK,6,0,5,0.0
U12046,control,console,UK,6,0,4,0.0
U12047,control,mobile,CA,3,0,7,0.0
U12048,treatment,console,US,4,0,1,0.0
U12049,control,mobile,FR,5,0,0,0.0
U12050,treatment,desktop,DE,2,0,2,0.0
U12051,control,desktop,UK,6,0,1,0.0
U12052,control,console,US,6,0,3,0.0
U12053,control,console,US,6,0,4,0.0
U12054,control,mobile,UK,8,0,3,0.0
U12055,treatment,mobile,UK,2,0,1,0.0
U12056,treatment,mobile,US,3,1,4,9.21
U12057,treatment,desktop,US,3,0,1,0.0
U12058,control,desktop,US,6,1,2,16.86
U12059,treatment,mobile,US,6,1,3,32.29
U12060,treatment,console,US,4,1,4,5.45
U12061,control,mobile,US,8,0,3,0.0
U12062,treatment,mobile,FR,5,0,3,0.0
U12063,control,mobile,UK,6,0,3,0.0
U12064,treatment,desktop,DE,5,0,7,0.0
U12065,treatment,mobile,FR,2,1,3,42.23
U12066,control,console,US,8,0,2,0.0
U12067,treatment,desktop,US,2,0,4,0.0
U12068,treatment,desktop,US,3,1,5,10.11
U12069,control,mobile,US,8,0,5,0.0
U12070,control,console,UK,6,0,2,0.0
U12071,treatment,console,US,4,0,4,0.0
U12072,control,desktop,DE,4,0,3,0.0
U12073,control,mobile,US,4,1,7,22.92
U12074,treatment,mobile,CA,5,1,3,7.81
U12075,treatment,mobile,CA,6,0,5,0.0
U12076,control,mobile,US,5,0,5,0.0
U12077,control,desktop,DE,2,0,4,0.0
U12078,treatment,mobile,UK,8,1,6,4.74
U12079,control,console,FR,9,0,2,0.0
U12080,treatment,desktop,DE,5,1,4,17.99
U12081,treatment,desktop,US,4,0,2,0.0
U12082,treatment,console,US,6,0,3,0.0
U12083,control,mobile,US,4,1,2,6.67
U12084,treatment,mobile,US,10,0,2,0.0
U12085,treatment,desktop,US,7,0,3,0.0
U12086,control,desktop,FR,8,0,4,0.0
U12087,control,console,US,5,0,2,0.0
U12088,treatment,console,US,4,0,2,0.0
U12089,treatment,desktop,US,5,0,4,0.0
U12090,control,console,DE,8,0,8,0.0
U12091,control,mobile,US,5,0,6,0.0
U12092,treatment,mobile,UK,2,0,2,0.0
U12093,treatment,mobile,DE,5,0,4,0.0
U12094,treatment,desktop,UK,6,0,4,0.0
U12095,treatment,mobile,US,6,0,4,0.0
U12096,control,mobile,US,4,0,2,0.0
U12097,control,console,FR,5,0,1,0.0
U12098,control,mobile,FR,6,0,10,0.0
U12099,treatment,mobile,FR,2,0,5,0.0
U12100,control,mobile,FR,5,0,7,0.0
U12101,treatment,mobile,US,4,0,5,0.0
U12102,treatment,mobile,DE,6,0,0,0.0
U12103,control,mobile,DE,2,0,3,0.0
U12104,treatment,mobile,FR,6,0,5,0.0
U12105,control,console,FR,5,0,4,0.0
U12106,control,mobile,UK,5,0,5,0.0
U12107,control,desktop,US,3,1,5,2.62
U12108,control,desktop,FR,4,0,8,0.0
U12109,treatment,console,UK,7,0,4,0.0
U12110,control,console,UK,5,0,4,0.0
U12111,treatment,desktop,CA,1,0,3,0.0
U12112,treatment,mobile,CA,8,0,6,0.0
U12113,treatment,mobile,US,6,0,2,0.0
U12114,treatment,mobile,UK,8,0,2,0.0
U12115,treatment,console,US,5,0,2,0.0
U12116,control,desktop,UK,3,0,1,0.0
U12117,control,mobile,UK,6,0,2,0.0
U12118,treatment,mobile,US,3,0,2,0.0
U12119,treatment,console,FR,3,0,3,0.0
U12120,treatment,desktop,US,7,0,2,0.0
U12121,control,mobile,UK,4,0,4,0.0
U12122,control,console,DE,8,0,2,0.0
U12123,control,desktop,UK,6,0,5,0.0
U12124,control,desktop,FR,6,0,3,0.0
U12125,treatment,desktop,US,6,0,5,0.0
U12126,treatment,desktop,US,9,0,2,0.0
U12127,treatment,mobile,US,6,1,4,25.67
U12128,treatment,console,UK,4,0,1,0.0
U12129,control,console,UK,6,1,1,16.1
U12130,treatment,desktop,CA,1,1,2,3.6
U12131,control,desktop,FR,4,0,2,0.0
U12132,control,console,CA,3,0,2,0.0
U12133,treatment,mobile,DE,5,0,2,0.0
U12134,treatment,mobile,UK,5,0,6,0.0
U12135,control,console,CA,3,0,5,0.0
U12136,treatment,mobile,DE,6,1,3,14.0
U12137,control,desktop,US,5,0,1,0.0
U12138,treatment,desktop,DE,7,0,6,0.0
U12139,control,mobile,US,4,0,2,0.0
U12140,control,mobile,DE,5,0,3,0.0
U12141,control,console,FR,7,0,2,0.0
U12142,treatment,mobile,CA,6,0,5,0.0
U12143,control,mobile,FR,9,0,9,0.0
U12144,control,mobile,FR,5,0,5,0.0
U12145,control,mobile,US,4,0,2,0.0
U12146,control,desktop,US,5,0,1,0.0
U12147,treatment,console,DE,3,0,4,0.0
U12148,treatment,desktop,US,4,0,3,0.0
U12149,control,desktop,UK,1,0,1,0.0
U12150,control,mobile,US,3,0,5,0.0
U12151,treatment,console,US,5,0,1,0.0
U12152,treatment,console,US,4,0,4,0.0
U12153,control,console,DE,7,0,2,0.0
U12154,treatment,mobile,FR,2,1,0,15.11
U12155,control,mobile,UK,3,0,2,0.0
U12156,treatment,mobile,FR,4,0,6,0.0
U12157,treatment,mobile,UK,6,0,3,0.0
U12158,treatment,mobile,US,1,0,4,0.0
U12159,control,console,FR,3,0,6,0.0
U12160,control,mobile,CA,5,0,3,0.0
U12161,treatment,mobile,US,5,0,6,0.0
U12162,control,console,FR,4,0,1,0.0
U12163,control,console,FR,3,0,3,0.0
U12164,control,mobile,UK,6,0,4,0.0
U12165,treatment,mobile,US,4,0,3,0.0
U12166,treatment,console,FR,5,0,7,0.0
U12167,control,console,UK,11,0,10,0.0
U12168,control,desktop,DE,3,0,1,0.0
U12169,treatment,mobile,US,4,0,5,0.0
U12170,control,desktop,US,4,0,5,0.0
U12171,control,console,US,5,0,3,0.0
U12172,treatment,mobile,UK,8,0,3,0.0
U12173,control,mobile,US,9,0,8,0.0
U12174,treatment,console,FR,12,0,4,0.0
U12175,treatment,desktop,DE,4,0,5,0.0
U12176,treatment,mobile,US,6,0,5,0.0
U12177,control,console,DE,10,0,2,0.0
U12178,control,desktop,UK,4,0,1,0.0
U12179,control,mobile,UK,4,0,3,0.0
U12180,control,mobile,US,5,0,5,0.0
U12181,control,mobile,UK,4,1,4,7.05
U12182,control,console,UK,3,0,0,0.0
U12183,control,mobile,DE,2,0,3,0.0
U12184,control,console,CA,4,0,2,0.0
U12185,treatment,desktop,US,4,0,2,0.0
U12186,control,console,US,3,0,1,0.0
U12187,control,console,DE,3,0,2,0.0
U12188,control,console,FR,5,0,4,0.0
U12189,treatment,console,US,1,0,3,0.0
U12190,control,mobile,FR,4,0,1,0.0
U12191,control,mobile,CA,4,0,4,0.0
U12192,control,mobile,UK,5,0,3,0.0
U12193,treatment,desktop,US,5,0,4,0.0
U12194,control,mobile,DE,3,0,3,0.0
U12195,treatment,mobile,UK,4,0,5,0.0
U12196,control,mobile,US,3,1,1,16.87
U12197,treatment,console,FR,4,0,3,0.0
U12198,treatment,mobile,DE,6,0,2,0.0
U12199,control,mobile,DE,5,0,4,0.0
U12200,treatment,desktop,DE,6,0,1,0.0
U12201,control,desktop,US,2,0,1,0.0
U12202,treatment,console,FR,5,0,2,0.0
U12203,control,desktop,FR,5,1,1,10.66
U12204,control,console,FR,4,0,4,0.0
U12205,treatment,mobile,US,2,0,2,0.0
U12206,control,mobile,FR,6,0,2,0.0
U12207,control,desktop,FR,2,1,3,17.59
U12208,treatment,mobile,US,3,0,1,0.0
U12209,control,console,US,5,0,5,0.0
U12210,treatment,console,US,3,0,5,0.0
U12211,control,mobile,US,4,0,3,0.0
U12212,treatment,console,UK,5,0,4,0.0
U12213,treatment,mobile,US,4,0,7,0.0
U12214,treatment,mobile,UK,2,0,2,0.0
U12215,control,mobile,UK,3,0,2,0.0
U12216,treatment,desktop,US,4,0,4,0.0
U12217,treatment,console,DE,3,0,4,0.0
U12218,control,mobile,DE,6,0,4,0.0
U12219,control,desktop,DE,5,0,5,0.0
U12220,treatment,mobile,US,8,0,0,0.0
U12221,treatment,mobile,FR,3,0,3,0.0
U12222,treatment,desktop,DE,6,0,2,0.0
U12223,control,console,DE,8,0,2,0.0
U12224,control,desktop,FR,4,0,5,0.0
U12225,control,console,US,5,0,4,0.0
U12226,control,mobile,US,8,0,6,0.0
U12227,control,desktop,FR,5,0,3,0.0
U12228,treatment,mobile,UK,7,0,4,0.0
U12229,treatment,console,US,4,0,2,0.0
U12230,control,mobile,US,7,0,3,0.0
U12231,treatment,mobile,US,6,0,3,0.0
U12232,treatment,console,CA,4,0,4,0.0
U12233,treatment,mobile,FR,4,0,6,0.0
U12234,treatment,desktop,UK,4,0,3,0.0
U12235,treatment,console,US,5,0,5,0.0
U12236,treatment,desktop,FR,3,0,4,0.0
U12237,control,desktop,DE,6,0,4,0.0
U12238,control,console,US,3,0,3,0.0
U12239,treatment,desktop,UK,4,0,4,0.0
U12240,control,mobile,CA,5,0,2,0.0
U12241,control,console,US,5,0,4,0.0
U12242,treatment,desktop,UK,5,0,3,0.0
U12243,treatment,console,UK,3,0,6,0.0
U12244,control,desktop,FR,6,0,2,0.0
U12245,control,mobile,DE,10,0,3,0.0
U12246,treatment,console,US,8,0,6,0.0
U12247,control,mobile,US,7,0,5,0.0
U12248,control,console,CA,6,1,3,12.96
U12249,control,console,US,6,0,4,0.0
U12250,control,console,US,3,0,1,0.0
U12251,treatment,mobile,US,1,0,6,0.0
U12252,control,mobile,UK,3,0,8,0.0
U12253,treatment,mobile,CA,2,0,5,0.0
U12254,treatment,mobile,UK,5,0,2,0.0
U12255,control,mobile,UK,4,0,2,0.0
U12256,treatment,desktop,UK,4,0,4,0.0
U12257,treatment,mobile,UK,3,0,1,0.0
U12258,control,console,US,10,1,7,13.88
U12259,control,mobile,CA,5,0,4,0.0
U12260,treatment,mobile,UK,4,0,3,0.0
U12261,control,desktop,UK,4,0,2,0.0
U12262,control,mobile,US,7,0,1,0.0
U12263,treatment,desktop,CA,5,0,7,0.0
U12264,control,desktop,CA,8,0,6,0.0
U12265,treatment,desktop,CA,5,0,9,0.0
U12266,control,desktop,UK,10,0,6,0.0
U12267,control,console,DE,4,1,5,23.06
U12268,treatment,console,DE,6,0,6,0.0
U12269,treatment,mobile,UK,4,0,5,0.0
U12270,control,desktop,DE,7,0,5,0.0
U12271,treatment,console,DE,4,0,2,0.0
U12272,treatment,mobile,DE,6,0,7,0.0
U12273,control,desktop,US,3,0,3,0.0
U12274,control,desktop,US,4,0,4,0.0
U12275,treatment,mobile,US,3,0,3,0.0
U12276,control,mobile,UK,5,0,3,0.0
U12277,control,console,UK,4,0,1,0.0
U12278,treatment,mobile,DE,6,1,7,7.65
U12279,control,mobile,UK,8,0,4,0.0
U12280,control,console,UK,5,0,5,0.0
U12281,control,console,UK,5,0,2,0.0
U12282,control,desktop,UK,7,0,5,0.0
U12283,control,mobile,US,3,0,2,0.0
U12284,treatment,mobile,FR,7,0,5,0.0
U12285,control,console,FR,4,0,2,0.0
U12286,control,mobile,UK,7,0,2,0.0
U12287,treatment,console,US,7,0,2,0.0
U12288,treatment,console,UK,5,0,2,0.0
U12289,treatment,mobile,UK,6,0,5,0.0
U12290,control,desktop,FR,5,0,5,0.0
U12291,control,console,CA,2,0,4,0.0
U12292,control,console,US,6,0,2,0.0
U12293,control,desktop,FR,8,1,6,9.18
U12294,treatment,mobile,US,4,0,2,0.0
U12295,control,desktop,FR,7,0,2,0.0
U12296,treatment,desktop,US,7,0,8,0.0
U12297,treatment,desktop,US,6,0,2,0.0
U12298,treatment,mobile,FR,4,1,3,34.87
U12299,control,console,DE,7,0,1,0.0
U12300,treatment,desktop,CA,6,0,3,0.0
U12301,treatment,mobile,US,4,0,5,0.0
U12302,treatment,mobile,CA,4,0,0,0.0
U12303,treatment,mobile,FR,5,0,4,0.0
U12304,treatment,desktop,US,7,0,3,0.0
U12305,control,mobile,US,4,0,4,0.0
U12306,control,desktop,CA,5,0,3,0.0
U12307,treatment,mobile,US,9,0,2,0.0
U12308,treatment,mobile,US,5,0,6,0.0
U12309,treatment,mobile,UK,5,0,3,0.0
U12310,control,mobile,US,2,0,1,0.0
U12311,control,mobile,US,5,0,6,0.0
U12312,control,mobile,UK,8,0,4,0.0
U12313,treatment,desktop,DE,3,0,1,0.0
U12314,control,desktop,US,9,0,4,0.0
U12315,control,desktop,UK,8,0,2,0.0
U12316,control,mobile,US,5,0,7,0.0
U12317,treatment,mobile,UK,4,0,4,0.0
U12318,control,mobile,US,4,0,4,0.0
U12319,control,desktop,US,3,0,3,0.0
U12320,control,desktop,CA,3,1,6,2.61
U12321,control,console,DE,3,0,3,0.0
U12322,control,desktop,FR,5,0,3,0.0
U12323,control,mobile,US,6,0,3,0.0
U12324,control,mobile,FR,5,0,3,0.0
U12325,treatment,console,DE,9,0,6,0.0
U12326,control,mobile,CA,2,0,5,0.0
U12327,control,mobile,DE,3,0,1,0.0
U12328,control,mobile,CA,8,0,5,0.0
U12329,control,console,FR,2,1,4,15.45
U12330,control,console,CA,5,0,6,0.0
U12331,treatment,mobile,US,5,0,6,0.0
U12332,control,mobile,US,5,0,6,0.0
U12333,treatment,console,US,4,1,3,12.02
U12334,control,mobile,CA,1,0,0,0.0
U12335,treatment,mobile,CA,8,0,4,0.0
U12336,control,desktop,CA,5,0,1,0.0
U12337,control,mobile,US,3,0,6,0.0
U12338,control,mobile,FR,4,0,2,0.0
U12339,control,desktop,US,6,0,3,0.0
U12340,control,desktop,DE,4,0,3,0.0
U12341,treatment,desktop,US,4,0,4,0.0
U12342,control,mobile,US,3,0,4,0.0
U12343,control,mobile,US,5,0,5,0.0
U12344,treatment,console,US,6,0,3,0.0
U12345,treatment,mobile,US,9,0,6,0.0
U12346,control,mobile,DE,3,0,5,0.0
U12347,control,mobile,US,7,0,6,0.0
U12348,control,mobile,DE,4,1,7,6.89
U12349,control,desktop,UK,3,0,3,0.0
U12350,treatment,mobile,UK,6,0,1,0.0
U12351,treatment,desktop,US,5,0,5,0.0
U12352,treatment,mobile,US,4,0,3,0.0
U12353,treatment,console,FR,3,0,2,0.0
U12354,control,desktop,FR,4,0,2,0.0
U12355,treatment,mobile,DE,8,0,3,0.0
U12356,control,console,DE,2,0,1,0.0
U12357,control,console,DE,8,0,3,0.0
U12358,treatment,mobile,FR,5,0,1,0.0
U12359,control,desktop,US,4,0,1,0.0
U12360,treatment,desktop,UK,4,0,1,0.0
U12361,control,desktop,FR,5,0,4,0.0
U12362,control,mobile,US,4,0,3,0.0
U12363,treatment,mobile,CA,2,0,3,0.0
U12364,control,mobile,FR,2,0,1,0.0
U12365,treatment,mobile,US,6,0,1,0.0
U12366,treatment,mobile,CA,6,1,2,23.16
U12367,control,console,UK,4,0,1,0.0
U12368,treatment,mobile,DE,5,0,1,0.0
U12369,treatment,mobile,DE,6,0,3,0.0
U12370,treatment,mobile,FR,3,0,2,0.0
U12371,control,mobile,US,4,1,7,16.3
U12372,control,console,US,2,0,3,0.0
U12373,treatment,console,UK,5,0,3,0.0
U12374,control,mobile,US,4,1,1,8.36
U12375,control,mobile,US,7,0,7,0.0
U12376,treatment,mobile,US,6,0,2,0.0
U12377,control,console,DE,2,0,1,0.0
U12378,treatment,mobile,US,5,0,0,0.0
U12379,treatment,mobile,UK,6,0,1,0.0
U12380,treatment,mobile,UK,6,0,3,0.0
U12381,treatment,mobile,FR,4,0,2,0.0
U12382,treatment,mobile,DE,5,0,2,0.0
U12383,treatment,console,US,7,0,0,0.0
U12384,treatment,mobile,US,3,0,5,0.0
U12385,control,mobile,UK,3,0,5,0.0
U12386,treatment,mobile,US,3,0,4,0.0
U12387,treatment,mobile,FR,2,0,4,0.0
U12388,treatment,console,UK,7,0,3,0.0
U12389,treatment,desktop,UK,10,0,3,0.0
U12390,treatment,console,US,8,0,2,0.0
U12391,control,console,FR,4,0,3,0.0
U12392,treatment,desktop,US,4,0,0,0.0
U12393,control,desktop,DE,3,0,5,0.0
U12394,treatment,desktop,CA,4,0,3,0.0
U12395,control,desktop,FR,1,0,5,0.0
U12396,treatment,desktop,US,4,0,3,0.0
U12397,treatment,desktop,US,3,0,2,0.0
U12398,control,mobile,US,6,0,5,0.0
U12399,control,desktop,CA,4,0,4,0.0
U12400,treatment,mobile,DE,3,0,3,0.0
U12401,treatment,desktop,CA,5,0,5,0.0
U12402,control,desktop,US,7,0,2,0.0
U12403,treatment,desktop,UK,5,0,4,0.0
U12404,treatment,desktop,US,5,0,3,0.0
U12405,treatment,console,CA,6,0,5,0.0
U12406,treatment,console,UK,3,0,5,0.0
U12407,treatment,mobile,DE,4,0,8,0.0
U12408,control,mobile,US,6,0,2,0.0
U12409,treatment,mobile,US,4,0,2,0.0
U12410,treatment,mobile,US,6,0,6,0.0
U12411,control,mobile,US,6,1,2,20.71
U12412,control,console,CA,7,0,2,0.0
U12413,control,console,US,6,0,4,0.0
U12414,treatment,mobile,FR,6,0,3,0.0
U12415,control,console,UK,3,0,1,0.0
U12416,treatment,mobile,US,3,0,4,0.0
U12417,treatment,console,UK,2,0,4,0.0
U12418,control,desktop,US,6,0,5,0.0
U12419,treatment,desktop,US,5,0,4,0.0
U12420,control,mobile,US,4,1,2,20.64
U12421,control,mobile,UK,4,0,6,0.0
U12422,treatment,mobile,FR,6,0,3,0.0
U12423,treatment,desktop,DE,7,1,7,18.15
U12424,treatment,console,CA,9,0,3,0.0
U12425,control,desktop,FR,7,0,2,0.0
U12426,treatment,console,US,4,0,2,0.0
U12427,treatment,mobile,US,6,0,1,0.0
U12428,treatment,console,CA,3,0,3,0.0
U12429,control,console,US,5,0,1,0.0
U12430,treatment,mobile,US,4,0,2,0.0
U12431,treatment,desktop,US,6,0,5,0.0
U12432,treatment,mobile,US,4,0,2,0.0
U12433,control,mobile,FR,4,0,6,0.0
U12434,treatment,mobile,US,6,0,3,0.0
U12435,treatment,desktop,UK,5,0,3,0.0
U12436,treatment,console,DE,6,0,6,0.0
U12437,treatment,mobile,FR,6,0,1,0.0
U12438,control,console,CA,5,1,3,13.94
U12439,control,console,DE,7,1,6,23.67
U12440,treatment,desktop,US,4,0,5,0.0
U12441,control,console,US,5,1,3,11.84
U12442,control,console,UK,6,0,3,0.0
U12443,control,mobile,US,4,0,3,0.0
U12444,treatment,console,FR,5,0,2,0.0
U12445,control,mobile,FR,4,0,5,0.0
U12446,treatment,mobile,US,2,0,0,0.0
U12447,control,mobile,US,8,0,3,0.0
U12448,control,desktop,CA,4,1,5,8.26
U12449,treatment,console,US,6,0,3,0.0
U12450,control,mobile,US,8,1,6,36.54
U12451,control,desktop,US,10,0,5,0.0
U12452,control,mobile,US,4,0,2,0.0
U12453,treatment,console,US,4,1,7,23.34
U12454,treatment,mobile,DE,3,0,9,0.0
U12455,control,desktop,US,3,0,2,0.0
U12456,treatment,desktop,US,5,0,0,0.0
U12457,control,mobile,US,3,1,4,17.41
U12458,control,console,US,7,0,4,0.0
U12459,treatment,console,US,6,0,6,0.0
U12460,control,desktop,US,2,0,4,0.0
U12461,control,desktop,US,7,0,3,0.0
U12462,control,console,UK,4,0,2,0.0
U12463,control,mobile,CA,6,0,2,0.0
U12464,control,mobile,US,5,0,4,0.0
U12465,treatment,desktop,FR,6,0,5,0.0
U12466,control,desktop,CA,7,0,3,0.0
U12467,control,desktop,UK,5,0,2,0.0
U12468,treatment,desktop,UK,3,0,4,0.0
U12469,treatment,desktop,UK,5,0,6,0.0
U12470,control,mobile,FR,4,0,3,0.0
U12471,treatment,mobile,US,5,0,3,0.0
U12472,control,mobile,US,5,0,4,0.0
U12473,control,mobile,UK,7,1,5,6.95
U12474,treatment,console,UK,7,0,5,0.0
U12475,control,console,US,7,0,2,0.0
U12476,treatment,mobile,DE,3,0,3,0.0
U12477,treatment,desktop,US,4,1,3,12.07
U12478,treatment,mobile,US,6,0,2,0.0
U12479,treatment,desktop,FR,3,0,1,0.0
U12480,treatment,console,FR,3,0,5,0.0
U12481,treatment,mobile,US,2,0,5,0.0
U12482,treatment,console,DE,4,0,4,0.0
U12483,treatment,mobile,FR,8,0,2,0.0
U12484,treatment,mobile,US,7,0,4,0.0
U12485,control,desktop,UK,4,0,8,0.0
U12486,control,console,US,4,0,4,0.0
U12487,control,desktop,UK,6,0,4,0.0
U12488,control,console,UK,7,0,3,0.0
U12489,treatment,console,FR,3,0,4,0.0
U12490,treatment,desktop,FR,8,0,6,0.0
U12491,treatment,mobile,DE,5,1,6,45.87
U12492,control,mobile,FR,7,0,5,0.0
U12493,treatment,desktop,CA,4,0,4,0.0
U12494,treatment,desktop,DE,7,0,5,0.0
U12495,control,mobile,CA,2,0,2,0.0
U12496,control,mobile,CA,4,0,4,0.0
U12497,treatment,mobile,US,4,1,3,10.73
U12498,treatment,mobile,CA,2,0,4,0.0
U12499,control,desktop,CA,5,0,4,0.0
U12500,treatment,console,US,5,0,3,0.0
U12501,control,console,DE,5,0,1,0.0
U12502,control,console,US,4,1,7,19.2
U12503,control,desktop,US,4,0,2,0.0
U12504,control,mobile,DE,4,0,4,0.0
U12505,control,desktop,UK,2,0,4,0.0
U12506,control,console,DE,5,0,4,0.0
U12507,treatment,desktop,US,6,0,5,0.0
U12508,control,desktop,UK,7,0,2,0.0
U12509,treatment,desktop,DE,3,0,5,0.0
U12510,treatment,mobile,CA,8,0,6,0.0
U12511,treatment,mobile,UK,4,0,1,0.0
U12512,treatment,mobile,US,6,0,2,0.0
U12513,treatment,mobile,UK,3,0,2,0.0
U12514,control,console,US,3,0,4,0.0
U12515,treatment,mobile,US,3,0,6,0.0
U12516,control,mobile,US,9,0,5,0.0
U12517,treatment,console,DE,5,0,2,0.0
U12518,treatment,console,US,4,0,4,0.0
U12519,treatment,desktop,FR,8,1,6,20.74
U12520,control,mobile,UK,4,0,3,0.0
U12521,control,mobile,CA,5,0,3,0.0
U12522,control,desktop,US,7,0,8,0.0
U12523,control,console,UK,4,0,0,0.0
U12524,treatment,mobile,UK,6,0,2,0.0
U12525,treatment,console,US,5,1,4,21.04
U12526,control,desktop,CA,4,0,5,0.0
U12527,treatment,desktop,US,6,1,2,14.61
U12528,treatment,mobile,US,3,0,4,0.0
U12529,control,console,FR,8,0,1,0.0
U12530,treatment,desktop,US,6,0,4,0.0
U12531,treatment,mobile,DE,3,0,2,0.0
U12532,control,mobile,US,7,0,1,0.0
U12533,control,mobile,FR,8,0,4,0.0
U12534,control,mobile,FR,7,0,3,0.0
U12535,control,mobile,UK,5,0,3,0.0
U12536,control,mobile,UK,8,0,3,0.0
U12537,control,desktop,DE,5,1,1,19.86
U12538,treatment,desktop,DE,3,0,2,0.0
U12539,control,desktop,DE,4,0,3,0.0
U12540,control,desktop,US,3,0,5,0.0
U12541,control,mobile,UK,5,1,2,17.16
U12542,treatment,mobile,DE,5,1,3,22.7
U12543,control,desktop,UK,6,0,2,0.0
U12544,control,desktop,US,3,0,2,0.0
U12545,control,mobile,US,3,0,2,0.0
U12546,control,console,US,1,1,3,17.94
U12547,control,console,FR,6,1,6,2.96
U12548,control,console,US,10,1,2,3.48
U12549,control,desktop,US,3,0,3,0.0
U12550,treatment,mobile,FR,6,0,1,0.0
U12551,treatment,console,US,4,0,3,0.0
U12552,treatment,console,FR,8,0,2,0.0
U12553,treatment,console,FR,4,0,2,0.0
U12554,control,console,DE,8,0,5,0.0
U12555,control,console,UK,4,0,4,0.0
U12556,control,desktop,UK,3,0,1,0.0
U12557,treatment,mobile,US,4,0,5,0.0
U12558,control,desktop,UK,9,0,4,0.0
U12559,control,desktop,US,2,0,1,0.0
U12560,control,console,US,4,1,5,11.7
U12561,control,desktop,UK,4,1,4,3.85
U12562,treatment,desktop,US,4,0,5,0.0
U12563,treatment,console,US,5,0,4,0.0
U12564,control,desktop,UK,4,0,2,0.0
U12565,control,mobile,DE,5,0,2,0.0
U12566,treatment,desktop,CA,4,0,6,0.0
U12567,control,mobile,DE,1,0,2,0.0
U12568,control,mobile,CA,5,1,5,24.9
U12569,control,desktop,UK,3,1,5,10.06
U12570,treatment,console,FR,6,0,3,0.0
U12571,control,mobile,US,4,0,6,0.0
U12572,treatment,mobile,US,6,0,5,0.0
U12573,control,desktop,DE,2,0,0,0.0
U12574,control,desktop,FR,7,0,5,0.0
U12575,treatment,mobile,UK,3,0,6,0.0
U12576,control,mobile,US,3,0,3,0.0
U12577,treatment,desktop,FR,9,0,3,0.0
U12578,treatment,console,US,5,0,5,0.0
U12579,treatment,mobile,US,4,0,2,0.0
U12580,treatment,desktop,UK,5,0,2,0.0
U12581,control,console,UK,1,0,2,0.0
U12582,treatment,mobile,US,5,0,4,0.0
U12583,control,console,US,4,0,6,0.0
U12584,control,mobile,US,4,0,6,0.0
U12585,control,mobile,FR,5,0,2,0.0
U12586,treatment,mobile,DE,3,0,2,0.0
U12587,control,mobile,UK,3,1,3,15.1
U12588,treatment,console,UK,1,0,3,0.0
U12589,treatment,desktop,FR,7,0,4,0.0
U12590,treatment,console,CA,4,0,2,0.0
U12591,control,console,CA,4,0,1,0.0
U12592,control,mobile,DE,6,0,2,0.0
U12593,treatment,console,CA,6,0,4,0.0
U12594,treatment,console,UK,6,0,2,0.0
U12595,control,mobile,UK,3,0,4,0.0
U12596,treatment,console,UK,7,0,8,0.0
U12597,treatment,console,US,7,0,7,0.0
U12598,treatment,desktop,US,5,1,2,48.77
U12599,treatment,mobile,US,3,0,3,0.0
U12600,control,mobile,UK,10,0,4,0.0
U12601,treatment,console,US,6,0,1,0.0
U12602,treatment,desktop,FR,3,0,5,0.0
U12603,treatment,console,DE,2,0,2,0.0
U12604,control,console,US,4,0,2,0.0
U12605,treatment,mobile,UK,5,0,4,0.0
U12606,control,console,US,5,0,2,0.0
U12607,control,desktop,US,2,0,2,0.0
U12608,treatment,desktop,US,5,0,3,0.0
U12609,treatment,mobile,FR,7,0,7,0.0
U12610,control,mobile,CA,4,0,2,0.0
U12611,control,mobile,UK,5,0,2,0.0
U12612,treatment,mobile,UK,6,0,6,0.0
U12613,treatment,mobile,UK,4,1,6,9.38
U12614,control,mobile,FR,6,0,5,0.0
U12615,control,desktop,UK,8,0,3,0.0
U12616,control,console,DE,5,0,4,0.0
U12617,control,mobile,US,8,1,6,11.72
U12618,control,mobile,US,4,1,2,11.51
U12619,control,desktop,DE,3,0,4,0.0
U12620,control,desktop,US,5,1,2,14.5
U12621,control,desktop,FR,8,1,4,26.93
U12622,treatment,console,UK,6,0,1,0.0
U12623,treatment,mobile,DE,7,0,2,0.0
U12624,treatment,desktop,CA,4,0,2,0.0
U12625,control,console,UK,5,0,7,0.0
U12626,control,desktop,US,4,0,4,0.0
U12627,treatment,desktop,DE,1,0,4,0.0
U12628,treatment,console,UK,4,0,2,0.0
U12629,treatment,mobile,US,2,0,4,0.0
U12630,control,mobile,US,2,0,4,0.0
U12631,treatment,mobile,FR,6,0,1,0.0
U12632,control,console,US,6,0,2,0.0
U12633,treatment,console,US,8,0,1,0.0
U12634,treatment,mobile,DE,7,1,7,11.18
U12635,treatment,desktop,DE,7,1,3,21.76
U12636,control,desktop,US,4,1,2,10.69
U12637,treatment,mobile,UK,5,0,2,0.0
U12638,treatment,console,US,3,0,6,0.0
U12639,control,mobile,FR,10,0,1,0.0
U12640,treatment,console,US,5,0,3,0.0
U12641,treatment,console,US,4,0,4,0.0
U12642,control,mobile,US,4,0,3,0.0
U12643,treatment,desktop,US,8,0,7,0.0
U12644,treatment,desktop,US,9,1,6,18.85
U12645,control,mobile,US,2,0,2,0.0
U12646,treatment,mobile,US,4,1,5,10.0
U12647,treatment,console,US,5,0,2,0.0
U12648,control,desktop,FR,2,1,3,14.88
U12649,treatment,desktop,DE,8,0,4,0.0
U12650,control,mobile,DE,7,0,3,0.0
U12651,control,desktop,UK,2,1,8,16.82
U12652,control,desktop,CA,4,0,3,0.0
U12653,control,mobile,UK,6,0,8,0.0
U12654,control,mobile,DE,6,0,4,0.0
U12655,treatment,mobile,DE,2,0,7,0.0
U12656,control,desktop,US,2,0,3,0.0
U12657,treatment,mobile,UK,3,0,3,0.0
U12658,control,console,DE,3,0,2,0.0
U12659,treatment,mobile,US,5,0,2,0.0
U12660,control,console,CA,5,0,4,0.0
U12661,control,mobile,DE,3,0,2,0.0
U12662,treatment,desktop,CA,3,0,2,0.0
U12663,control,desktop,DE,3,0,8,0.0
U12664,control,desktop,US,4,0,4,0.0
U12665,control,console,CA,5,0,4,0.0
U12666,treatment,mobile,FR,3,0,5,0.0
U12667,control,mobile,UK,4,0,1,0.0
U12668,control,mobile,US,6,0,2,0.0
U12669,treatment,desktop,UK,4,0,3,0.0
U12670,treatment,console,CA,5,0,3,0.0
U12671,control,mobile,DE,4,1,4,22.43
U12672,treatment,console,US,4,1,2,20.87
U12673,treatment,mobile,CA,7,1,9,27.05
U12674,control,console,US,5,0,5,0.0
U12675,treatment,mobile,US,5,0,3,0.0
U12676,treatment,console,US,4,0,2,0.0
U12677,treatment,desktop,UK,5,1,4,21.93
U12678,control,console,UK,6,0,7,0.0
U12679,control,desktop,US,1,0,3,0.0
U12680,control,mobile,UK,3,0,8,0.0
U12681,treatment,console,CA,4,0,5,0.0
U12682,control,desktop,US,2,0,7,0.0
U12683,treatment,mobile,US,7,0,3,0.0
U12684,treatment,desktop,UK,2,0,1,0.0
U12685,control,console,US,2,0,3,0.0
U12686,treatment,desktop,DE,4,0,0,0.0
U12687,treatment,mobile,CA,3,0,3,0.0
U12688,treatment,console,UK,5,0,2,0.0
U12689,treatment,mobile,UK,6,0,4,0.0
U12690,control,mobile,UK,5,0,4,0.0
U12691,control,mobile,US,6,0,8,0.0
U12692,treatment,mobile,UK,6,1,3,6.49
U12693,control,desktop,UK,4,0,5,0.0
U12694,control,mobile,DE,10,0,3,0.0
U12695,treatment,mobile,FR,4,0,7,0.0
U12696,control,mobile,US,2,0,3,0.0
U12697,treatment,console,US,4,0,7,0.0
U12698,control,desktop,DE,8,0,3,0.0
U12699,control,desktop,UK,6,0,2,0.0
U12700,control,desktop,DE,4,0,5,0.0
U12701,control,mobile,US,2,0,1,0.0
U12702,control,console,US,8,0,5,0.0
U12703,treatment,mobile,US,5,0,3,0.0
U12704,treatment,mobile,DE,5,0,1,0.0
U12705,treatment,mobile,US,5,0,3,0.0
U12706,treatment,mobile,FR,4,0,4,0.0
U12707,control,mobile,US,6,0,4,0.0
U12708,treatment,desktop,US,4,1,2,16.17
U12709,treatment,mobile,CA,6,0,5,0.0
U12710,treatment,mobile,US,5,0,6,0.0
U12711,treatment,desktop,US,7,0,4,0.0
U12712,control,desktop,DE,4,0,3,0.0
U12713,treatment,console,CA,2,0,3,0.0
U12714,treatment,mobile,DE,8,0,7,0.0
U12715,treatment,console,DE,8,0,5,0.0
U12716,treatment,desktop,FR,7,0,2,0.0
U12717,treatment,desktop,CA,4,0,1,0.0
U12718,treatment,mobile,FR,4,0,2,0.0
U12719,control,desktop,UK,6,0,8,0.0
U12720,control,mobile,DE,6,0,5,0.0
U12721,treatment,desktop,US,2,1,5,23.81
U12722,treatment,desktop,US,7,0,7,0.0
U12723,control,mobile,DE,6,0,3,0.0
U12724,control,mobile,UK,2,0,6,0.0
U12725,control,console,DE,5,0,3,0.0
U12726,control,desktop,US,7,0,3,0.0
U12727,treatment,desktop,FR,5,0,2,0.0
U12728,control,console,US,5,0,8,0.0
U12729,control,mobile,UK,3,0,1,0.0
U12730,treatment,desktop,US,4,0,2,0.0
U12731,treatment,console,DE,4,1,3,22.44
U12732,treatment,mobile,DE,3,0,4,0.0
U12733,treatment,mobile,FR,5,0,5,0.0
U12734,treatment,console,FR,4,0,4,0.0
U12735,treatment,mobile,UK,7,1,5,20.45
U12736,treatment,mobile,UK,4,0,5,0.0
U12737,treatment,mobile,US,8,0,9,0.0
U12738,control,console,US,4,0,2,0.0
U12739,control,desktop,US,6,0,10,0.0
U12740,control,mobile,US,3,0,2,0.0
U12741,treatment,mobile,US,3,0,3,0.0
U12742,control,mobile,US,2,1,9,15.85
U12743,treatment,desktop,DE,9,0,3,0.0
U12744,control,console,CA,10,0,7,0.0
U12745,treatment,mobile,DE,6,0,2,0.0
U12746,treatment,desktop,US,3,0,3,0.0
U12747,treatment,desktop,US,5,0,2,0.0
U12748,treatment,console,UK,4,0,3,0.0
U12749,treatment,desktop,US,7,0,4,0.0
U12750,control,mobile,US,6,0,3,0.0
U12751,treatment,desktop,CA,2,0,5,0.0
U12752,control,desktop,US,6,0,6,0.0
U12753,control,desktop,US,5,0,6,0.0
U12754,control,mobile,UK,4,0,2,0.0
U12755,treatment,mobile,US,6,0,5,0.0
U12756,treatment,mobile,CA,5,0,3,0.0
U12757,treatment,mobile,US,5,1,3,12.78
U12758,control,mobile,US,7,0,7,0.0
U12759,treatment,mobile,UK,5,1,11,49.11
U12760,control,mobile,US,3,0,3,0.0
U12761,control,mobile,US,7,0,3,0.0
U12762,treatment,console,UK,8,0,4,0.0
U12763,control,desktop,DE,3,0,6,0.0
U12764,control,mobile,UK,6,0,7,0.0
U12765,treatment,desktop,UK,6,0,5,0.0
U12766,control,desktop,US,10,0,4,0.0
U12767,control,mobile,UK,4,1,5,3.96
U12768,treatment,desktop,DE,7,0,3,0.0
U12769,treatment,mobile,US,4,0,1,0.0
U12770,control,desktop,DE,7,1,4,28.45
U12771,control,mobile,US,7,0,4,0.0
U12772,treatment,desktop,US,4,0,3,0.0
U12773,control,mobile,UK,5,0,2,0.0
U12774,treatment,mobile,DE,4,0,1,0.0
U12775,control,desktop,US,5,0,5,0.0
U12776,control,mobile,DE,4,0,1,0.0
U12777,treatment,mobile,US,1,0,5,0.0
U12778,treatment,mobile,FR,5,0,4,0.0
U12779,control,desktop,US,6,0,2,0.0
U12780,control,desktop,FR,3,0,5,0.0
U12781,control,console,US,6,0,3,0.0
U12782,treatment,desktop,CA,6,0,3,0.0
U12783,control,console,FR,7,0,3,0.0
U12784,control,mobile,US,6,0,1,0.0
U12785,control,desktop,DE,6,0,2,0.0
U12786,control,mobile,UK,4,0,1,0.0
U12787,control,mobile,CA,8,0,3,0.0
U12788,treatment,desktop,US,7,0,1,0.0
U12789,control,console,US,5,0,2,0.0
U12790,treatment,console,UK,5,0,4,0.0
U12791,control,mobile,FR,7,0,3,0.0
U12792,treatment,desktop,CA,5,0,4,0.0
U12793,treatment,mobile,US,7,0,3,0.0
U12794,treatment,desktop,UK,5,0,3,0.0
U12795,control,mobile,DE,4,0,2,0.0
U12796,treatment,mobile,US,2,0,3,0.0
U12797,control,mobile,CA,3,0,3,0.0
U12798,treatment,console,US,5,0,4,0.0
U12799,treatment,mobile,US,2,0,4,0.0
U12800,control,mobile,UK,2,0,3,0.0
U12801,control,mobile,CA,2,0,4,0.0
U12802,control,desktop,US,4,0,5,0.0
U12803,treatment,mobile,CA,6,0,5,0.0
U12804,treatment,desktop,US,1,0,4,0.0
U12805,treatment,mobile,US,2,1,1,14.14
U12806,treatment,mobile,UK,6,0,5,0.0
U12807,treatment,mobile,FR,4,0,5,0.0
U12808,treatment,mobile,UK,2,0,6,0.0
U12809,treatment,desktop,US,3,0,2,0.0
U12810,treatment,mobile,DE,3,0,4,0.0
U12811,treatment,desktop,UK,6,0,3,0.0
U12812,control,mobile,FR,1,0,2,0.0
U12813,control,mobile,FR,2,0,1,0.0
U12814,treatment,mobile,US,8,0,4,0.0
U12815,control,desktop,DE,4,0,4,0.0
U12816,control,mobile,UK,7,1,4,27.38
U12817,control,desktop,US,3,0,2,0.0
U12818,control,console,FR,5,0,3,0.0
U12819,control,mobile,UK,10,0,6,0.0
U12820,treatment,mobile,CA,7,0,2,0.0
U12821,control,mobile,US,8,0,1,0.0
U12822,control,mobile,UK,8,0,1,0.0
U12823,control,mobile,US,6,0,2,0.0
U12824,treatment,desktop,US,5,0,3,0.0
U12825,control,desktop,CA,5,0,2,0.0
U12826,control,desktop,DE,7,0,3,0.0
U12827,control,mobile,US,7,0,5,0.0
U12828,treatment,desktop,CA,6,0,4,0.0
U12829,control,console,US,7,0,3,0.0
U12830,treatment,desktop,US,1,0,5,0.0
U12831,treatment,desktop,FR,4,0,2,0.0
U12832,treatment,desktop,US,5,0,2,0.0
U12833,treatment,desktop,US,7,0,4,0.0
U12834,treatment,mobile,FR,4,0,4,0.0
U12835,control,desktop,US,5,0,4,0.0
U12836,treatment,desktop,US,5,0,3,0.0
U12837,control,mobile,FR,5,1,6,1.81
U12838,control,mobile,US,5,0,5,0.0
U12839,treatment,mobile,FR,4,0,3,0.0
U12840,control,desktop,FR,5,1,6,11.19
U12841,control,mobile,US,5,1,6,9.77
U12842,control,console,UK,4,0,2,0.0
U12843,treatment,console,FR,6,0,7,0.0
U12844,control,console,US,4,0,2,0.0
U12845,control,mobile,US,4,1,6,6.1
U12846,treatment,desktop,UK,5,0,3,0.0
U12847,control,console,UK,4,0,2,0.0
U12848,control,desktop,US,5,1,3,29.32
U12849,control,mobile,FR,4,0,1,0.0
U12850,control,console,US,8,0,3,0.0
U12851,treatment,desktop,US,8,0,2,0.0
U12852,treatment,desktop,CA,4,0,4,0.0
U12853,control,console,US,8,1,2,11.89
U12854,treatment,console,UK,8,0,6,0.0
U12855,control,desktop,CA,6,0,0,0.0
U12856,treatment,mobile,US,3,0,3,0.0
U12857,control,desktop,US,10,0,5,0.0
U12858,treatment,desktop,FR,6,0,4,0.0
U12859,control,desktop,US,5,0,5,0.0
U12860,treatment,mobile,US,6,0,6,0.0
U12861,control,desktop,FR,5,1,8,9.43
U12862,treatment,desktop,US,5,1,5,17.95
U12863,treatment,console,FR,6,0,2,0.0
U12864,treatment,console,UK,4,0,2,0.0
U12865,treatment,mobile,FR,3,0,5,0.0
U12866,control,desktop,US,6,0,4,0.0
U12867,control,desktop,US,6,0,2,0.0
U12868,control,desktop,US,4,0,3,0.0
U12869,control,mobile,US,4,0,1,0.0
U12870,treatment,desktop,UK,10,0,3,0.0
U12871,control,desktop,DE,9,0,3,0.0
U12872,control,desktop,FR,5,0,4,0.0
U12873,treatment,console,UK,7,0,3,0.0
U12874,control,console,FR,4,0,2,0.0
U12875,control,console,US,6,0,2,0.0
U12876,control,console,US,4,1,3,30.86
U12877,treatment,desktop,US,7,0,2,0.0
U12878,treatment,console,DE,4,0,2,0.0
U12879,control,console,US,7,0,2,0.0
U12880,control,desktop,UK,6,0,3,0.0
U12881,treatment,mobile,US,9,0,3,0.0
U12882,treatment,mobile,US,10,0,1,0.0
U12883,control,desktop,US,5,0,2,0.0
U12884,treatment,desktop,UK,6,0,2,0.0
U12885,treatment,desktop,US,7,0,5,0.0
U12886,treatment,console,UK,7,0,3,0.0
U12887,treatment,console,US,8,0,2,0.0
U12888,treatment,mobile,US,5,0,3,0.0
U12889,control,mobile,CA,7,0,7,0.0
U12890,control,desktop,UK,6,0,3,0.0
U12891,treatment,mobile,UK,6,0,3,0.0
U12892,treatment,console,US,5,0,3,0.0
U12893,control,console,DE,6,0,4,0.0
U12894,control,desktop,DE,6,0,3,0.0
U12895,control,desktop,US,4,1,5,3.98
U12896,control,console,UK,5,0,5,0.0
U12897,control,console,CA,6,0,5,0.0
U12898,control,desktop,US,6,0,5,0.0
U12899,treatment,console,FR,5,0,10,0.0
U12900,control,desktop,US,7,1,6,15.87
U12901,treatment,mobile,FR,3,0,1,0.0
U12902,control,desktop,FR,2,0,3,0.0
U12903,treatment,console,UK,4,0,6,0.0
U12904,treatment,console,UK,6,0,2,0.0
U12905,treatment,mobile,UK,4,0,6,0.0
U12906,treatment,mobile,FR,4,0,1,0.0
U12907,treatment,desktop,US,11,0,5,0.0
U12908,control,console,US,5,0,2,0.0
U12909,treatment,desktop,US,3,0,5,0.0
U12910,treatment,mobile,DE,5,1,5,18.1
U12911,control,console,US,7,0,1,0.0
U12912,control,desktop,US,7,1,4,7.78
U12913,control,console,US,5,0,3,0.0
U12914,treatment,console,UK,5,0,6,0.0
U12915,treatment,mobile,UK,3,0,0,0.0
U12916,control,console,FR,4,1,5,3.25
U12917,treatment,desktop,CA,4,0,4,0.0
U12918,treatment,console,FR,5,0,2,0.0
U12919,treatment,mobile,US,4,1,4,20.64
U12920,control,console,UK,6,0,3,0.0
U12921,control,mobile,US,8,0,4,0.0
U12922,treatment,mobile,UK,7,0,3,0.0
U12923,treatment,console,CA,6,1,4,21.74
U12924,treatment,mobile,FR,3,1,2,13.17
U12925,control,mobile,CA,6,0,4,0.0
U12926,treatment,console,FR,1,0,3,0.0
U12927,control,mobile,US,4,0,3,0.0
U12928,control,desktop,US,5,0,5,0.0
U12929,control,console,FR,7,0,2,0.0
U12930,control,desktop,US,5,0,2,0.0
U12931,treatment,mobile,FR,7,0,4,0.0
U12932,treatment,desktop,US,7,0,6,0.0
U12933,treatment,desktop,US,4,1,6,31.16
U12934,treatment,mobile,US,4,1,5,21.52
U12935,treatment,desktop,UK,6,0,2,0.0
U12936,control,mobile,US,3,0,6,0.0
U12937,treatment,mobile,UK,3,0,2,0.0
U12938,treatment,mobile,US,4,0,4,0.0
U12939,control,console,US,4,0,1,0.0
U12940,control,mobile,UK,5,0,4,0.0
U12941,control,mobile,FR,4,0,2,0.0
U12942,control,console,UK,5,0,3,0.0
U12943,control,mobile,DE,6,1,4,4.09
U12944,treatment,console,UK,4,0,4,0.0
U12945,treatment,console,DE,6,0,2,0.0
U12946,control,desktop,US,2,0,3,0.0
U12947,control,mobile,FR,4,0,3,0.0
U12948,treatment,mobile,US,3,1,2,41.85
U12949,treatment,mobile,US,5,0,3,0.0
U12950,treatment,mobile,DE,3,0,3,0.0
U12951,control,desktop,US,6,0,3,0.0
U12952,treatment,mobile,US,5,0,2,0.0
U12953,control,console,US,5,1,0,18.1
U12954,treatment,mobile,DE,9,0,1,0.0
U12955,control,mobile,DE,4,0,0,0.0
U12956,treatment,mobile,CA,4,0,2,0.0
U12957,treatment,mobile,UK,2,0,4,0.0
U12958,treatment,console,UK,5,0,5,0.0
U12959,control,desktop,US,3,0,7,0.0
U12960,control,mobile,DE,2,0,2,0.0
U12961,control,desktop,UK,8,0,8,0.0
U12962,control,desktop,US,4,0,0,0.0
U12963,treatment,console,CA,5,0,2,0.0
U12964,treatment,mobile,US,7,0,1,0.0
U12965,treatment,desktop,US,7,0,3,0.0
U12966,control,mobile,US,6,0,5,0.0
U12967,treatment,mobile,UK,4,0,2,0.0
U12968,control,desktop,US,5,0,7,0.0
U12969,control,mobile,UK,5,0,2,0.0
U12970,treatment,desktop,US,4,0,3,0.0
U12971,control,desktop,US,3,0,3,0.0
U12972,treatment,mobile,US,7,0,6,0.0
U12973,treatment,console,US,6,0,2,0.0
U12974,treatment,mobile,CA,2,0,3,0.0
U12975,treatment,console,US,2,0,0,0.0
U12976,control,desktop,UK,5,0,4,0.0
U12977,treatment,mobile,FR,3,0,5,0.0
U12978,control,mobile,FR,4,0,3,0.0
U12979,treatment,desktop,US,4,0,5,0.0
U12980,treatment,console,US,7,0,0,0.0
U12981,treatment,desktop,FR,4,0,1,0.0
U12982,control,mobile,DE,2,0,1,0.0
U12983,control,mobile,US,5,0,4,0.0
U12984,control,console,US,5,0,3,0.0
U12985,control,console,UK,6,0,7,0.0
U12986,control,mobile,UK,6,0,5,0.0
U12987,treatment,console,UK,7,0,0,0.0
U12988,control,desktop,US,11,0,2,0.0
U12989,treatment,desktop,CA,5,0,2,0.0
U12990,treatment,desktop,FR,5,0,3,0.0
U12991,treatment,mobile,UK,8,0,3,0.0
U12992,control,mobile,UK,5,0,4,0.0
U12993,treatment,desktop,US,6,0,5,0.0
U12994,control,console,US,2,0,5,0.0
U12995,control,desktop,FR,8,0,1,0.0
U12996,treatment,mobile,CA,4,0,2,0.0
U12997,control,mobile,US,2,0,2,0.0
U12998,control,desktop,UK,8,1,3,20.5
U12999,control,desktop,FR,4,0,5,0.0
U13000,treatment,mobile,US,5,1,1,9.72
U13001,treatment,mobile,US,5,0,6,0.0
U13002,treatment,desktop,DE,8,0,5,0.0
U13003,control,mobile,US,8,0,3,0.0
U13004,treatment,mobile,US,5,0,3,0.0
U13005,treatment,desktop,DE,4,0,1,0.0
U13006,control,mobile,UK,8,0,2,0.0
U13007,treatment,mobile,UK,5,0,9,0.0
U13008,control,mobile,US,8,0,3,0.0
U13009,treatment,mobile,UK,6,0,3,0.0
U13010,treatment,console,FR,6,0,3,0.0
U13011,treatment,desktop,CA,7,0,9,0.0
U13012,treatment,mobile,CA,6,0,4,0.0
U13013,control,mobile,UK,6,0,2,0.0
U13014,treatment,mobile,CA,3,0,5,0.0
U13015,control,console,UK,5,0,5,0.0
U13016,treatment,desktop,US,4,0,4,0.0
U13017,treatment,desktop,UK,7,0,5,0.0
U13018,treatment,mobile,FR,5,0,3,0.0
U13019,treatment,console,US,6,1,5,12.56
U13020,control,console,DE,4,0,4,0.0
U13021,control,mobile,FR,4,0,5,0.0
U13022,treatment,mobile,US,4,0,1,0.0
U13023,control,mobile,FR,8,0,1,0.0
U13024,treatment,desktop,US,4,1,3,12.15
U13025,control,mobile,UK,3,0,3,0.0
U13026,treatment,mobile,US,5,0,2,0.0
U13027,control,desktop,DE,1,0,4,0.0
U13028,control,desktop,UK,3,1,2,9.2
U13029,treatment,mobile,FR,9,0,2,0.0
U13030,control,desktop,US,6,1,4,8.08
U13031,treatment,mobile,DE,5,0,4,0.0
U13032,treatment,desktop,UK,7,0,1,0.0
U13033,control,console,US,3,0,5,0.0
U13034,treatment,desktop,US,5,0,6,0.0
U13035,control,console,US,3,1,4,17.66
U13036,control,desktop,US,9,0,4,0.0
U13037,treatment,console,US,8,0,1,0.0
U13038,treatment,desktop,US,5,0,2,0.0
U13039,treatment,mobile,UK,5,0,4,0.0
U13040,treatment,console,UK,4,1,2,3.44
U13041,control,desktop,FR,2,0,2,0.0
U13042,treatment,console,UK,7,0,4,0.0
U13043,treatment,desktop,US,6,1,8,39.19
U13044,control,desktop,US,6,0,7,0.0
U13045,control,mobile,DE,8,0,6,0.0
U13046,treatment,mobile,US,4,0,7,0.0
U13047,control,desktop,US,4,0,6,0.0
U13048,control,console,CA,3,0,4,0.0
U13049,control,console,CA,5,0,0,0.0
U13050,control,desktop,UK,5,0,4,0.0
U13051,control,mobile,DE,3,0,1,0.0
U13052,treatment,mobile,FR,5,0,1,0.0
U13053,control,mobile,CA,7,0,2,0.0
U13054,treatment,console,US,7,1,2,9.84
U13055,treatment,desktop,FR,12,0,1,0.0
U13056,treatment,desktop,US,2,0,7,0.0
U13057,treatment,console,DE,3,0,3,0.0
U13058,treatment,mobile,US,6,0,3,0.0
U13059,treatment,console,DE,5,0,4,0.0
U13060,treatment,desktop,CA,3,0,3,0.0
U13061,control,mobile,UK,3,0,2,0.0
U13062,control,desktop,US,6,1,3,17.27
U13063,control,mobile,US,3,0,5,0.0
U13064,control,desktop,US,8,0,2,0.0
U13065,control,mobile,US,2,1,3,2.19
U13066,treatment,mobile,FR,5,0,2,0.0
U13067,control,desktop,DE,6,0,3,0.0
U13068,treatment,mobile,FR,5,0,3,0.0
U13069,control,mobile,UK,5,0,4,0.0
U13070,treatment,console,UK,3,0,4,0.0
U13071,control,mobile,FR,4,0,2,0.0
U13072,treatment,desktop,US,7,0,2,0.0
U13073,control,desktop,DE,4,0,7,0.0
U13074,control,mobile,UK,7,0,6,0.0
U13075,control,console,DE,3,0,6,0.0
U13076,treatment,mobile,UK,6,0,6,0.0
U13077,treatment,mobile,FR,3,0,3,0.0
U13078,control,mobile,UK,8,0,3,0.0
U13079,control,desktop,UK,3,1,3,5.76
U13080,treatment,mobile,US,7,0,2,0.0
U13081,control,mobile,US,1,0,4,0.0
U13082,control,desktop,CA,2,0,2,0.0
U13083,treatment,desktop,US,5,0,7,0.0
U13084,control,mobile,US,5,1,1,9.76
U13085,control,mobile,UK,6,1,7,42.93
U13086,control,mobile,US,3,0,2,0.0
U13087,treatment,mobile,UK,4,0,1,0.0
U13088,control,desktop,DE,4,0,6,0.0
U13089,treatment,mobile,CA,5,0,3,0.0
U13090,treatment,mobile,US,6,0,4,0.0
U13091,control,mobile,FR,2,0,2,0.0
U13092,treatment,desktop,CA,8,0,3,0.0
U13093,treatment,desktop,CA,4,0,1,0.0
U13094,treatment,mobile,DE,6,0,2,0.0
U13095,treatment,desktop,FR,4,0,3,0.0
U13096,control,desktop,US,3,0,2,0.0
U13097,treatment,mobile,US,2,1,4,9.02
U13098,treatment,mobile,DE,6,0,5,0.0
U13099,control,mobile,US,6,0,4,0.0
U13100,treatment,console,US,6,0,3,0.0
U13101,treatment,mobile,US,3,0,3,0.0
U13102,control,mobile,UK,6,0,0,0.0
U13103,treatment,desktop,US,4,0,4,0.0
U13104,treatment,desktop,FR,5,0,3,0.0
U13105,control,console,DE,5,0,0,0.0
U13106,treatment,mobile,DE,3,0,1,0.0
U13107,treatment,mobile,DE,10,0,3,0.0
U13108,control,desktop,UK,9,1,2,23.45
U13109,control,desktop,UK,9,0,1,0.0
U13110,control,console,UK,6,0,5,0.0
U13111,control,desktop,CA,5,0,4,0.0
U13112,treatment,desktop,FR,11,0,4,0.0
U13113,control,mobile,US,4,0,3,0.0
U13114,control,console,US,3,0,2,0.0
U13115,control,desktop,CA,9,0,4,0.0
U13116,control,mobile,UK,6,0,3,0.0
U13117,control,desktop,UK,4,0,5,0.0
U13118,treatment,desktop,DE,6,0,2,0.0
U13119,treatment,mobile,US,5,0,3,0.0
U13120,treatment,desktop,CA,5,0,5,0.0
U13121,control,desktop,FR,6,0,2,0.0
U13122,treatment,mobile,CA,5,0,2,0.0
U13123,control,console,DE,6,0,2,0.0
U13124,control,console,CA,8,0,1,0.0
U13125,control,mobile,DE,7,0,7,0.0
U13126,control,mobile,US,7,0,2,0.0
U13127,control,console,US,6,0,2,0.0
U13128,control,mobile,CA,5,0,3,0.0
U13129,control,console,UK,8,0,2,0.0
U13130,treatment,mobile,US,3,0,0,0.0
U13131,treatment,desktop,US,4,0,2,0.0
U13132,treatment,desktop,DE,2,0,5,0.0
U13133,control,mobile,DE,3,0,6,0.0
U13134,treatment,desktop,US,4,0,2,0.0
U13135,control,mobile,DE,3,0,1,0.0
U13136,control,mobile,US,9,0,4,0.0
U13137,treatment,mobile,UK,6,0,3,0.0
U13138,control,mobile,DE,7,0,2,0.0
U13139,control,mobile,UK,8,0,4,0.0
U13140,treatment,mobile,FR,4,0,4,0.0
U13141,treatment,mobile,CA,6,0,1,0.0
U13142,treatment,mobile,UK,5,0,4,0.0
U13143,control,mobile,US,3,0,1,0.0
U13144,control,console,UK,4,0,3,0.0
U13145,control,mobile,FR,6,0,3,0.0
U13146,treatment,desktop,UK,6,0,1,0.0
U13147,treatment,mobile,US,5,0,9,0.0
U13148,treatment,mobile,US,4,0,3,0.0
U13149,treatment,mobile,FR,4,0,3,0.0
U13150,control,mobile,DE,5,0,5,0.0
U13151,control,desktop,US,5,0,1,0.0
U13152,control,desktop,US,4,0,2,0.0
U13153,control,mobile,FR,5,1,4,32.44
U13154,treatment,mobile,US,9,0,6,0.0
U13155,treatment,console,US,10,0,6,0.0
U13156,treatment,mobile,UK,3,0,3,0.0
U13157,treatment,console,US,4,0,0,0.0
U13158,treatment,desktop,US,5,0,0,0.0
U13159,treatment,mobile,US,8,1,5,11.45
U13160,control,mobile,DE,6,0,3,0.0
U13161,control,mobile,CA,5,0,2,0.0
U13162,treatment,desktop,US,4,1,2,5.77
U13163,treatment,console,US,9,0,5,0.0
U13164,treatment,mobile,FR,4,0,3,0.0
U13165,control,console,US,9,0,4,0.0
U13166,control,mobile,US,2,0,2,0.0
U13167,control,mobile,US,3,0,3,0.0
U13168,treatment,desktop,US,8,0,2,0.0
U13169,treatment,console,UK,3,0,3,0.0
U13170,control,desktop,UK,4,0,5,0.0
U13171,control,console,US,6,0,4,0.0
U13172,control,desktop,CA,4,0,1,0.0
U13173,treatment,console,UK,6,0,2,0.0
U13174,treatment,console,UK,5,0,4,0.0
U13175,control,desktop,DE,6,1,4,18.08
U13176,control,desktop,CA,6,0,1,0.0
U13177,treatment,desktop,UK,6,0,5,0.0
U13178,control,console,DE,5,0,1,0.0
U13179,control,desktop,UK,2,0,2,0.0
U13180,treatment,mobile,UK,5,0,4,0.0
U13181,control,console,CA,3,0,2,0.0
U13182,treatment,desktop,DE,1,0,4,0.0
U13183,control,desktop,US,5,0,3,0.0
U13184,treatment,desktop,UK,5,0,3,0.0
U13185,control,mobile,US,7,0,1,0.0
U13186,treatment,mobile,UK,8,0,6,0.0
U13187,treatment,mobile,US,7,0,3,0.0
U13188,control,console,DE,4,0,6,0.0
U13189,control,desktop,US,5,0,6,0.0
U13190,control,console,DE,3,0,2,0.0
U13191,treatment,mobile,UK,8,0,4,0.0
U13192,control,console,FR,6,0,4,0.0
U13193,treatment,mobile,CA,6,0,4,0.0
U13194,control,mobile,CA,4,0,4,0.0
U13195,treatment,console,UK,7,0,1,0.0
U13196,treatment,desktop,UK,4,0,2,0.0
U13197,control,console,US,3,0,5,0.0
U13198,treatment,desktop,US,4,0,4,0.0
U13199,treatment,mobile,FR,5,0,3,0.0
U13200,control,mobile,US,4,0,3,0.0
U13201,treatment,console,US,8,0,7,0.0
U13202,treatment,desktop,US,3,0,3,0.0
U13203,treatment,desktop,CA,5,0,3,0.0
U13204,treatment,mobile,UK,1,0,5,0.0
U13205,treatment,mobile,CA,7,0,4,0.0
U13206,control,console,FR,4,0,3,0.0
U13207,treatment,console,UK,4,0,2,0.0
U13208,treatment,mobile,FR,7,1,7,28.67
U13209,control,mobile,US,5,0,3,0.0
U13210,treatment,mobile,US,5,0,3,0.0
U13211,treatment,mobile,US,4,0,2,0.0
U13212,control,console,CA,5,0,6,0.0
U13213,control,desktop,US,4,0,2,0.0
U13214,control,mobile,US,4,0,2,0.0
U13215,treatment,console,US,7,0,3,0.0
U13216,control,console,US,5,0,1,0.0
U13217,control,mobile,UK,7,0,3,0.0
U13218,treatment,console,UK,6,1,5,19.22
U13219,control,desktop,UK,5,0,2,0.0
U13220,treatment,mobile,US,3,0,0,0.0
U13221,control,console,DE,5,1,7,4.64
U13222,treatment,mobile,DE,5,0,2,0.0
U13223,control,console,US,4,0,5,0.0
U13224,treatment,desktop,FR,6,0,2,0.0
U13225,treatment,console,US,4,0,0,0.0
U13226,control,mobile,UK,4,0,5,0.0
U13227,treatment,mobile,CA,7,0,0,0.0
U13228,treatment,console,DE,3,0,4,0.0
U13229,treatment,console,US,7,0,2,0.0
U13230,treatment,console,UK,1,0,8,0.0
U13231,control,mobile,UK,9,0,9,0.0
U13232,control,desktop,US,5,0,4,0.0
U13233,control,mobile,FR,7,0,5,0.0
U13234,treatment,mobile,DE,5,0,2,0.0
U13235,control,desktop,UK,5,0,10,0.0
U13236,control,desktop,DE,6,0,5,0.0
U13237,treatment,desktop,US,1,0,1,0.0
U13238,control,mobile,UK,5,0,5,0.0
U13239,control,console,FR,4,0,4,0.0
U13240,treatment,console,US,5,0,3,0.0
U13241,treatment,mobile,DE,5,0,2,0.0
U13242,treatment,console,UK,5,0,8,0.0
U13243,treatment,console,UK,2,0,5,0.0
U13244,treatment,mobile,US,7,0,4,0.0
U13245,treatment,desktop,US,8,0,4,0.0
U13246,treatment,console,US,3,0,4,0.0
U13247,control,desktop,DE,8,0,3,0.0
U13248,control,mobile,DE,3,1,4,5.38
U13249,treatment,desktop,DE,4,0,4,0.0
U13250,control,console,UK,7,0,2,0.0
U13251,treatment,desktop,US,3,0,5,0.0
U13252,treatment,mobile,US,2,0,8,0.0
U13253,treatment,mobile,US,7,0,4,0.0
U13254,treatment,console,US,3,0,5,0.0
U13255,treatment,desktop,CA,8,0,2,0.0
U13256,treatment,console,UK,5,0,2,0.0
U13257,treatment,mobile,CA,4,0,3,0.0
U13258,control,console,FR,4,0,8,0.0
U13259,control,mobile,US,6,0,5,0.0
U13260,treatment,console,UK,5,0,4,0.0
U13261,treatment,console,US,6,0,7,0.0
U13262,control,mobile,UK,3,0,3,0.0
U13263,control,mobile,CA,2,0,3,0.0
U13264,treatment,console,US,5,0,7,0.0
U13265,treatment,console,US,2,0,4,0.0
U13266,control,desktop,DE,4,0,2,0.0
U13267,treatment,mobile,UK,4,0,1,0.0
U13268,treatment,console,US,6,0,3,0.0
U13269,control,desktop,DE,2,0,4,0.0
U13270,control,mobile,US,7,0,5,0.0
U13271,control,desktop,UK,5,0,2,0.0
U13272,treatment,mobile,US,6,0,5,0.0
U13273,control,console,US,3,0,1,0.0
U13274,treatment,console,US,5,0,2,0.0
U13275,control,mobile,US,7,0,4,0.0
U13276,treatment,mobile,US,5,0,5,0.0
U13277,treatment,mobile,US,3,0,3,0.0
U13278,control,mobile,US,3,0,2,0.0
U13279,treatment,console,US,5,0,4,0.0
U13280,treatment,console,US,6,0,6,0.0
U13281,control,mobile,US,6,0,2,0.0
U13282,treatment,mobile,UK,6,0,7,0.0
U13283,control,mobile,DE,6,0,4,0.0
U13284,control,desktop,UK,4,0,3,0.0
U13285,treatment,mobile,US,5,0,4,0.0
U13286,treatment,mobile,FR,3,0,0,0.0
U13287,treatment,console,CA,4,1,5,9.26
U13288,control,desktop,CA,3,0,5,0.0
U13289,control,console,US,5,1,5,21.36
U13290,treatment,mobile,US,5,0,1,0.0
U13291,treatment,mobile,FR,7,0,2,0.0
U13292,control,console,DE,2,0,0,0.0
U13293,control,console,CA,5,0,1,0.0
U13294,treatment,desktop,US,7,0,3,0.0
U13295,treatment,desktop,US,6,0,0,0.0
U13296,treatment,mobile,UK,6,0,6,0.0
U13297,treatment,desktop,UK,4,0,2,0.0
U13298,treatment,mobile,DE,6,0,2,0.0
U13299,control,mobile,CA,3,0,2,0.0
U13300,control,desktop,US,5,0,4,0.0
U13301,control,mobile,UK,2,1,4,3.62
U13302,treatment,mobile,US,5,0,1,0.0
U13303,control,mobile,UK,6,1,3,0.77
U13304,control,mobile,CA,3,0,3,0.0
U13305,treatment,console,UK,7,1,2,64.84
U13306,control,console,UK,6,0,0,0.0
U13307,treatment,mobile,US,3,1,4,8.67
U13308,treatment,mobile,US,4,0,3,0.0
U13309,control,console,DE,5,0,11,0.0
U13310,treatment,mobile,US,5,0,4,0.0
U13311,treatment,desktop,FR,5,0,7,0.0
U13312,control,mobile,US,5,0,6,0.0
U13313,treatment,desktop,UK,5,0,5,0.0
U13314,control,mobile,UK,6,0,4,0.0
U13315,treatment,desktop,US,5,0,1,0.0
U13316,control,desktop,US,8,0,4,0.0
U13317,treatment,mobile,US,5,0,5,0.0
U13318,treatment,mobile,UK,5,0,3,0.0
U13319,control,desktop,UK,8,0,6,0.0
U13320,treatment,console,UK,5,0,2,0.0
U13321,control,desktop,DE,6,1,5,16.88
U13322,treatment,mobile,DE,4,0,3,0.0
U13323,control,desktop,UK,4,1,6,11.24
U13324,control,mobile,US,3,0,2,0.0
U13325,control,console,CA,3,0,5,0.0
U13326,control,console,UK,7,0,4,0.0
U13327,treatment,mobile,UK,5,0,3,0.0
U13328,treatment,desktop,US,6,0,6,0.0
U13329,control,desktop,US,3,0,2,0.0
U13330,control,mobile,UK,10,0,3,0.0
U13331,control,desktop,CA,6,0,5,0.0
U13332,control,desktop,FR,8,0,2,0.0
U13333,control,desktop,DE,7,0,3,0.0
U13334,treatment,desktop,CA,7,0,0,0.0
U13335,treatment,desktop,UK,5,0,2,0.0
U13336,control,desktop,FR,5,0,3,0.0
U13337,control,desktop,CA,3,0,2,0.0
U13338,treatment,desktop,US,8,0,2,0.0
U13339,treatment,desktop,CA,5,0,3,0.0
U13340,treatment,desktop,FR,9,0,6,0.0
U13341,treatment,mobile,US,4,0,0,0.0
U13342,control,desktop,US,5,0,5,0.0
U13343,control,desktop,DE,4,0,6,0.0
U13344,control,mobile,US,2,0,3,0.0
U13345,control,mobile,US,3,0,8,0.0
U13346,control,desktop,UK,8,0,3,0.0
U13347,control,mobile,UK,8,0,7,0.0
U13348,control,mobile,UK,5,0,3,0.0
U13349,treatment,mobile,US,6,1,2,31.69
U13350,control,desktop,UK,7,0,4,0.0
U13351,control,console,UK,5,1,6,26.45
U13352,control,console,CA,8,0,5,0.0
U13353,treatment,console,US,5,0,4,0.0
U13354,treatment,console,CA,6,0,4,0.0
U13355,control,mobile,UK,3,0,2,0.0
U13356,control,mobile,US,6,0,4,0.0
U13357,control,mobile,DE,4,0,6,0.0
U13358,treatment,mobile,CA,4,0,4,0.0
U13359,treatment,console,DE,7,0,7,0.0
U13360,control,console,CA,3,0,5,0.0
U13361,control,desktop,UK,6,0,2,0.0
U13362,treatment,console,US,8,1,5,22.7
U13363,treatment,desktop,FR,3,0,5,0.0
U13364,treatment,mobile,US,4,0,2,0.0
U13365,treatment,mobile,UK,4,1,3,12.17
U13366,control,console,UK,6,0,2,0.0
U13367,treatment,desktop,FR,6,0,5,0.0
U13368,treatment,mobile,UK,10,0,6,0.0
U13369,treatment,mobile,US,8,0,6,0.0
U13370,control,console,UK,6,0,3,0.0
U13371,control,console,US,2,0,4,0.0
U13372,treatment,desktop,US,3,0,3,0.0
U13373,control,console,UK,3,0,2,0.0
U13374,control,mobile,DE,4,0,6,0.0
U13375,treatment,console,UK,7,0,5,0.0
U13376,treatment,desktop,FR,6,0,6,0.0
U13377,treatment,desktop,US,6,1,7,7.05
U13378,treatment,console,US,4,0,4,0.0
U13379,treatment,console,DE,4,0,4,0.0
U13380,treatment,mobile,US,3,0,4,0.0
U13381,control,console,UK,4,0,3,0.0
U13382,control,desktop,US,5,0,5,0.0
U13383,control,mobile,US,2,0,7,0.0
U13384,control,desktop,UK,3,1,3,34.96
U13385,control,desktop,DE,5,0,6,0.0
U13386,treatment,desktop,US,6,0,3,0.0
U13387,treatment,mobile,US,3,0,2,0.0
U13388,control,mobile,UK,7,0,1,0.0
U13389,treatment,mobile,UK,2,0,4,0.0
U13390,control,console,US,1,0,3,0.0
U13391,treatment,mobile,US,6,0,7,0.0
U13392,treatment,desktop,UK,3,0,3,0.0
U13393,treatment,desktop,US,3,0,4,0.0
U13394,treatment,mobile,UK,9,0,2,0.0
U13395,control,mobile,CA,8,0,4,0.0
U13396,control,mobile,US,2,0,1,0.0
U13397,control,console,FR,4,0,3,0.0
U13398,treatment,console,US,6,0,2,0.0
U13399,treatment,mobile,US,4,0,6,0.0
U13400,treatment,mobile,US,4,1,2,15.96
U13401,treatment,desktop,US,8,0,2,0.0
U13402,control,mobile,DE,3,0,1,0.0
U13403,control,desktop,CA,7,0,4,0.0
U13404,control,mobile,US,4,0,2,0.0
U13405,treatment,desktop,UK,4,0,3,0.0
U13406,control,mobile,DE,4,0,3,0.0
U13407,treatment,console,UK,5,0,1,0.0
U13408,control,mobile,FR,3,0,2,0.0
U13409,treatment,mobile,DE,4,0,8,0.0
U13410,treatment,console,FR,3,0,7,0.0
U13411,control,mobile,UK,3,0,0,0.0
U13412,treatment,mobile,US,5,0,2,0.0
U13413,control,mobile,US,3,0,4,0.0
U13414,treatment,desktop,US,4,0,4,0.0
U13415,treatment,desktop,FR,4,0,3,0.0
U13416,treatment,desktop,US,7,0,2,0.0
U13417,treatment,mobile,US,6,0,5,0.0
U13418,control,mobile,UK,3,0,1,0.0
U13419,treatment,mobile,US,7,0,4,0.0
U13420,control,mobile,US,5,0,0,0.0
U13421,control,mobile,US,3,0,3,0.0
U13422,control,desktop,US,5,0,2,0.0
U13423,control,desktop,DE,5,0,3,0.0
U13424,control,desktop,FR,3,0,1,0.0
U13425,control,desktop,UK,10,0,3,0.0
U13426,treatment,desktop,US,5,0,2,0.0
U13427,control,mobile,DE,5,0,2,0.0
U13428,treatment,desktop,DE,8,0,0,0.0
U13429,control,mobile,US,6,0,5,0.0
U13430,control,desktop,US,5,0,4,0.0
U13431,treatment,desktop,DE,6,0,3,0.0
U13432,control,desktop,US,5,0,4,0.0
U13433,treatment,console,US,5,0,3,0.0
U13434,control,mobile,UK,8,0,3,0.0
U13435,treatment,mobile,DE,8,0,3,0.0
U13436,treatment,console,US,5,1,3,18.72
U13437,control,mobile,US,7,0,6,0.0
U13438,treatment,mobile,DE,9,0,4,0.0
U13439,treatment,mobile,US,3,0,4,0.0
U13440,treatment,mobile,US,3,1,6,13.34
U13441,control,desktop,US,11,0,4,0.0
U13442,treatment,console,DE,8,0,4,0.0
U13443,control,desktop,FR,3,0,3,0.0
U13444,control,desktop,CA,3,1,2,14.38
U13445,treatment,console,FR,4,1,8,9.36
U13446,control,console,DE,2,0,2,0.0
U13447,treatment,mobile,FR,4,0,6,0.0
U13448,treatment,desktop,US,6,0,3,0.0
U13449,control,mobile,FR,6,1,3,4.04
U13450,control,mobile,US,7,0,3,0.0
U13451,control,console,US,3,0,5,0.0
U13452,treatment,console,UK,5,0,3,0.0
U13453,control,console,US,9,0,5,0.0
U13454,control,desktop,US,3,0,6,0.0
U13455,control,mobile,US,9,0,7,0.0
U13456,control,mobile,US,4,1,5,19.07
U13457,treatment,mobile,FR,3,1,3,8.62
U13458,treatment,mobile,FR,6,1,3,5.81
U13459,treatment,desktop,US,7,0,4,0.0
U13460,control,desktop,DE,7,0,8,0.0
U13461,control,mobile,US,3,0,7,0.0
U13462,control,mobile,US,6,0,5,0.0
U13463,treatment,mobile,CA,3,0,0,0.0
U13464,control,console,UK,4,1,3,8.51
U13465,control,mobile,FR,4,0,2,0.0
U13466,control,mobile,US,4,0,2,0.0
U13467,control,mobile,FR,3,0,2,0.0
U13468,treatment,mobile,DE,1,0,3,0.0
U13469,control,mobile,US,4,0,6,0.0
U13470,control,console,UK,6,0,5,0.0
U13471,treatment,mobile,UK,2,0,1,0.0
U13472,control,mobile,UK,5,0,2,0.0
U13473,control,mobile,FR,4,0,2,0.0
U13474,treatment,mobile,DE,5,0,2,0.0
U13475,control,console,US,8,1,2,11.45
U13476,control,desktop,US,3,0,2,0.0
U13477,control,desktop,US,4,0,7,0.0
U13478,treatment,desktop,DE,3,0,3,0.0
U13479,treatment,mobile,US,2,0,5,0.0
U13480,control,mobile,FR,4,0,2,0.0
U13481,control,mobile,DE,4,0,3,0.0
U13482,treatment,console,US,5,1,2,27.27
U13483,treatment,desktop,US,5,0,2,0.0
U13484,treatment,mobile,US,5,1,1,39.36
U13485,treatment,console,CA,6,0,6,0.0
U13486,treatment,mobile,UK,4,0,1,0.0
U13487,treatment,mobile,US,3,0,2,0.0
U13488,control,mobile,US,3,0,5,0.0
U13489,treatment,mobile,US,6,0,5,0.0
U13490,control,mobile,US,5,0,4,0.0
U13491,control,console,US,3,0,1,0.0
U13492,treatment,mobile,UK,4,1,3,8.91
U13493,treatment,mobile,DE,3,0,1,0.0
U13494,treatment,mobile,FR,6,0,2,0.0
U13495,treatment,mobile,CA,7,0,4,0.0
U13496,treatment,mobile,US,8,1,3,17.39
U13497,control,mobile,US,3,0,3,0.0
U13498,treatment,mobile,US,6,1,3,22.19
U13499,treatment,mobile,US,6,0,7,0.0
U13500,control,mobile,US,6,0,3,0.0
U13501,treatment,desktop,UK,4,0,2,0.0
U13502,control,console,US,4,1,3,30.96
U13503,treatment,mobile,UK,6,0,4,0.0
U13504,treatment,desktop,US,7,0,1,0.0
U13505,control,desktop,DE,4,0,7,0.0
U13506,control,desktop,CA,5,0,8,0.0
U13507,control,desktop,DE,9,0,2,0.0
U13508,control,desktop,US,3,0,3,0.0
U13509,treatment,console,US,8,0,3,0.0
U13510,treatment,mobile,DE,3,0,4,0.0
U13511,treatment,desktop,FR,3,0,0,0.0
U13512,treatment,desktop,DE,4,0,4,0.0
U13513,treatment,console,UK,4,0,3,0.0
U13514,treatment,desktop,DE,5,0,3,0.0
U13515,treatment,console,UK,8,0,2,0.0
U13516,control,desktop,US,8,0,4,0.0
U13517,control,desktop,CA,8,0,8,0.0
U13518,treatment,console,FR,2,0,7,0.0
U13519,treatment,desktop,US,6,0,3,0.0
U13520,control,desktop,DE,6,0,1,0.0
U13521,treatment,console,US,4,0,4,0.0
U13522,control,mobile,UK,8,0,3,0.0
U13523,treatment,console,FR,5,0,0,0.0
U13524,treatment,console,FR,4,0,3,0.0
U13525,treatment,desktop,US,5,0,2,0.0
U13526,treatment,mobile,FR,2,0,4,0.0
U13527,control,mobile,UK,4,0,4,0.0
U13528,control,mobile,US,7,0,3,0.0
U13529,treatment,mobile,CA,3,0,3,0.0
U13530,control,desktop,FR,1,0,4,0.0
U13531,treatment,console,US,6,0,3,0.0
U13532,control,desktop,US,6,0,4,0.0
U13533,treatment,mobile,DE,5,0,4,0.0
U13534,treatment,console,CA,7,0,5,0.0
U13535,control,console,UK,6,0,3,0.0
U13536,treatment,desktop,UK,6,1,6,12.86
U13537,treatment,mobile,US,4,0,3,0.0
U13538,treatment,desktop,US,4,0,8,0.0
U13539,treatment,mobile,US,4,0,4,0.0
U13540,treatment,mobile,DE,5,0,4,0.0
U13541,treatment,desktop,US,8,0,3,0.0
U13542,control,desktop,CA,6,0,4,0.0
U13543,treatment,mobile,US,4,1,3,9.91
U13544,control,console,FR,2,0,4,0.0
U13545,treatment,console,CA,8,0,3,0.0
U13546,treatment,desktop,US,6,0,4,0.0
U13547,control,mobile,UK,3,0,6,0.0
U13548,treatment,mobile,FR,8,0,4,0.0
U13549,control,desktop,US,4,0,2,0.0
U13550,control,console,US,3,0,4,0.0
U13551,control,desktop,UK,9,0,4,0.0
U13552,treatment,mobile,US,1,0,3,0.0
U13553,treatment,mobile,US,3,0,4,0.0
U13554,control,mobile,DE,5,0,3,0.0
U13555,treatment,desktop,CA,5,1,3,11.96
U13556,treatment,desktop,US,6,1,1,17.11
U13557,control,mobile,US,9,0,3,0.0
U13558,control,desktop,US,7,1,8,18.95
U13559,treatment,console,UK,4,1,0,4.68
U13560,treatment,mobile,UK,3,0,7,0.0
U13561,control,mobile,US,2,0,3,0.0
U13562,treatment,desktop,UK,5,0,2,0.0
U13563,treatment,console,UK,6,0,3,0.0
U13564,treatment,mobile,UK,4,0,6,0.0
U13565,control,mobile,UK,4,0,2,0.0
U13566,treatment,desktop,FR,6,0,5,0.0
U13567,control,mobile,US,9,0,4,0.0
U13568,control,console,CA,7,0,4,0.0
U13569,treatment,desktop,FR,8,1,3,9.11
U13570,treatment,mobile,FR,7,1,2,8.82
U13571,treatment,console,US,5,0,3,0.0
U13572,control,desktop,US,5,0,5,0.0
U13573,treatment,desktop,US,3,0,5,0.0
U13574,control,mobile,US,6,0,5,0.0
U13575,treatment,desktop,UK,4,1,3,20.35
U13576,control,console,US,4,0,3,0.0
U13577,treatment,mobile,DE,2,0,5,0.0
U13578,control,mobile,DE,3,1,4,27.17
U13579,control,console,US,6,0,4,0.0
U13580,treatment,mobile,US,4,0,7,0.0
U13581,control,mobile,US,7,1,3,13.09
U13582,treatment,mobile,DE,5,0,1,0.0
U13583,treatment,desktop,DE,3,0,1,0.0
U13584,control,desktop,FR,2,0,2,0.0
U13585,treatment,mobile,US,3,0,4,0.0
U13586,treatment,mobile,US,5,0,3,0.0
U13587,control,desktop,US,7,0,1,0.0
U13588,treatment,desktop,UK,4,0,3,0.0
U13589,treatment,mobile,US,5,0,4,0.0
U13590,control,desktop,FR,4,1,4,0.88
U13591,control,desktop,DE,5,1,2,7.55
U13592,treatment,mobile,US,6,0,4,0.0
U13593,treatment,mobile,US,4,0,0,0.0
U13594,treatment,console,US,3,0,2,0.0
U13595,treatment,console,UK,3,0,3,0.0
U13596,treatment,mobile,US,3,0,3,0.0
U13597,treatment,console,US,4,0,3,0.0
U13598,control,desktop,UK,4,0,4,0.0
U13599,control,console,US,6,0,5,0.0
U13600,treatment,console,UK,5,0,1,0.0
U13601,control,desktop,UK,6,0,3,0.0
U13602,control,desktop,US,2,0,2,0.0
U13603,treatment,mobile,DE,4,0,8,0.0
U13604,control,desktop,US,4,0,3,0.0
U13605,treatment,mobile,UK,4,0,2,0.0
U13606,treatment,desktop,US,4,1,5,41.22
U13607,treatment,mobile,US,4,1,5,33.93
U13608,treatment,console,FR,2,1,4,25.53
U13609,control,console,FR,4,0,5,0.0
U13610,control,mobile,DE,7,0,5,0.0
U13611,treatment,desktop,DE,5,1,4,41.51
U13612,control,console,DE,5,0,5,0.0
U13613,treatment,desktop,US,6,0,4,0.0
U13614,treatment,console,DE,5,0,4,0.0
U13615,treatment,desktop,US,2,0,1,0.0
U13616,control,mobile,US,8,0,2,0.0
U13617,control,desktop,FR,8,0,3,0.0
U13618,treatment,desktop,FR,5,0,1,0.0
U13619,treatment,mobile,US,3,0,2,0.0
U13620,control,console,CA,6,0,2,0.0
U13621,control,desktop,US,7,0,1,0.0
U13622,control,mobile,US,4,1,1,7.29
U13623,treatment,mobile,US,4,1,11,9.75
U13624,treatment,mobile,FR,5,0,1,0.0
U13625,control,mobile,CA,5,0,4,0.0
U13626,control,desktop,DE,3,0,1,0.0
U13627,treatment,mobile,US,7,0,1,0.0
U13628,control,console,US,6,0,3,0.0
U13629,treatment,console,US,4,1,1,14.66
U13630,control,desktop,DE,6,0,4,0.0
U13631,control,desktop,CA,3,0,2,0.0
U13632,control,console,FR,7,0,5,0.0
U13633,control,mobile,US,4,0,5,0.0
U13634,treatment,mobile,US,5,0,5,0.0
U13635,treatment,mobile,US,8,0,7,0.0
U13636,treatment,mobile,US,6,0,6,0.0
U13637,treatment,mobile,CA,5,0,3,0.0
U13638,treatment,desktop,US,2,0,1,0.0
U13639,control,desktop,FR,5,0,3,0.0
U13640,treatment,mobile,US,7,0,6,0.0
U13641,control,mobile,DE,4,0,4,0.0
U13642,control,mobile,CA,4,1,6,20.66
U13643,treatment,desktop,US,5,0,1,0.0
U13644,treatment,mobile,DE,8,0,1,0.0
U13645,treatment,mobile,UK,3,0,4,0.0
U13646,treatment,mobile,UK,2,0,2,0.0
U13647,control,desktop,US,4,0,1,0.0
U13648,treatment,mobile,US,6,1,3,14.57
U13649,control,desktop,DE,5,0,4,0.0
U13650,treatment,console,US,3,0,1,0.0
U13651,control,desktop,UK,4,0,1,0.0
U13652,control,mobile,FR,8,0,2,0.0
U13653,treatment,desktop,FR,4,1,1,23.27
U13654,treatment,mobile,CA,7,0,1,0.0
U13655,control,console,US,6,0,4,0.0
U13656,treatment,console,US,1,0,7,0.0
U13657,treatment,mobile,US,5,0,3,0.0
U13658,treatment,mobile,CA,7,0,1,0.0
U13659,control,desktop,US,4,0,3,0.0
U13660,treatment,desktop,CA,7,1,6,22.77
U13661,treatment,mobile,FR,5,0,2,0.0
U13662,treatment,console,US,4,1,3,4.52
U13663,treatment,mobile,US,5,0,3,0.0
U13664,treatment,console,US,9,0,1,0.0
U13665,treatment,console,US,3,1,6,25.23
U13666,control,mobile,CA,7,0,7,0.0
U13667,control,mobile,UK,4,0,2,0.0
U13668,treatment,mobile,FR,3,1,2,14.3
U13669,treatment,console,US,6,0,2,0.0
U13670,treatment,mobile,DE,6,0,3,0.0
U13671,treatment,mobile,US,2,0,0,0.0
U13672,treatment,desktop,US,3,0,3,0.0
U13673,treatment,mobile,DE,5,1,5,9.26
U13674,control,mobile,US,3,0,1,0.0
U13675,control,console,CA,3,1,4,4.92
U13676,control,desktop,DE,5,0,2,0.0
U13677,control,desktop,UK,7,1,4,10.93
U13678,treatment,mobile,US,7,0,2,0.0
U13679,control,desktop,US,3,0,2,0.0
U13680,treatment,desktop,US,3,0,2,0.0
U13681,control,mobile,US,5,0,1,0.0
U13682,control,console,UK,6,0,4,0.0
U13683,treatment,mobile,FR,4,0,3,0.0
U13684,control,mobile,CA,2,0,2,0.0
U13685,treatment,console,UK,3,0,4,0.0
U13686,treatment,mobile,FR,4,0,3,0.0
U13687,control,console,US,4,1,3,6.88
U13688,treatment,mobile,US,7,0,2,0.0
U13689,control,mobile,UK,4,0,2,0.0
U13690,treatment,mobile,US,2,0,6,0.0
U13691,control,mobile,US,7,0,3,0.0
U13692,control,console,DE,3,1,5,22.81
U13693,control,console,US,4,0,4,0.0
U13694,treatment,desktop,FR,4,0,2,0.0
U13695,control,mobile,UK,6,0,7,0.0
U13696,treatment,desktop,US,4,0,8,0.0
U13697,treatment,mobile,UK,6,1,7,17.52
U13698,control,mobile,UK,4,0,3,0.0
U13699,control,mobile,US,6,0,1,0.0
U13700,control,mobile,UK,5,0,3,0.0
U13701,control,mobile,FR,7,0,6,0.0
U13702,treatment,desktop,US,4,0,3,0.0
U13703,treatment,mobile,DE,3,0,3,0.0
U13704,treatment,mobile,UK,4,1,6,14.82
U13705,control,mobile,US,9,0,2,0.0
U13706,control,desktop,US,8,1,8,6.15
U13707,treatment,desktop,UK,8,0,4,0.0
U13708,treatment,mobile,UK,7,1,5,11.96
U13709,treatment,console,UK,5,0,2,0.0
U13710,treatment,desktop,CA,4,0,2,0.0
U13711,control,mobile,US,8,0,1,0.0
U13712,control,mobile,UK,4,0,5,0.0
U13713,treatment,console,US,3,0,7,0.0
U13714,treatment,mobile,FR,8,0,8,0.0
U13715,treatment,mobile,UK,5,0,2,0.0
U13716,control,desktop,US,9,0,6,0.0
U13717,treatment,mobile,CA,7,0,5,0.0
U13718,treatment,console,FR,6,0,7,0.0
U13719,treatment,console,US,10,0,2,0.0
U13720,control,console,UK,5,0,4,0.0
U13721,treatment,desktop,US,7,0,4,0.0
U13722,treatment,desktop,FR,4,0,4,0.0
U13723,treatment,mobile,DE,6,1,3,12.15
U13724,control,console,US,3,0,7,0.0
U13725,control,mobile,UK,5,0,2,0.0
U13726,treatment,mobile,UK,8,0,4,0.0
U13727,control,console,DE,7,1,3,15.72
U13728,control,console,DE,6,0,2,0.0
U13729,treatment,desktop,US,9,0,5,0.0
U13730,control,desktop,US,10,0,2,0.0
U13731,control,mobile,FR,2,0,3,0.0
U13732,control,desktop,DE,5,0,2,0.0
U13733,treatment,mobile,US,3,0,1,0.0
U13734,treatment,mobile,CA,2,0,4,0.0
U13735,control,mobile,UK,3,1,2,10.02
U13736,control,console,US,7,0,7,0.0
U13737,control,console,US,3,0,1,0.0
U13738,treatment,console,DE,1,0,6,0.0
U13739,control,console,US,6,1,2,19.83
U13740,treatment,mobile,UK,5,0,4,0.0
U13741,treatment,mobile,US,10,0,2,0.0
U13742,treatment,mobile,US,7,1,2,19.83
U13743,control,mobile,US,4,1,4,5.62
U13744,control,desktop,UK,6,0,2,0.0
U13745,control,mobile,US,1,0,0,0.0
U13746,control,console,CA,4,0,6,0.0
U13747,control,mobile,UK,6,0,7,0.0
U13748,treatment,mobile,US,7,0,1,0.0
U13749,treatment,console,US,5,0,3,0.0
U13750,treatment,desktop,FR,6,0,4,0.0
U13751,treatment,mobile,US,5,0,2,0.0
U13752,treatment,desktop,DE,7,0,4,0.0
U13753,control,desktop,DE,4,0,1,0.0
U13754,control,mobile,US,8,0,4,0.0
U13755,treatment,desktop,CA,4,0,4,0.0
U13756,control,console,DE,4,0,3,0.0
U13757,treatment,mobile,DE,7,0,2,0.0
U13758,control,mobile,DE,7,0,4,0.0
U13759,control,mobile,US,6,0,4,0.0
U13760,control,desktop,DE,4,0,3,0.0
U13761,treatment,console,DE,4,0,3,0.0
U13762,treatment,mobile,FR,4,0,4,0.0
U13763,treatment,console,CA,5,0,3,0.0
U13764,treatment,console,US,8,0,5,0.0
U13765,treatment,mobile,DE,6,0,6,0.0
U13766,control,console,US,4,0,5,0.0
U13767,control,console,FR,7,0,5,0.0
U13768,control,console,DE,5,0,2,0.0
U13769,treatment,desktop,CA,4,1,5,20.99
U13770,control,mobile,DE,8,0,1,0.0
U13771,control,mobile,DE,8,0,4,0.0
U13772,treatment,mobile,UK,7,0,4,0.0
U13773,treatment,desktop,DE,5,0,4,0.0
U13774,treatment,mobile,US,3,0,5,0.0
U13775,control,desktop,US,2,0,3,0.0
U13776,control,console,US,6,0,5,0.0
U13777,treatment,mobile,US,6,0,5,0.0
U13778,control,console,FR,4,0,2,0.0
U13779,control,mobile,US,4,0,1,0.0
U13780,control,mobile,US,7,0,4,0.0
U13781,treatment,console,FR,5,0,2,0.0
U13782,control,mobile,UK,9,0,4,0.0
U13783,control,mobile,US,7,0,2,0.0
U13784,treatment,console,US,2,1,4,9.58
U13785,control,console,UK,5,0,2,0.0
U13786,treatment,console,FR,8,0,3,0.0
U13787,treatment,mobile,DE,5,0,2,0.0
U13788,control,mobile,DE,4,0,6,0.0
U13789,treatment,mobile,US,3,0,1,0.0
U13790,control,mobile,US,4,0,1,0.0
U13791,control,console,DE,6,0,1,0.0
U13792,treatment,mobile,DE,5,0,4,0.0
U13793,treatment,desktop,US,5,0,2,0.0
U13794,treatment,mobile,US,8,0,5,0.0
U13795,treatment,desktop,US,7,0,1,0.0
U13796,treatment,mobile,UK,4,0,1,0.0
U13797,control,mobile,UK,4,0,4,0.0
U13798,control,mobile,DE,6,0,6,0.0
U13799,treatment,console,US,5,0,4,0.0
U13800,treatment,desktop,DE,3,0,0,0.0
U13801,treatment,desktop,US,4,0,2,0.0
U13802,control,mobile,US,6,0,5,0.0
U13803,control,desktop,DE,2,0,3,0.0
U13804,control,desktop,UK,7,0,6,0.0
U13805,control,desktop,CA,3,0,3,0.0
U13806,control,desktop,US,6,1,3,34.82
U13807,treatment,console,FR,6,0,3,0.0
U13808,control,console,US,4,0,5,0.0
U13809,control,console,US,7,1,3,34.08
U13810,treatment,desktop,US,4,0,7,0.0
U13811,control,mobile,US,3,0,2,0.0
U13812,control,mobile,US,5,0,3,0.0
U13813,control,mobile,US,3,1,1,5.59
U13814,treatment,mobile,FR,6,0,4,0.0
U13815,treatment,mobile,US,3,0,3,0.0
U13816,treatment,desktop,UK,2,0,0,0.0
U13817,control,desktop,US,6,0,7,0.0
U13818,control,desktop,CA,4,0,6,0.0
U13819,treatment,console,UK,4,0,4,0.0
U13820,treatment,mobile,DE,4,0,1,0.0
U13821,treatment,mobile,US,6,0,3,0.0
U13822,control,desktop,US,6,0,3,0.0
U13823,treatment,desktop,US,6,1,3,42.64
U13824,treatment,desktop,CA,7,0,5,0.0
U13825,control,console,US,7,1,4,6.96
U13826,treatment,mobile,US,1,1,6,5.31
U13827,treatment,desktop,DE,9,0,7,0.0
U13828,control,console,UK,4,1,1,13.64
U13829,control,mobile,CA,4,0,3,0.0
U13830,control,desktop,US,7,0,5,0.0
U13831,control,mobile,FR,8,1,8,10.13
U13832,treatment,mobile,FR,3,0,1,0.0
U13833,control,mobile,UK,6,0,7,0.0
U13834,treatment,desktop,CA,6,0,4,0.0
U13835,treatment,desktop,CA,1,1,3,9.42
U13836,treatment,console,FR,2,0,6,0.0
U13837,treatment,desktop,US,5,0,7,0.0
U13838,treatment,mobile,DE,7,0,4,0.0
U13839,control,console,UK,8,0,3,0.0
U13840,control,mobile,CA,8,0,5,0.0
U13841,treatment,desktop,US,5,0,4,0.0
U13842,control,mobile,DE,2,0,2,0.0
U13843,treatment,console,FR,3,1,1,24.63
U13844,treatment,console,CA,4,0,4,0.0
U13845,treatment,mobile,FR,6,0,5,0.0
U13846,control,desktop,FR,2,0,1,0.0
U13847,control,desktop,DE,6,0,5,0.0
U13848,control,mobile,US,8,0,3,0.0
U13849,control,mobile,UK,6,0,3,0.0
U13850,treatment,desktop,CA,3,0,6,0.0
U13851,treatment,mobile,US,5,0,6,0.0
U13852,control,mobile,FR,4,0,6,0.0
U13853,treatment,console,US,3,0,9,0.0
U13854,treatment,desktop,US,5,0,5,0.0
U13855,control,mobile,US,4,0,4,0.0
U13856,treatment,console,CA,4,0,6,0.0
U13857,control,console,US,3,0,4,0.0
U13858,treatment,console,US,3,0,1,0.0
U13859,control,desktop,UK,5,0,5,0.0
U13860,treatment,mobile,US,3,0,6,0.0
U13861,control,mobile,US,1,0,5,0.0
U13862,treatment,console,UK,8,0,4,0.0
U13863,treatment,console,DE,3,0,5,0.0
U13864,control,desktop,FR,2,0,3,0.0
U13865,control,desktop,FR,6,0,3,0.0
U13866,control,mobile,DE,9,0,3,0.0
U13867,treatment,desktop,UK,8,0,3,0.0
U13868,treatment,mobile,DE,6,0,3,0.0
U13869,control,desktop,DE,3,0,5,0.0
U13870,control,desktop,FR,6,0,5,0.0
U13871,treatment,console,DE,7,0,0,0.0
U13872,control,desktop,DE,4,0,3,0.0
U13873,control,desktop,DE,5,0,1,0.0
U13874,control,mobile,FR,5,0,3,0.0
U13875,treatment,mobile,US,5,0,5,0.0
U13876,control,mobile,UK,3,0,3,0.0
U13877,treatment,mobile,FR,6,0,6,0.0
U13878,control,mobile,DE,5,0,2,0.0
U13879,treatment,mobile,DE,5,1,3,31.3
U13880,control,desktop,US,4,0,1,0.0
U13881,treatment,mobile,UK,3,0,6,0.0
U13882,treatment,desktop,FR,4,0,2,0.0
U13883,control,console,UK,4,0,1,0.0
U13884,control,mobile,US,4,0,5,0.0
U13885,control,mobile,US,4,0,4,0.0
U13886,control,mobile,UK,7,0,3,0.0
U13887,control,mobile,US,2,0,2,0.0
U13888,control,desktop,UK,3,0,4,0.0
U13889,control,console,US,2,0,9,0.0
U13890,control,mobile,CA,6,0,5,0.0
U13891,control,mobile,US,4,0,2,0.0
U13892,treatment,mobile,CA,11,0,7,0.0
U13893,treatment,mobile,US,5,1,1,16.13
U13894,control,console,FR,4,0,2,0.0
U13895,treatment,desktop,UK,4,0,2,0.0
U13896,control,desktop,US,4,1,2,8.66
U13897,control,console,US,4,0,3,0.0
U13898,treatment,desktop,UK,7,1,3,5.95
U13899,control,mobile,CA,3,0,1,0.0
U13900,control,desktop,US,11,0,3,0.0
U13901,treatment,desktop,US,3,0,2,0.0
U13902,treatment,mobile,US,2,0,8,0.0
U13903,control,desktop,US,3,0,0,0.0
U13904,treatment,desktop,CA,6,0,2,0.0
U13905,treatment,mobile,DE,2,0,7,0.0
U13906,treatment,desktop,UK,6,0,3,0.0
U13907,control,mobile,US,8,1,2,24.78
U13908,treatment,mobile,UK,6,0,2,0.0
U13909,treatment,mobile,DE,2,0,5,0.0
U13910,control,desktop,US,4,0,5,0.0
U13911,treatment,console,CA,5,0,2,0.0
U13912,control,desktop,CA,7,0,4,0.0
U13913,control,desktop,UK,7,0,8,0.0
U13914,control,mobile,UK,4,1,5,11.79
U13915,control,desktop,FR,4,0,1,0.0
U13916,control,mobile,US,2,0,2,0.0
U13917,control,desktop,US,7,0,1,0.0
U13918,treatment,desktop,US,3,1,3,42.28
U13919,treatment,mobile,US,8,1,5,15.14
U13920,control,console,DE,7,0,1,0.0
U13921,treatment,mobile,CA,5,0,2,0.0
U13922,treatment,desktop,DE,5,0,5,0.0
U13923,treatment,desktop,US,5,0,2,0.0
U13924,control,desktop,US,3,0,3,0.0
U13925,control,desktop,CA,8,0,5,0.0
U13926,control,mobile,US,6,0,2,0.0
U13927,treatment,console,US,4,0,5,0.0
U13928,treatment,desktop,UK,8,0,4,0.0
U13929,control,desktop,CA,6,0,4,0.0
U13930,treatment,desktop,US,5,0,2,0.0
U13931,control,mobile,CA,6,0,3,0.0
U13932,treatment,console,UK,3,0,2,0.0
U13933,control,mobile,US,4,0,5,0.0
U13934,control,console,US,2,0,4,0.0
U13935,control,mobile,US,3,0,3,0.0
U13936,control,console,CA,4,0,4,0.0
U13937,control,console,US,4,1,6,2.5
U13938,control,console,FR,4,0,2,0.0
U13939,treatment,console,FR,4,0,8,0.0
U13940,control,desktop,US,7,0,2,0.0
U13941,control,desktop,US,5,0,2,0.0
U13942,control,mobile,FR,3,0,4,0.0
U13943,treatment,desktop,DE,4,0,3,0.0
U13944,treatment,desktop,US,7,1,3,19.93
U13945,treatment,mobile,FR,3,0,3,0.0
U13946,treatment,desktop,US,6,1,4,6.8
U13947,control,mobile,CA,6,0,3,0.0
U13948,control,desktop,DE,10,0,4,0.0
U13949,control,desktop,US,3,0,1,0.0
U13950,control,console,US,5,0,4,0.0
U13951,control,mobile,FR,6,0,5,0.0
U13952,treatment,mobile,CA,3,0,3,0.0
U13953,control,desktop,US,2,1,6,30.69
U13954,treatment,desktop,UK,8,0,6,0.0
U13955,control,mobile,UK,7,1,4,25.21
U13956,treatment,desktop,US,4,1,1,6.61
U13957,treatment,console,US,4,1,4,4.18
U13958,control,desktop,US,4,0,2,0.0
U13959,treatment,mobile,UK,3,0,7,0.0
U13960,control,mobile,US,3,0,6,0.0
U13961,control,desktop,CA,5,0,4,0.0
U13962,control,desktop,US,5,0,3,0.0
U13963,treatment,console,DE,2,0,2,0.0
U13964,control,mobile,UK,5,0,5,0.0
U13965,treatment,desktop,DE,5,0,5,0.0
U13966,treatment,console,CA,4,0,2,0.0
U13967,control,mobile,US,6,0,1,0.0
U13968,control,console,FR,5,0,1,0.0
U13969,treatment,desktop,UK,5,1,6,9.27
U13970,treatment,desktop,US,7,0,6,0.0
U13971,treatment,mobile,UK,3,0,3,0.0
U13972,control,console,US,4,1,3,15.1
U13973,treatment,console,US,9,0,0,0.0
U13974,treatment,mobile,DE,5,0,4,0.0
U13975,control,desktop,US,7,1,1,9.13
U13976,treatment,mobile,FR,8,0,1,0.0
U13977,treatment,mobile,US,4,0,5,0.0
U13978,treatment,desktop,US,4,0,1,0.0
U13979,control,desktop,US,6,0,5,0.0
U13980,treatment,mobile,DE,9,0,2,0.0
U13981,control,mobile,FR,4,0,0,0.0
U13982,treatment,mobile,FR,2,1,5,16.49
U13983,treatment,mobile,US,10,0,6,0.0
U13984,control,mobile,CA,4,0,6,0.0
U13985,treatment,mobile,US,5,0,4,0.0
U13986,treatment,console,CA,5,0,1,0.0
U13987,control,mobile,US,5,0,4,0.0
U13988,treatment,console,US,6,0,7,0.0
U13989,treatment,mobile,US,5,0,2,0.0
U13990,control,desktop,US,6,1,3,18.91
U13991,treatment,mobile,US,7,0,9,0.0
U13992,control,mobile,UK,5,0,3,0.0
U13993,treatment,desktop,US,3,0,2,0.0
U13994,treatment,mobile,US,5,0,5,0.0
U13995,control,mobile,DE,5,0,3,0.0
U13996,treatment,mobile,CA,7,0,3,0.0
U13997,control,console,CA,4,0,5,0.0
U13998,treatment,mobile,US,5,0,5,0.0
U13999,control,mobile,US,4,0,5,0.0
U14000,treatment,mobile,DE,7,1,3,54.94
U14001,treatment,desktop,FR,6,0,0,0.0
U14002,treatment,console,DE,6,0,2,0.0
U14003,treatment,mobile,DE,5,0,5,0.0
U14004,treatment,mobile,US,5,0,6,0.0
U14005,control,desktop,FR,5,0,2,0.0
U14006,treatment,console,DE,5,0,3,0.0
U14007,control,mobile,UK,4,0,3,0.0
U14008,treatment,console,US,5,0,5,0.0
U14009,control,desktop,US,3,0,4,0.0
U14010,treatment,mobile,US,3,0,5,0.0
U14011,control,console,DE,6,0,10,0.0
U14012,control,desktop,DE,4,0,3,0.0
U14013,control,mobile,CA,2,0,4,0.0
U14014,control,mobile,CA,3,0,4,0.0
U14015,treatment,mobile,US,7,0,3,0.0
U14016,treatment,mobile,UK,4,0,5,0.0
U14017,control,desktop,UK,8,0,4,0.0
U14018,treatment,desktop,CA,6,0,2,0.0
U14019,treatment,console,US,6,0,10,0.0
U14020,treatment,desktop,US,5,1,5,7.14
U14021,control,mobile,DE,3,0,4,0.0
U14022,control,mobile,UK,8,0,4,0.0
U14023,treatment,console,DE,7,1,2,12.48
U14024,treatment,mobile,FR,5,0,2,0.0
U14025,control,mobile,DE,9,0,6,0.0
U14026,control,desktop,US,5,1,1,11.53
U14027,treatment,console,UK,3,0,0,0.0
U14028,treatment,mobile,US,3,0,5,0.0
U14029,control,desktop,US,9,0,5,0.0
U14030,treatment,mobile,US,4,0,2,0.0
U14031,treatment,console,UK,6,0,3,0.0
U14032,treatment,desktop,US,6,1,6,10.39
U14033,treatment,desktop,US,4,1,0,10.15
U14034,control,mobile,US,5,0,2,0.0
U14035,treatment,desktop,US,6,0,3,0.0
U14036,treatment,mobile,US,4,0,4,0.0
U14037,control,desktop,DE,5,0,2,0.0
U14038,treatment,console,UK,2,1,3,7.19
U14039,treatment,mobile,US,3,0,5,0.0
U14040,control,desktop,DE,5,0,5,0.0
U14041,treatment,mobile,DE,4,0,4,0.0
U14042,treatment,desktop,CA,3,0,4,0.0
U14043,control,desktop,FR,5,0,0,0.0
U14044,control,desktop,DE,2,0,4,0.0
U14045,control,desktop,FR,4,0,6,0.0
U14046,control,console,CA,2,0,1,0.0
U14047,control,console,FR,3,0,2,0.0
U14048,control,console,DE,11,0,0,0.0
U14049,control,mobile,FR,5,0,3,0.0
U14050,treatment,console,US,4,0,3,0.0
U14051,control,mobile,CA,3,0,1,0.0
U14052,control,mobile,UK,4,0,5,0.0
U14053,control,mobile,US,5,0,4,0.0
U14054,treatment,mobile,UK,10,0,6,0.0
U14055,control,console,FR,3,0,1,0.0
U14056,control,mobile,US,6,0,3,0.0
U14057,control,desktop,DE,4,1,7,6.23
U14058,treatment,mobile,US,6,0,3,0.0
U14059,control,mobile,US,6,0,5,0.0
U14060,control,console,FR,4,0,3,0.0
U14061,treatment,desktop,US,3,0,0,0.0
U14062,control,mobile,DE,8,0,5,0.0
U14063,control,desktop,FR,5,0,5,0.0
U14064,control,console,US,3,0,6,0.0
U14065,treatment,mobile,US,5,0,5,0.0
U14066,treatment,mobile,UK,3,0,7,0.0
U14067,treatment,console,US,2,0,3,0.0
U14068,treatment,mobile,FR,7,0,4,0.0
U14069,control,mobile,UK,7,0,2,0.0
U14070,treatment,mobile,UK,3,1,5,9.04
U14071,treatment,mobile,DE,4,0,4,0.0
U14072,control,console,DE,8,0,5,0.0
U14073,treatment,console,US,4,0,5,0.0
U14074,treatment,desktop,US,4,0,3,0.0
U14075,control,desktop,US,8,0,8,0.0
U14076,treatment,console,UK,5,0,5,0.0
U14077,control,desktop,US,6,0,4,0.0
U14078,treatment,desktop,DE,8,0,3,0.0
U14079,control,console,FR,5,0,6,0.0
U14080,treatment,mobile,US,2,1,5,15.32
U14081,control,mobile,UK,3,0,5,0.0
U14082,control,console,US,3,0,4,0.0
U14083,control,desktop,FR,4,0,1,0.0
U14084,control,mobile,DE,7,1,2,3.93
U14085,treatment,mobile,FR,8,1,3,25.64
U14086,control,desktop,US,5,0,2,0.0
U14087,treatment,desktop,UK,6,0,7,0.0
U14088,treatment,console,FR,6,0,1,0.0
U14089,treatment,console,US,6,0,5,0.0
U14090,treatment,desktop,UK,6,0,1,0.0
U14091,control,desktop,US,7,0,3,0.0
U14092,treatment,desktop,DE,5,0,2,0.0
U14093,treatment,mobile,US,8,0,2,0.0
U14094,control,mobile,DE,6,0,2,0.0
U14095,treatment,mobile,US,6,0,2,0.0
U14096,control,console,FR,4,0,1,0.0
U14097,treatment,console,FR,6,0,2,0.0
U14098,control,mobile,DE,6,0,1,0.0
U14099,treatment,console,UK,3,1,3,18.86
U14100,treatment,desktop,US,5,0,3,0.0
U14101,treatment,mobile,FR,5,0,5,0.0
U14102,treatment,mobile,US,7,0,3,0.0
U14103,treatment,console,US,7,0,8,0.0
U14104,control,mobile,CA,5,0,3,0.0
U14105,treatment,desktop,FR,5,0,6,0.0
U14106,treatment,desktop,CA,4,0,4,0.0
U14107,control,desktop,US,2,0,4,0.0
U14108,control,desktop,UK,3,0,1,0.0
U14109,treatment,desktop,UK,7,0,6,0.0
U14110,control,console,DE,7,0,2,0.0
U14111,treatment,mobile,FR,2,1,4,18.76
U14112,treatment,mobile,US,4,1,4,10.88
U14113,treatment,mobile,US,5,0,5,0.0
U14114,treatment,desktop,FR,4,0,2,0.0
U14115,control,desktop,UK,5,0,2,0.0
U14116,control,desktop,UK,4,0,3,0.0
U14117,control,mobile,CA,9,0,5,0.0
U14118,treatment,desktop,US,3,0,3,0.0
U14119,treatment,console,FR,8,0,2,0.0
U14120,treatment,desktop,CA,6,0,3,0.0
U14121,control,desktop,FR,5,0,2,0.0
U14122,control,desktop,US,4,1,3,21.37
U14123,control,desktop,DE,7,0,4,0.0
U14124,treatment,mobile,DE,7,0,5,0.0
U14125,control,desktop,CA,3,0,2,0.0
U14126,control,mobile,UK,7,0,4,0.0
U14127,treatment,mobile,DE,6,0,3,0.0
U14128,control,desktop,FR,6,0,4,0.0
U14129,treatment,mobile,US,3,0,4,0.0
U14130,treatment,mobile,DE,5,1,3,24.57
U14131,control,desktop,US,5,0,5,0.0
U14132,control,desktop,UK,3,0,3,0.0
U14133,control,mobile,UK,6,1,4,11.39
U14134,control,mobile,US,7,0,3,0.0
U14135,treatment,desktop,UK,6,1,2,7.73
U14136,treatment,desktop,US,2,1,6,31.73
U14137,control,desktop,US,6,0,4,0.0
U14138,treatment,desktop,UK,6,0,2,0.0
U14139,treatment,console,US,6,1,2,30.38
U14140,treatment,mobile,DE,4,0,7,0.0
U14141,treatment,desktop,US,4,0,5,0.0
U14142,control,mobile,DE,3,0,6,0.0
U14143,control,mobile,FR,2,0,4,0.0
U14144,treatment,console,FR,8,1,3,27.55
U14145,treatment,console,DE,3,0,2,0.0
U14146,treatment,mobile,DE,2,0,5,0.0
U14147,treatment,mobile,US,4,0,4,0.0
U14148,control,console,US,2,0,3,0.0
U14149,control,mobile,UK,5,0,2,0.0
U14150,control,console,CA,6,1,3,20.71
U14151,treatment,mobile,FR,7,0,3,0.0
U14152,control,mobile,DE,6,0,3,0.0
U14153,control,mobile,DE,3,0,3,0.0
U14154,control,desktop,US,6,0,1,0.0
U14155,control,mobile,UK,5,0,7,0.0
U14156,treatment,mobile,US,2,1,7,5.53
U14157,treatment,console,US,4,1,5,36.29
U14158,control,mobile,FR,7,0,7,0.0
U14159,treatment,desktop,DE,2,0,1,0.0
U14160,treatment,mobile,US,4,0,6,0.0
U14161,treatment,desktop,US,3,0,5,0.0
U14162,treatment,mobile,FR,7,0,3,0.0
U14163,treatment,desktop,FR,5,1,0,6.92
U14164,control,console,FR,6,0,4,0.0
U14165,treatment,console,US,4,0,3,0.0
U14166,treatment,console,US,4,0,5,0.0
U14167,treatment,mobile,US,8,0,1,0.0
U14168,treatment,mobile,UK,8,1,7,16.32
U14169,treatment,mobile,US,1,1,1,18.89
U14170,control,desktop,US,5,0,1,0.0
U14171,treatment,mobile,DE,7,0,2,0.0
U14172,treatment,console,US,4,0,2,0.0
U14173,control,console,UK,8,0,4,0.0
U14174,treatment,mobile,US,10,0,6,0.0
U14175,control,mobile,US,2,0,4,0.0
U14176,treatment,desktop,DE,5,0,4,0.0
U14177,control,mobile,FR,5,0,4,0.0
U14178,control,mobile,US,7,1,2,17.05
U14179,control,mobile,US,5,0,1,0.0
U14180,treatment,console,US,4,0,4,0.0
U14181,treatment,desktop,DE,2,0,4,0.0
U14182,control,mobile,FR,6,0,6,0.0
U14183,control,mobile,US,3,0,5,0.0
U14184,treatment,console,FR,5,0,3,0.0
U14185,control,mobile,UK,6,1,5,9.76
U14186,treatment,console,CA,5,0,2,0.0
U14187,treatment,desktop,FR,5,0,6,0.0
U14188,control,console,UK,5,0,2,0.0
U14189,control,console,DE,6,0,2,0.0
U14190,control,console,US,3,0,2,0.0
U14191,treatment,desktop,CA,4,0,1,0.0
U14192,control,desktop,US,8,0,4,0.0
U14193,treatment,mobile,DE,5,1,4,26.21
U14194,control,desktop,US,8,0,5,0.0
U14195,treatment,desktop,US,8,0,6,0.0
U14196,treatment,desktop,FR,9,0,9,0.0
U14197,treatment,desktop,DE,5,0,8,0.0
U14198,treatment,mobile,US,5,0,4,0.0
U14199,treatment,mobile,CA,7,0,1,0.0
U14200,control,mobile,CA,5,0,2,0.0
U14201,treatment,mobile,FR,1,0,3,0.0
U14202,control,desktop,UK,4,1,2,23.68
U14203,control,console,FR,3,0,6,0.0
U14204,treatment,desktop,US,3,0,1,0.0
U14205,treatment,console,US,4,0,4,0.0
U14206,control,console,CA,2,0,2,0.0
U14207,control,mobile,US,7,0,5,0.0
U14208,treatment,desktop,UK,6,0,5,0.0
U14209,control,mobile,FR,3,0,3,0.0
U14210,control,console,UK,3,0,4,0.0
U14211,control,desktop,UK,7,0,6,0.0
U14212,control,mobile,US,4,1,2,1.92
U14213,treatment,mobile,DE,4,0,4,0.0
U14214,control,desktop,US,4,0,0,0.0
U14215,control,mobile,US,4,0,4,0.0
U14216,control,mobile,CA,7,1,5,5.63
U14217,control,console,FR,5,0,1,0.0
U14218,treatment,mobile,DE,1,0,4,0.0
U14219,treatment,desktop,US,4,0,2,0.0
U14220,treatment,desktop,FR,4,0,2,0.0
U14221,control,mobile,US,4,0,1,0.0
U14222,control,mobile,CA,3,0,3,0.0
U14223,control,mobile,US,3,0,2,0.0
U14224,treatment,console,FR,3,0,1,0.0
U14225,treatment,desktop,CA,7,0,4,0.0
U14226,treatment,mobile,US,6,1,2,13.24
U14227,control,console,US,3,0,2,0.0
U14228,control,mobile,UK,7,0,3,0.0
U14229,treatment,mobile,US,2,0,4,0.0
U14230,control,mobile,US,5,0,1,0.0
U14231,control,console,UK,3,1,1,30.33
U14232,control,mobile,UK,7,0,5,0.0
U14233,treatment,desktop,US,6,0,5,0.0
U14234,control,mobile,UK,5,0,0,0.0
U14235,treatment,console,FR,8,0,4,0.0
U14236,treatment,console,US,6,0,3,0.0
U14237,control,mobile,UK,5,0,3,0.0
U14238,treatment,mobile,UK,4,1,1,14.32
U14239,control,desktop,US,4,0,3,0.0
U14240,control,mobile,UK,5,0,4,0.0
U14241,treatment,mobile,US,11,0,5,0.0
U14242,treatment,desktop,US,6,0,2,0.0
U14243,treatment,desktop,US,5,0,3,0.0
U14244,treatment,console,US,6,0,2,0.0
U14245,treatment,mobile,DE,6,0,4,0.0
U14246,treatment,mobile,CA,1,0,4,0.0
U14247,treatment,desktop,DE,2,0,2,0.0
U14248,treatment,desktop,UK,5,0,3,0.0
U14249,treatment,mobile,US,11,0,5,0.0
U14250,treatment,mobile,DE,7,0,5,0.0
U14251,control,mobile,US,5,0,5,0.0
U14252,treatment,desktop,UK,5,0,7,0.0
U14253,treatment,console,FR,3,1,2,11.49
U14254,treatment,mobile,UK,4,1,6,10.39
U14255,treatment,desktop,US,4,0,4,0.0
U14256,control,mobile,DE,6,0,2,0.0
U14257,treatment,mobile,CA,4,0,1,0.0
U14258,control,console,FR,6,0,2,0.0
U14259,treatment,desktop,CA,5,0,2,0.0
U14260,control,mobile,US,6,0,4,0.0
U14261,treatment,desktop,US,5,0,7,0.0
U14262,treatment,mobile,UK,6,0,4,0.0
U14263,treatment,mobile,US,7,0,5,0.0
U14264,control,console,FR,4,0,2,0.0
U14265,treatment,mobile,UK,5,0,3,0.0
U14266,treatment,desktop,US,7,1,4,12.49
U14267,control,desktop,CA,11,1,4,15.28
U14268,treatment,console,UK,11,1,8,7.33
U14269,treatment,mobile,US,7,0,3,0.0
U14270,control,desktop,CA,7,0,5,0.0
U14271,control,mobile,US,4,0,3,0.0
U14272,treatment,mobile,FR,4,0,4,0.0
U14273,treatment,mobile,US,4,0,4,0.0
U14274,treatment,desktop,US,4,0,6,0.0
U14275,treatment,mobile,UK,4,0,2,0.0
U14276,treatment,console,UK,7,0,7,0.0
U14277,treatment,mobile,US,5,0,7,0.0
U14278,treatment,console,DE,2,0,1,0.0
U14279,control,mobile,US,9,0,5,0.0
U14280,control,mobile,US,4,0,3,0.0
U14281,control,desktop,US,3,0,2,0.0
U14282,control,mobile,DE,5,0,5,0.0
U14283,treatment,desktop,US,6,0,2,0.0
U14284,treatment,console,UK,8,0,2,0.0
U14285,control,desktop,CA,6,0,5,0.0
U14286,control,console,CA,2,0,3,0.0
U14287,control,mobile,US,3,0,3,0.0
U14288,control,desktop,US,5,0,2,0.0
U14289,control,desktop,US,6,1,6,17.39
U14290,treatment,desktop,US,3,0,0,0.0
U14291,control,desktop,FR,6,0,5,0.0
U14292,control,desktop,US,6,0,3,0.0
U14293,treatment,console,UK,5,0,0,0.0
U14294,treatment,mobile,US,3,0,1,0.0
U14295,treatment,mobile,UK,4,0,6,0.0
U14296,control,mobile,US,4,0,3,0.0
U14297,treatment,mobile,US,4,0,3,0.0
U14298,treatment,desktop,CA,4,0,3,0.0
U14299,control,mobile,US,6,0,2,0.0
U14300,control,mobile,DE,6,0,4,0.0
U14301,treatment,console,UK,10,0,3,0.0
U14302,control,console,FR,7,1,4,19.87
U14303,treatment,desktop,US,3,0,2,0.0
U14304,treatment,desktop,US,9,0,3,0.0
U14305,treatment,mobile,UK,6,0,2,0.0
U14306,treatment,desktop,FR,2,0,2,0.0
U14307,control,mobile,UK,5,0,2,0.0
U14308,control,mobile,DE,6,1,1,2.73
U14309,control,console,US,1,0,3,0.0
U14310,control,mobile,DE,6,0,5,0.0
U14311,treatment,mobile,CA,4,0,5,0.0
U14312,treatment,desktop,US,6,1,1,26.51
U14313,treatment,mobile,DE,7,0,3,0.0
U14314,treatment,mobile,US,2,1,2,17.6
U14315,treatment,mobile,US,8,0,1,0.0
U14316,control,mobile,UK,6,0,2,0.0
U14317,control,desktop,US,4,0,5,0.0
U14318,treatment,mobile,FR,4,0,1,0.0
U14319,control,mobile,US,4,0,3,0.0
U14320,control,console,UK,5,0,7,0.0
U14321,control,console,US,7,0,4,0.0
U14322,treatment,desktop,DE,3,0,5,0.0
U14323,control,console,CA,9,0,2,0.0
U14324,treatment,desktop,FR,8,0,5,0.0
U14325,treatment,mobile,FR,3,0,4,0.0
U14326,control,desktop,CA,4,0,6,0.0
U14327,treatment,mobile,DE,9,0,3,0.0
U14328,control,desktop,US,7,1,4,3.27
U14329,treatment,console,US,5,0,1,0.0
U14330,control,mobile,CA,7,0,8,0.0
U14331,control,mobile,UK,4,0,3,0.0
U14332,treatment,mobile,US,4,0,3,0.0
U14333,treatment,console,FR,3,0,2,0.0
U14334,control,mobile,UK,6,0,2,0.0
U14335,control,console,FR,8,0,4,0.0
U14336,treatment,mobile,FR,3,0,4,0.0
U14337,control,console,US,3,0,4,0.0
U14338,treatment,mobile,FR,6,0,5,0.0
U14339,treatment,mobile,UK,6,0,2,0.0
U14340,treatment,mobile,CA,6,0,2,0.0
U14341,control,mobile,UK,10,0,5,0.0
U14342,control,mobile,UK,1,0,3,0.0
U14343,treatment,mobile,US,5,0,3,0.0
U14344,control,desktop,DE,4,0,2,0.0
U14345,control,desktop,DE,8,1,9,31.8
U14346,treatment,mobile,US,7,0,3,0.0
U14347,control,desktop,FR,8,0,2,0.0
U14348,control,console,DE,5,1,2,7.36
U14349,treatment,console,FR,3,0,1,0.0
U14350,control,mobile,UK,1,1,0,5.51
U14351,control,mobile,CA,3,0,4,0.0
U14352,treatment,console,FR,6,0,1,0.0
U14353,treatment,console,FR,5,1,1,12.53
U14354,treatment,console,US,6,0,6,0.0
U14355,control,desktop,CA,6,0,5,0.0
U14356,treatment,desktop,UK,4,0,1,0.0
U14357,control,console,UK,3,0,3,0.0
U14358,treatment,desktop,US,3,0,7,0.0
U14359,treatment,mobile,CA,7,0,2,0.0
U14360,treatment,console,CA,9,0,4,0.0
U14361,control,console,US,5,0,3,0.0
U14362,treatment,mobile,FR,2,0,3,0.0
U14363,control,mobile,US,4,1,3,59.5
U14364,control,console,UK,3,0,0,0.0
U14365,treatment,mobile,DE,3,0,4,0.0
U14366,control,desktop,UK,5,1,6,8.0
U14367,control,mobile,DE,2,0,3,0.0
U14368,treatment,mobile,US,5,0,1,0.0
U14369,treatment,desktop,US,4,0,4,0.0
U14370,treatment,console,DE,7,1,2,6.46
U14371,control,desktop,US,5,0,2,0.0
U14372,treatment,mobile,FR,2,0,6,0.0
U14373,control,mobile,DE,2,1,4,18.41
U14374,control,mobile,US,8,0,2,0.0
U14375,treatment,console,FR,6,1,3,14.69
U14376,control,mobile,UK,3,0,2,0.0
U14377,treatment,console,DE,6,0,5,0.0
U14378,treatment,console,US,5,0,5,0.0
U14379,control,desktop,US,3,0,5,0.0
U14380,treatment,mobile,US,9,0,4,0.0
U14381,control,console,CA,5,1,1,19.1
U14382,control,mobile,US,3,0,2,0.0
U14383,treatment,console,CA,5,0,3,0.0
U14384,treatment,mobile,US,3,0,3,0.0
U14385,control,mobile,US,5,0,3,0.0
U14386,treatment,mobile,DE,5,0,2,0.0
U14387,control,mobile,DE,7,0,5,0.0
U14388,treatment,desktop,US,3,0,4,0.0
U14389,control,desktop,UK,5,0,3,0.0
U14390,control,mobile,FR,7,1,4,9.78
U14391,control,desktop,FR,6,0,4,0.0
U14392,control,mobile,FR,3,0,1,0.0
U14393,treatment,console,FR,9,1,5,11.18
U14394,control,console,US,5,0,5,0.0
U14395,control,desktop,US,5,0,1,0.0
U14396,control,console,DE,4,0,1,0.0
U14397,control,mobile,UK,6,0,2,0.0
U14398,control,mobile,DE,5,0,11,0.0
U14399,control,mobile,UK,4,0,5,0.0
U14400,control,console,FR,4,0,5,0.0
U14401,treatment,mobile,UK,8,0,2,0.0
U14402,treatment,console,FR,1,0,6,0.0
U14403,control,desktop,US,5,0,4,0.0
U14404,treatment,mobile,CA,3,0,1,0.0
U14405,control,desktop,DE,2,0,2,0.0
U14406,treatment,desktop,US,7,0,4,0.0
U14407,treatment,desktop,UK,4,0,1,0.0
U14408,treatment,console,DE,6,0,2,0.0
U14409,treatment,desktop,US,5,0,3,0.0
U14410,control,mobile,FR,6,1,3,8.65
U14411,treatment,desktop,FR,6,0,1,0.0
U14412,treatment,mobile,DE,6,0,5,0.0
U14413,treatment,console,US,9,0,4,0.0
U14414,control,mobile,UK,7,0,2,0.0
U14415,control,desktop,US,4,1,1,5.61
U14416,treatment,mobile,US,11,0,3,0.0
U14417,control,mobile,DE,4,1,4,25.16
U14418,treatment,desktop,US,4,0,6,0.0
U14419,control,mobile,US,6,0,4,0.0
U14420,treatment,desktop,US,5,1,5,7.84
U14421,treatment,desktop,US,4,0,3,0.0
U14422,treatment,mobile,FR,5,0,5,0.0
U14423,control,mobile,UK,8,0,1,0.0
U14424,treatment,desktop,UK,8,0,2,0.0
U14425,treatment,desktop,US,6,0,2,0.0
U14426,treatment,desktop,US,6,0,2,0.0
U14427,treatment,mobile,DE,7,0,7,0.0
U14428,treatment,mobile,FR,4,0,4,0.0
U14429,control,desktop,DE,5,0,1,0.0
U14430,control,console,CA,4,0,5,0.0
U14431,control,desktop,UK,6,0,3,0.0
U14432,control,desktop,UK,3,0,4,0.0
U14433,treatment,desktop,UK,4,0,2,0.0
U14434,control,desktop,DE,4,0,4,0.0
U14435,control,console,US,4,0,3,0.0
U14436,control,mobile,US,5,0,5,0.0
U14437,control,desktop,US,4,0,7,0.0
U14438,treatment,mobile,FR,3,0,3,0.0
U14439,control,mobile,UK,8,0,10,0.0
U14440,control,mobile,US,7,0,4,0.0
U14441,control,mobile,US,7,0,1,0.0
U14442,treatment,mobile,US,7,0,3,0.0
U14443,treatment,mobile,DE,4,0,2,0.0
U14444,control,mobile,DE,7,0,4,0.0
U14445,treatment,mobile,FR,7,1,10,38.09
U14446,treatment,mobile,FR,9,0,3,0.0
U14447,treatment,mobile,US,8,1,5,21.08
U14448,treatment,console,FR,5,0,1,0.0
U14449,control,desktop,DE,5,1,7,36.47
U14450,treatment,mobile,FR,5,0,3,0.0
U14451,control,mobile,US,5,0,2,0.0
U14452,control,mobile,UK,5,0,5,0.0
U14453,treatment,mobile,DE,5,1,5,12.11
U14454,control,mobile,CA,2,0,5,0.0
U14455,control,mobile,CA,5,0,3,0.0
U14456,control,desktop,UK,5,0,3,0.0
U14457,control,desktop,US,3,0,3,0.0
U14458,treatment,desktop,FR,4,0,5,0.0
U14459,treatment,mobile,US,7,0,2,0.0
U14460,treatment,mobile,US,5,0,4,0.0
U14461,treatment,console,CA,5,0,2,0.0
U14462,treatment,desktop,US,6,0,1,0.0
U14463,treatment,desktop,UK,1,0,2,0.0
U14464,treatment,console,UK,9,0,5,0.0
U14465,treatment,desktop,US,4,1,3,16.88
U14466,control,mobile,US,7,0,4,0.0
U14467,control,desktop,CA,8,0,6,0.0
U14468,treatment,mobile,FR,6,0,3,0.0
U14469,treatment,desktop,UK,3,0,3,0.0
U14470,treatment,mobile,FR,4,0,3,0.0
U14471,control,mobile,UK,5,0,4,0.0
U14472,treatment,mobile,UK,4,0,4,0.0
U14473,treatment,mobile,US,1,0,2,0.0
U14474,treatment,desktop,US,2,0,2,0.0
U14475,control,mobile,US,3,0,3,0.0
U14476,control,mobile,US,4,0,3,0.0
U14477,control,mobile,CA,1,0,2,0.0
U14478,control,console,DE,7,0,2,0.0
U14479,treatment,console,US,3,0,4,0.0
U14480,control,desktop,CA,4,1,1,19.5
U14481,treatment,mobile,UK,7,0,7,0.0
U14482,treatment,mobile,UK,3,1,6,16.29
U14483,treatment,mobile,US,10,0,3,0.0
U14484,control,mobile,US,5,0,3,0.0
U14485,control,mobile,UK,3,0,4,0.0
U14486,control,console,US,6,0,4,0.0
U14487,treatment,desktop,US,7,0,5,0.0
U14488,control,mobile,US,3,0,5,0.0
U14489,treatment,desktop,UK,10,0,3,0.0
U14490,treatment,mobile,DE,6,0,5,0.0
U14491,control,mobile,US,5,0,6,0.0
U14492,treatment,desktop,DE,5,0,4,0.0
U14493,treatment,console,US,3,0,2,0.0
U14494,control,desktop,FR,5,0,5,0.0
U14495,treatment,console,CA,2,0,5,0.0
U14496,control,mobile,US,5,0,6,0.0
U14497,treatment,desktop,DE,4,0,4,0.0
U14498,control,console,FR,5,0,1,0.0
U14499,control,mobile,US,3,0,1,0.0
U14500,control,console,US,8,1,6,4.95
U14501,control,console,US,3,1,2,23.98
U14502,control,desktop,DE,6,0,3,0.0
U14503,control,mobile,US,9,0,3,0.0
U14504,control,mobile,FR,3,0,4,0.0
U14505,control,desktop,UK,6,1,5,10.76
U14506,treatment,console,UK,3,0,2,0.0
U14507,control,mobile,US,6,0,3,0.0
U14508,control,mobile,US,5,1,4,25.34
U14509,treatment,mobile,DE,6,1,5,9.06
U14510,treatment,mobile,UK,3,0,2,0.0
U14511,treatment,console,US,2,0,2,0.0
U14512,control,desktop,FR,6,0,3,0.0
U14513,treatment,desktop,CA,7,0,2,0.0
U14514,treatment,desktop,FR,3,0,5,0.0
U14515,treatment,desktop,US,3,0,2,0.0
U14516,control,desktop,FR,6,0,4,0.0
U14517,treatment,mobile,US,4,0,4,0.0
U14518,treatment,mobile,UK,6,1,4,13.26
U14519,control,console,CA,5,0,3,0.0
U14520,control,desktop,UK,6,0,4,0.0
U14521,treatment,mobile,US,3,0,3,0.0
U14522,control,desktop,UK,2,0,1,0.0
U14523,control,desktop,US,5,0,6,0.0
U14524,control,mobile,US,6,0,5,0.0
U14525,treatment,desktop,DE,4,0,2,0.0
U14526,treatment,mobile,UK,5,0,3,0.0
U14527,treatment,console,UK,3,0,1,0.0
U14528,treatment,desktop,US,5,0,3,0.0
U14529,control,console,UK,5,0,2,0.0
U14530,treatment,desktop,UK,5,0,3,0.0
U14531,treatment,console,US,4,0,3,0.0
U14532,treatment,mobile,CA,3,0,0,0.0
U14533,treatment,mobile,FR,6,0,4,0.0
U14534,control,console,US,3,0,1,0.0
U14535,control,console,US,2,0,1,0.0
U14536,control,console,CA,3,0,5,0.0
U14537,treatment,console,DE,7,0,8,0.0
U14538,control,desktop,FR,4,0,1,0.0
U14539,control,desktop,FR,4,0,3,0.0
U14540,control,console,UK,7,0,5,0.0
U14541,control,mobile,UK,7,0,2,0.0
U14542,control,console,US,5,0,2,0.0
U14543,control,console,US,4,0,4,0.0
U14544,treatment,desktop,CA,3,0,4,0.0
U14545,control,mobile,US,6,0,2,0.0
U14546,treatment,desktop,FR,5,1,8,38.36
U14547,treatment,console,DE,5,0,3,0.0
U14548,treatment,mobile,DE,6,0,3,0.0
U14549,treatment,mobile,DE,6,0,6,0.0
U14550,control,desktop,US,3,0,5,0.0
U14551,treatment,console,DE,3,0,3,0.0
U14552,treatment,desktop,FR,6,0,4,0.0
U14553,control,desktop,US,7,0,3,0.0
U14554,treatment,mobile,UK,9,1,2,17.35
U14555,control,mobile,US,2,0,3,0.0
U14556,control,console,US,2,0,5,0.0
U14557,treatment,mobile,FR,6,0,3,0.0
U14558,treatment,mobile,UK,7,0,7,0.0
U14559,control,mobile,UK,6,0,5,0.0
U14560,treatment,mobile,US,8,0,5,0.0
U14561,control,mobile,FR,2,0,7,0.0
U14562,control,console,US,3,1,4,10.62
U14563,control,desktop,US,3,0,0,0.0
U14564,control,desktop,DE,4,0,3,0.0
U14565,control,mobile,US,9,0,7,0.0
U14566,control,console,US,5,0,5,0.0
U14567,treatment,mobile,US,5,0,1,0.0
U14568,treatment,mobile,DE,5,0,2,0.0
U14569,control,mobile,UK,6,0,1,0.0
U14570,treatment,console,UK,1,0,2,0.0
U14571,control,desktop,DE,9,0,2,0.0
U14572,treatment,desktop,UK,6,1,2,9.89
U14573,control,mobile,US,8,0,2,0.0
U14574,control,mobile,US,2,1,4,11.53
U14575,treatment,console,DE,4,0,4,0.0
U14576,treatment,mobile,FR,2,0,2,0.0
U14577,treatment,desktop,FR,5,1,5,14.13
U14578,control,console,US,4,0,3,0.0
U14579,treatment,desktop,UK,7,0,1,0.0
U14580,control,mobile,CA,2,0,5,0.0
U14581,control,mobile,UK,6,0,3,0.0
U14582,treatment,mobile,FR,3,0,4,0.0
U14583,treatment,console,UK,5,0,1,0.0
U14584,control,console,US,2,0,3,0.0
U14585,control,mobile,DE,6,0,4,0.0
U14586,treatment,console,US,2,0,2,0.0
U14587,control,mobile,US,4,0,4,0.0
U14588,treatment,mobile,UK,6,0,7,0.0
U14589,control,mobile,UK,5,0,4,0.0
U14590,treatment,console,US,4,0,5,0.0
U14591,treatment,mobile,FR,4,0,5,0.0
U14592,control,mobile,US,7,0,2,0.0
U14593,control,mobile,US,8,0,2,0.0
U14594,control,mobile,CA,7,0,2,0.0
U14595,treatment,desktop,US,4,0,1,0.0
U14596,treatment,mobile,US,5,0,4,0.0
U14597,control,console,UK,6,1,4,10.01
U14598,treatment,console,FR,3,0,0,0.0
U14599,control,mobile,UK,5,0,4,0.0
U14600,treatment,console,UK,6,0,3,0.0
U14601,control,console,UK,5,0,4,0.0
U14602,control,console,UK,5,0,5,0.0
U14603,treatment,mobile,US,3,0,8,0.0
U14604,control,console,UK,4,0,1,0.0
U14605,treatment,desktop,US,6,0,0,0.0
U14606,treatment,mobile,US,9,1,6,18.97
U14607,treatment,console,UK,5,1,5,21.96
U14608,treatment,mobile,UK,2,0,2,0.0
U14609,control,console,US,8,0,8,0.0
U14610,treatment,desktop,DE,3,1,3,32.37
U14611,control,desktop,DE,4,1,3,17.66
U14612,treatment,mobile,UK,5,0,1,0.0
U14613,treatment,console,UK,4,1,5,8.5
U14614,control,mobile,UK,4,0,0,0.0
U14615,control,console,FR,4,0,2,0.0
U14616,control,desktop,CA,2,0,1,0.0
U14617,treatment,mobile,US,2,0,3,0.0
U14618,treatment,desktop,CA,6,1,4,5.6
U14619,control,console,UK,8,1,7,11.4
U14620,control,console,DE,4,0,3,0.0
U14621,control,mobile,DE,8,0,1,0.0
U14622,treatment,mobile,US,6,0,1,0.0
U14623,treatment,mobile,DE,9,0,5,0.0
U14624,control,console,US,2,0,4,0.0
U14625,control,mobile,FR,4,0,5,0.0
U14626,treatment,mobile,UK,7,0,2,0.0
U14627,treatment,mobile,UK,7,0,4,0.0
U14628,control,console,US,4,0,4,0.0
U14629,control,mobile,UK,4,0,3,0.0
U14630,treatment,desktop,UK,7,0,3,0.0
U14631,control,mobile,UK,5,0,3,0.0
U14632,control,desktop,US,8,0,6,0.0
U14633,control,desktop,DE,3,0,4,0.0
U14634,treatment,console,US,5,0,6,0.0
U14635,control,desktop,US,3,0,2,0.0
U14636,treatment,mobile,UK,7,0,4,0.0
U14637,control,mobile,US,7,0,7,0.0
U14638,control,mobile,US,4,0,2,0.0
U14639,treatment,mobile,US,3,0,3,0.0
U14640,treatment,console,US,7,0,4,0.0
U14641,control,desktop,UK,4,0,4,0.0
U14642,control,console,US,6,0,2,0.0
U14643,control,mobile,CA,6,1,3,25.1
U14644,treatment,console,DE,5,0,5,0.0
U14645,treatment,console,CA,5,0,3,0.0
U14646,control,desktop,DE,5,1,2,12.22
U14647,control,mobile,UK,7,0,3,0.0
U14648,control,console,DE,4,0,1,0.0
U14649,treatment,console,FR,2,0,5,0.0
U14650,control,mobile,CA,2,0,1,0.0
U14651,control,console,US,5,0,6,0.0
U14652,treatment,console,UK,3,0,4,0.0
U14653,control,mobile,DE,7,0,3,0.0
U14654,control,mobile,UK,7,0,3,0.0
U14655,treatment,mobile,UK,5,0,0,0.0
U14656,treatment,desktop,US,5,1,6,21.71
U14657,control,console,UK,4,0,2,0.0
U14658,treatment,console,US,4,0,3,0.0
U14659,control,mobile,CA,1,1,6,14.62
U14660,treatment,desktop,DE,6,0,3,0.0
U14661,treatment,desktop,DE,7,0,9,0.0
U14662,treatment,desktop,FR,6,0,1,0.0
U14663,treatment,desktop,US,8,0,2,0.0
U14664,treatment,desktop,US,6,0,5,0.0
U14665,control,mobile,DE,3,0,3,0.0
U14666,control,mobile,US,3,0,4,0.0
U14667,treatment,console,US,3,0,6,0.0
U14668,treatment,mobile,DE,4,0,3,0.0
U14669,control,mobile,FR,5,0,3,0.0
U14670,control,console,US,3,0,5,0.0
U14671,control,console,DE,5,0,5,0.0
U14672,control,desktop,DE,7,0,4,0.0
U14673,treatment,mobile,CA,3,0,3,0.0
U14674,treatment,desktop,FR,3,0,6,0.0
U14675,treatment,desktop,UK,1,0,3,0.0
U14676,control,mobile,DE,2,0,2,0.0
U14677,control,mobile,CA,6,0,1,0.0
U14678,control,mobile,US,6,0,3,0.0
U14679,treatment,desktop,FR,7,0,7,0.0
U14680,treatment,console,US,5,1,7,4.06
U14681,treatment,desktop,US,7,0,4,0.0
U14682,control,mobile,US,5,0,6,0.0
U14683,control,mobile,US,2,0,3,0.0
U14684,treatment,desktop,US,4,1,1,29.93
U14685,treatment,desktop,FR,8,0,10,0.0
U14686,treatment,mobile,US,6,0,3,0.0
U14687,treatment,console,CA,3,0,4,0.0
U14688,control,console,UK,7,0,1,0.0
U14689,control,console,FR,2,0,3,0.0
U14690,treatment,mobile,UK,6,0,2,0.0
U14691,treatment,console,FR,7,0,3,0.0
U14692,treatment,desktop,FR,7,0,6,0.0
U14693,control,desktop,FR,3,1,3,11.76
U14694,control,mobile,US,6,0,5,0.0
U14695,treatment,mobile,UK,4,0,4,0.0
U14696,treatment,mobile,CA,2,0,1,0.0
U14697,treatment,console,US,5,1,6,27.27
U14698,treatment,desktop,UK,3,0,6,0.0
U14699,treatment,console,UK,5,0,3,0.0
U14700,treatment,desktop,DE,7,0,3,0.0
U14701,control,mobile,FR,6,0,2,0.0
U14702,treatment,desktop,FR,3,0,7,0.0
U14703,treatment,mobile,US,2,0,4,0.0
U14704,treatment,console,DE,4,0,5,0.0
U14705,treatment,mobile,CA,6,1,3,14.15
U14706,control,mobile,DE,2,0,7,0.0
U14707,treatment,desktop,US,5,0,4,0.0
U14708,treatment,console,CA,2,0,3,0.0
U14709,control,desktop,CA,9,0,3,0.0
U14710,treatment,mobile,DE,4,0,0,0.0
U14711,treatment,desktop,US,7,0,5,0.0
U14712,control,mobile,CA,4,0,1,0.0
U14713,treatment,desktop,FR,5,0,6,0.0
U14714,control,desktop,UK,6,0,2,0.0
U14715,treatment,mobile,CA,5,0,4,0.0
U14716,control,mobile,DE,5,0,4,0.0
U14717,treatment,mobile,DE,7,0,6,0.0
U14718,treatment,mobile,US,4,0,2,0.0
U14719,control,desktop,UK,4,0,3,0.0
U14720,control,mobile,US,2,0,3,0.0
U14721,treatment,mobile,US,4,0,0,0.0
U14722,control,desktop,US,5,0,4,0.0
U14723,treatment,desktop,DE,3,0,1,0.0
U14724,control,console,US,4,0,1,0.0
U14725,control,console,US,3,0,2,0.0
U14726,control,desktop,US,6,0,3,0.0
U14727,treatment,mobile,FR,5,1,2,19.21
U14728,control,desktop,FR,4,0,3,0.0
U14729,control,console,US,5,0,1,0.0
U14730,control,desktop,US,2,0,4,0.0
U14731,treatment,console,US,5,0,2,0.0
U14732,control,desktop,DE,5,0,3,0.0
U14733,control,mobile,FR,5,0,8,0.0
U14734,treatment,console,FR,9,0,4,0.0
U14735,treatment,mobile,FR,7,0,0,0.0
U14736,control,console,FR,5,0,2,0.0
U14737,control,mobile,US,5,0,2,0.0
U14738,control,desktop,US,2,0,4,0.0
U14739,control,desktop,US,4,0,1,0.0
U14740,control,mobile,US,2,1,3,26.73
U14741,control,desktop,UK,3,0,7,0.0
U14742,treatment,mobile,UK,3,0,4,0.0
U14743,control,mobile,UK,3,1,1,9.49
U14744,treatment,mobile,UK,6,1,1,65.16
U14745,treatment,console,FR,4,0,3,0.0
U14746,control,console,US,4,0,6,0.0
U14747,control,mobile,US,6,0,5,0.0
U14748,treatment,console,US,4,0,4,0.0
U14749,control,console,US,5,0,2,0.0
U14750,control,mobile,CA,5,0,4,0.0
U14751,control,console,US,3,0,2,0.0
U14752,treatment,mobile,FR,9,0,8,0.0
U14753,control,console,CA,7,0,3,0.0
U14754,treatment,desktop,FR,2,0,1,0.0
U14755,control,console,US,2,0,4,0.0
U14756,control,mobile,US,4,0,2,0.0
U14757,treatment,mobile,UK,6,0,2,0.0
U14758,control,console,DE,9,0,2,0.0
U14759,control,desktop,CA,6,0,3,0.0
U14760,control,desktop,DE,3,0,4,0.0
U14761,treatment,desktop,UK,8,0,3,0.0
U14762,treatment,desktop,UK,4,0,3,0.0
U14763,control,mobile,US,6,0,3,0.0
U14764,treatment,mobile,CA,5,0,1,0.0
U14765,treatment,mobile,UK,8,1,9,19.18
U14766,treatment,mobile,US,6,0,4,0.0
U14767,control,console,US,4,0,4,0.0
U14768,treatment,mobile,UK,6,0,3,0.0
U14769,treatment,desktop,UK,6,0,3,0.0
U14770,control,mobile,UK,7,0,5,0.0
U14771,control,console,US,5,0,5,0.0
U14772,treatment,mobile,US,3,0,2,0.0
U14773,treatment,mobile,UK,2,0,5,0.0
U14774,control,console,US,4,0,3,0.0
U14775,control,mobile,DE,4,0,5,0.0
U14776,treatment,console,DE,3,0,5,0.0
U14777,control,mobile,DE,2,0,2,0.0
U14778,treatment,console,US,5,0,3,0.0
U14779,treatment,mobile,FR,6,0,6,0.0
U14780,control,mobile,UK,4,0,1,0.0
U14781,treatment,desktop,UK,3,0,3,0.0
U14782,control,desktop,DE,7,0,8,0.0
U14783,control,console,US,5,1,5,13.34
U14784,control,mobile,US,2,0,2,0.0
U14785,treatment,desktop,UK,7,0,0,0.0
U14786,treatment,mobile,FR,5,1,3,7.39
U14787,control,console,FR,3,0,0,0.0
U14788,treatment,console,UK,6,0,2,0.0
U14789,control,mobile,US,4,0,4,0.0
U14790,control,mobile,US,5,0,2,0.0
U14791,control,console,US,2,0,5,0.0
U14792,control,console,US,5,0,1,0.0
U14793,control,desktop,US,2,1,6,11.11
U14794,control,desktop,DE,5,0,3,0.0
U14795,control,console,CA,3,0,4,0.0
U14796,treatment,mobile,UK,7,0,3,0.0
U14797,control,console,US,3,0,2,0.0
U14798,treatment,console,DE,6,0,0,0.0
U14799,treatment,console,US,6,0,7,0.0
U14800,treatment,console,UK,5,0,3,0.0
U14801,control,console,UK,8,0,3,0.0
U14802,control,mobile,US,3,0,4,0.0
U14803,control,console,UK,5,0,3,0.0
U14804,treatment,mobile,UK,4,0,4,0.0
U14805,control,mobile,DE,7,0,3,0.0
U14806,control,mobile,US,2,0,6,0.0
U14807,treatment,mobile,FR,3,0,3,0.0
U14808,treatment,mobile,US,2,1,4,9.29
U14809,treatment,desktop,UK,5,0,3,0.0
U14810,control,mobile,UK,3,0,2,0.0
U14811,control,mobile,FR,1,1,4,7.95
U14812,control,mobile,UK,6,0,1,0.0
U14813,control,desktop,US,9,0,5,0.0
U14814,control,desktop,US,3,0,2,0.0
U14815,treatment,desktop,CA,6,0,2,0.0
U14816,control,console,CA,2,0,3,0.0
U14817,treatment,desktop,DE,7,0,8,0.0
U14818,control,mobile,US,3,0,4,0.0
U14819,control,desktop,UK,5,0,7,0.0
U14820,control,desktop,UK,4,0,2,0.0
U14821,control,mobile,UK,3,0,1,0.0
U14822,control,console,CA,8,0,3,0.0
U14823,control,mobile,DE,4,0,5,0.0
U14824,control,console,UK,5,0,5,0.0
U14825,control,mobile,FR,3,0,2,0.0
U14826,treatment,desktop,UK,7,0,4,0.0
U14827,treatment,mobile,US,5,0,3,0.0
U14828,treatment,console,UK,5,0,3,0.0
U14829,control,console,US,8,0,1,0.0
U14830,control,mobile,US,8,0,3,0.0
U14831,control,mobile,UK,3,0,6,0.0
U14832,treatment,desktop,CA,4,0,3,0.0
U14833,control,mobile,CA,5,0,3,0.0
U14834,treatment,mobile,US,3,0,3,0.0
U14835,control,console,FR,6,0,5,0.0
U14836,treatment,desktop,US,3,0,2,0.0
U14837,control,mobile,US,4,0,4,0.0
U14838,treatment,desktop,US,5,0,7,0.0
U14839,treatment,mobile,UK,6,0,3,0.0
U14840,control,console,US,5,0,3,0.0
U14841,treatment,mobile,DE,3,0,0,0.0
U14842,control,mobile,DE,4,0,4,0.0
U14843,control,mobile,US,2,0,4,0.0
U14844,treatment,console,US,1,0,5,0.0
U14845,control,mobile,DE,4,0,3,0.0
U14846,treatment,desktop,CA,3,1,4,16.43
U14847,treatment,desktop,UK,11,0,2,0.0
U14848,control,console,US,6,0,4,0.0
U14849,control,mobile,CA,2,0,3,0.0
U14850,treatment,console,US,5,1,2,20.15
U14851,treatment,console,FR,2,0,1,0.0
U14852,control,mobile,US,4,0,2,0.0
U14853,treatment,mobile,CA,3,0,2,0.0
U14854,control,console,FR,6,0,2,0.0
U14855,control,mobile,US,9,0,4,0.0
U14856,treatment,console,UK,3,0,6,0.0
U14857,control,console,US,9,0,5,0.0
U14858,treatment,mobile,US,6,0,3,0.0
U14859,control,mobile,US,3,0,3,0.0
U14860,treatment,mobile,US,7,0,0,0.0
U14861,treatment,desktop,US,4,1,3,22.83
U14862,treatment,desktop,FR,4,0,4,0.0
U14863,control,desktop,UK,6,0,2,0.0
U14864,treatment,desktop,US,8,0,4,0.0
U14865,treatment,console,DE,5,0,5,0.0
U14866,control,mobile,DE,4,0,3,0.0
U14867,treatment,mobile,US,4,0,4,0.0
U14868,control,mobile,UK,4,0,6,0.0
U14869,treatment,mobile,US,5,0,7,0.0
U14870,control,mobile,FR,4,0,2,0.0
U14871,control,console,US,3,1,4,26.38
U14872,control,mobile,US,2,0,3,0.0
U14873,control,mobile,CA,5,0,4,0.0
U14874,treatment,desktop,UK,10,0,3,0.0
U14875,treatment,desktop,FR,7,0,7,0.0
U14876,treatment,desktop,DE,8,0,5,0.0
U14877,treatment,mobile,US,3,0,3,0.0
U14878,control,mobile,CA,7,0,4,0.0
U14879,treatment,mobile,UK,4,0,4,0.0
U14880,treatment,mobile,FR,3,1,4,25.72
U14881,control,mobile,UK,5,0,4,0.0
U14882,treatment,desktop,US,5,0,3,0.0
U14883,treatment,console,UK,8,0,4,0.0
U14884,treatment,mobile,US,7,0,6,0.0
U14885,treatment,mobile,UK,5,0,5,0.0
U14886,control,console,US,4,0,0,0.0
U14887,treatment,desktop,UK,3,1,5,14.77
U14888,control,desktop,US,6,0,7,0.0
U14889,control,console,UK,4,0,2,0.0
U14890,control,desktop,DE,8,0,5,0.0
U14891,control,desktop,DE,5,1,3,18.17
U14892,treatment,mobile,DE,4,0,0,0.0
U14893,treatment,console,DE,5,0,4,0.0
U14894,control,desktop,UK,3,0,2,0.0
U14895,treatment,mobile,US,2,1,2,45.52
U14896,control,desktop,DE,5,0,2,0.0
U14897,treatment,mobile,US,7,0,6,0.0
U14898,control,desktop,DE,7,0,7,0.0
U14899,treatment,mobile,UK,5,1,6,11.38
U14900,treatment,desktop,US,8,0,3,0.0
U14901,treatment,desktop,US,6,1,4,9.6
U14902,control,desktop,DE,2,0,2,0.0
U14903,control,desktop,CA,5,0,5,0.0
U14904,control,mobile,US,1,0,5,0.0
U14905,treatment,mobile,FR,9,0,3,0.0
U14906,control,desktop,DE,6,0,3,0.0
U14907,treatment,desktop,CA,7,0,5,0.0
U14908,control,console,FR,7,0,3,0.0
U14909,treatment,mobile,US,8,0,1,0.0
U14910,treatment,desktop,US,7,0,3,0.0
U14911,treatment,console,CA,5,0,4,0.0
U14912,control,desktop,US,6,0,8,0.0
U14913,treatment,mobile,US,6,0,1,0.0
U14914,treatment,mobile,DE,4,1,3,30.87
U14915,treatment,console,US,7,1,3,8.3
U14916,control,mobile,FR,6,0,2,0.0
U14917,treatment,mobile,US,5,0,4,0.0
U14918,control,desktop,FR,5,0,1,0.0
U14919,treatment,mobile,DE,5,1,2,11.94
U14920,control,desktop,US,5,0,5,0.0
U14921,control,console,CA,4,0,1,0.0
U14922,treatment,console,US,4,0,2,0.0
U14923,treatment,desktop,FR,5,1,6,20.99
U14924,control,console,US,3,0,1,0.0
U14925,treatment,console,US,5,0,2,0.0
U14926,control,console,DE,4,0,3,0.0
U14927,treatment,console,DE,7,1,1,21.43
U14928,control,console,CA,6,1,3,14.36
U14929,treatment,mobile,FR,3,0,6,0.0
U14930,control,mobile,US,4,1,4,6.36
U14931,treatment,mobile,FR,4,0,1,0.0
U14932,control,desktop,CA,2,0,3,0.0
U14933,control,console,CA,6,1,3,9.89
U14934,treatment,console,CA,4,0,2,0.0
U14935,control,console,DE,3,0,1,0.0
U14936,control,console,FR,9,0,4,0.0
U14937,treatment,desktop,DE,6,1,4,48.33
U14938,control,desktop,US,8,0,0,0.0
U14939,treatment,desktop,FR,7,0,4,0.0
U14940,control,mobile,US,4,0,1,0.0
U14941,treatment,console,US,3,0,4,0.0
U14942,control,desktop,US,6,0,3,0.0
U14943,treatment,mobile,UK,4,0,4,0.0
U14944,control,desktop,FR,5,0,4,0.0
U14945,control,desktop,US,2,0,2,0.0
U14946,treatment,console,US,3,0,5,0.0
U14947,treatment,console,US,6,0,3,0.0
U14948,control,mobile,DE,7,0,5,0.0
U14949,control,console,UK,6,0,5,0.0
U14950,treatment,mobile,US,1,0,3,0.0
U14951,control,mobile,US,4,0,5,0.0
U14952,control,desktop,CA,7,0,7,0.0
U14953,control,console,UK,4,0,3,0.0
U14954,control,console,CA,5,1,6,0.32
U14955,control,mobile,UK,9,0,6,0.0
U14956,treatment,desktop,UK,5,0,1,0.0
U14957,treatment,console,CA,4,0,3,0.0
U14958,control,console,DE,7,0,4,0.0
U14959,treatment,mobile,US,6,0,2,0.0
U14960,control,mobile,US,5,0,5,0.0
U14961,treatment,desktop,UK,4,0,4,0.0
U14962,control,console,UK,9,0,3,0.0
U14963,control,mobile,UK,10,0,4,0.0
U14964,control,desktop,US,4,0,4,0.0
U14965,control,console,UK,5,0,2,0.0
U14966,control,desktop,US,5,0,5,0.0
U14967,control,desktop,FR,3,0,2,0.0
U14968,treatment,console,US,5,0,4,0.0
U14969,control,mobile,US,6,0,2,0.0
U14970,control,mobile,UK,3,0,2,0.0
U14971,treatment,mobile,CA,4,1,3,36.66
U14972,treatment,desktop,UK,7,0,3,0.0
U14973,treatment,mobile,US,5,0,1,0.0
U14974,treatment,mobile,CA,8,0,3,0.0
U14975,treatment,mobile,US,4,0,2,0.0
U14976,control,desktop,US,3,0,5,0.0
U14977,control,console,DE,7,0,3,0.0
U14978,control,desktop,UK,5,0,3,0.0
U14979,control,console,US,4,0,1,0.0
U14980,treatment,console,US,4,1,4,16.28
U14981,control,desktop,CA,5,1,0,13.24
U14982,treatment,desktop,CA,8,1,3,12.61
U14983,treatment,mobile,DE,7,0,6,0.0
U14984,control,mobile,US,4,1,2,24.27
U14985,control,mobile,US,8,0,3,0.0
U14986,control,desktop,CA,4,0,3,0.0
U14987,control,console,DE,6,0,2,0.0
U14988,control,mobile,UK,4,0,2,0.0
U14989,control,mobile,CA,5,0,3,0.0
U14990,treatment,console,CA,4,0,6,0.0
U14991,control,console,US,6,0,6,0.0
U14992,control,console,DE,2,0,4,0.0
U14993,treatment,mobile,FR,8,0,2,0.0
U14994,control,desktop,US,5,0,4,0.0
U14995,control,mobile,CA,7,0,1,0.0
U14996,treatment,desktop,UK,7,0,5,0.0
U14997,control,desktop,US,5,0,4,0.0
U14998,control,console,CA,5,0,1,0.0
U14999,treatment,mobile,CA,5,0,2,0.0
U15000,control,console,UK,6,0,3,0.0
U15001,control,mobile,FR,6,1,4,24.37
U15002,control,mobile,DE,5,0,6,0.0
U15003,treatment,console,FR,5,0,4,0.0
U15004,control,desktop,US,8,0,3,0.0
U15005,control,desktop,CA,3,0,0,0.0
U15006,control,mobile,DE,4,0,1,0.0
U15007,treatment,mobile,FR,9,0,4,0.0
U15008,treatment,mobile,US,4,0,2,0.0
U15009,treatment,console,US,5,0,4,0.0
U15010,control,mobile,US,8,1,2,32.9
U15011,control,console,UK,4,0,2,0.0
U15012,control,console,CA,7,0,2,0.0
U15013,control,console,US,3,0,7,0.0
U15014,control,console,US,7,0,5,0.0
U15015,treatment,desktop,US,2,0,1,0.0
U15016,control,desktop,DE,6,0,4,0.0
U15017,treatment,console,US,6,0,7,0.0
U15018,control,mobile,FR,5,0,4,0.0
U15019,control,mobile,UK,7,0,5,0.0
U15020,control,desktop,US,4,1,5,21.64
U15021,control,mobile,US,4,0,4,0.0
U15022,treatment,desktop,UK,4,0,1,0.0
U15023,control,console,DE,8,1,3,6.95
U15024,control,desktop,DE,5,0,3,0.0
U15025,control,mobile,US,5,0,3,0.0
U15026,treatment,mobile,FR,5,0,3,0.0
U15027,control,mobile,CA,7,0,4,0.0
U15028,control,mobile,DE,4,0,3,0.0
U15029,treatment,desktop,DE,12,0,6,0.0
U15030,control,console,US,3,0,3,0.0
U15031,treatment,desktop,US,6,0,0,0.0
U15032,treatment,desktop,US,3,0,1,0.0
U15033,treatment,mobile,US,3,0,4,0.0
U15034,control,mobile,UK,5,0,1,0.0
U15035,control,desktop,US,4,1,3,17.56
U15036,treatment,mobile,US,7,0,5,0.0
U15037,treatment,mobile,US,5,1,5,15.6
U15038,control,desktop,FR,6,0,4,0.0
U15039,treatment,mobile,US,7,0,2,0.0
U15040,control,mobile,US,4,0,2,0.0
U15041,treatment,desktop,US,4,0,4,0.0
U15042,treatment,mobile,US,5,0,2,0.0
U15043,control,desktop,US,3,0,2,0.0
U15044,treatment,mobile,US,3,0,4,0.0
U15045,control,console,UK,3,0,4,0.0
U15046,control,desktop,US,3,0,2,0.0
U15047,control,mobile,DE,2,0,3,0.0
U15048,treatment,mobile,US,7,1,7,26.96
U15049,treatment,console,CA,5,0,3,0.0
U15050,control,desktop,UK,4,0,5,0.0
U15051,treatment,console,US,2,0,3,0.0
U15052,treatment,console,US,5,0,2,0.0
U15053,control,mobile,CA,5,0,4,0.0
U15054,control,desktop,UK,7,1,1,6.01
U15055,control,desktop,US,2,0,0,0.0
U15056,control,console,US,5,0,2,0.0
U15057,treatment,mobile,CA,5,0,6,0.0
U15058,treatment,console,US,3,0,8,0.0
U15059,treatment,desktop,US,5,0,2,0.0
U15060,treatment,console,US,8,0,2,0.0
U15061,treatment,mobile,DE,4,0,4,0.0
U15062,control,desktop,UK,2,0,4,0.0
U15063,treatment,mobile,US,7,0,2,0.0
U15064,control,console,US,4,0,3,0.0
U15065,control,mobile,US,5,1,2,10.61
U15066,control,desktop,US,4,0,4,0.0
U15067,control,mobile,CA,5,0,6,0.0
U15068,control,mobile,US,2,0,5,0.0
U15069,treatment,mobile,UK,3,0,5,0.0
U15070,control,console,US,3,0,5,0.0
U15071,control,mobile,US,4,1,7,42.99
U15072,treatment,console,DE,4,0,11,0.0
U15073,control,console,DE,8,0,2,0.0
U15074,control,console,DE,2,1,4,3.48
U15075,treatment,desktop,CA,7,0,1,0.0
U15076,control,desktop,UK,5,0,2,0.0
U15077,control,desktop,FR,8,1,6,10.01
U15078,treatment,mobile,FR,6,1,2,15.43
U15079,control,desktop,US,7,0,2,0.0
U15080,treatment,console,FR,7,0,3,0.0
U15081,control,mobile,UK,5,0,2,0.0
U15082,control,mobile,US,4,1,4,17.71
U15083,control,desktop,US,1,0,2,0.0
U15084,control,console,US,7,0,4,0.0
U15085,control,mobile,DE,3,0,2,0.0
U15086,treatment,console,US,10,1,2,14.66
U15087,treatment,mobile,UK,7,0,3,0.0
U15088,control,desktop,DE,4,0,3,0.0
U15089,control,console,US,3,0,5,0.0
U15090,treatment,mobile,UK,5,0,3,0.0
U15091,treatment,desktop,FR,4,0,4,0.0
U15092,control,console,CA,6,0,3,0.0
U15093,control,mobile,US,6,0,3,0.0
U15094,treatment,mobile,CA,7,0,3,0.0
U15095,treatment,console,CA,4,0,0,0.0
U15096,control,desktop,US,9,0,5,0.0
U15097,treatment,console,CA,5,0,3,0.0
U15098,control,console,FR,6,0,7,0.0
U15099,control,desktop,FR,7,0,4,0.0
U15100,control,desktop,UK,5,0,6,0.0
U15101,treatment,desktop,FR,5,0,3,0.0
U15102,control,mobile,US,8,0,3,0.0
U15103,treatment,desktop,DE,8,0,2,0.0
U15104,control,console,US,2,0,4,0.0
U15105,control,console,FR,6,0,3,0.0
U15106,treatment,console,FR,4,0,4,0.0
U15107,control,console,US,5,0,5,0.0
U15108,control,mobile,US,7,0,3,0.0
U15109,control,desktop,UK,4,0,3,0.0
U15110,control,mobile,US,2,0,4,0.0
U15111,control,desktop,CA,5,0,6,0.0
U15112,control,console,DE,6,0,5,0.0
U15113,control,console,FR,4,0,2,0.0
U15114,treatment,console,FR,4,0,4,0.0
U15115,control,mobile,US,6,0,3,0.0
U15116,treatment,desktop,US,1,0,2,0.0
U15117,treatment,mobile,US,5,0,3,0.0
U15118,treatment,desktop,UK,4,0,4,0.0
U15119,control,mobile,FR,7,0,3,0.0
U15120,control,console,FR,2,0,1,0.0
U15121,treatment,desktop,US,5,1,4,32.98
U15122,control,desktop,US,7,0,3,0.0
U15123,treatment,console,US,3,0,5,0.0
U15124,treatment,mobile,DE,6,0,3,0.0
U15125,treatment,desktop,DE,6,0,2,0.0
U15126,treatment,console,UK,5,0,2,0.0
U15127,control,console,DE,4,0,4,0.0
U15128,treatment,mobile,FR,4,0,6,0.0
U15129,treatment,desktop,UK,4,1,4,4.92
U15130,control,mobile,DE,9,0,5,0.0
U15131,treatment,mobile,US,5,1,3,12.11
U15132,treatment,mobile,FR,4,0,8,0.0
U15133,treatment,desktop,CA,3,0,4,0.0
U15134,treatment,mobile,US,6,1,1,13.71
U15135,treatment,desktop,US,3,0,4,0.0
U15136,control,mobile,CA,4,0,3,0.0
U15137,treatment,mobile,US,7,1,7,8.4
U15138,treatment,console,US,6,0,2,0.0
U15139,treatment,mobile,US,4,0,3,0.0
U15140,control,mobile,UK,4,1,5,1.86
U15141,control,mobile,FR,7,0,7,0.0
U15142,treatment,mobile,US,3,1,3,18.58
U15143,control,desktop,FR,3,0,1,0.0
U15144,treatment,console,FR,7,1,5,11.97
U15145,treatment,desktop,DE,6,0,5,0.0
U15146,treatment,mobile,UK,3,0,2,0.0
U15147,control,mobile,US,4,1,3,23.01
U15148,treatment,console,CA,4,0,5,0.0
U15149,control,mobile,US,5,0,7,0.0
U15150,control,mobile,UK,6,0,8,0.0
U15151,treatment,mobile,DE,5,0,3,0.0
U15152,control,console,DE,2,0,5,0.0
U15153,control,desktop,US,7,0,4,0.0
U15154,treatment,mobile,US,5,0,2,0.0
U15155,treatment,mobile,US,6,0,3,0.0
U15156,treatment,console,US,8,0,5,0.0
U15157,treatment,mobile,US,4,0,3,0.0
U15158,treatment,desktop,CA,8,0,5,0.0
U15159,control,console,FR,3,0,0,0.0
U15160,control,mobile,DE,4,0,4,0.0
U15161,treatment,mobile,US,6,0,3,0.0
U15162,treatment,desktop,DE,3,0,2,0.0
U15163,control,desktop,US,5,0,6,0.0
U15164,treatment,desktop,FR,7,1,5,29.71
U15165,treatment,mobile,US,5,1,6,14.0
U15166,control,mobile,US,5,0,1,0.0
U15167,treatment,desktop,US,3,0,6,0.0
U15168,treatment,mobile,US,2,0,4,0.0
U15169,control,mobile,US,6,0,2,0.0
U15170,treatment,mobile,FR,1,0,4,0.0
U15171,control,desktop,DE,8,0,3,0.0
U15172,treatment,mobile,US,5,0,5,0.0
U15173,control,desktop,DE,6,1,4,15.92
U15174,control,desktop,UK,3,0,0,0.0
U15175,control,console,DE,4,1,4,21.94
U15176,treatment,desktop,US,5,0,8,0.0
U15177,treatment,desktop,DE,6,1,7,14.61
U15178,control,mobile,FR,4,0,2,0.0
U15179,treatment,console,UK,6,0,6,0.0
U15180,treatment,desktop,DE,6,0,1,0.0
U15181,control,console,DE,4,0,3,0.0
U15182,treatment,console,FR,5,0,5,0.0
U15183,treatment,mobile,CA,3,0,4,0.0
U15184,control,console,US,5,0,3,0.0
U15185,treatment,desktop,UK,5,0,2,0.0
U15186,treatment,desktop,DE,8,1,8,26.26
U15187,control,desktop,US,8,1,2,25.7
U15188,control,mobile,FR,7,1,5,5.88
U15189,treatment,console,FR,1,0,3,0.0
U15190,control,mobile,DE,2,0,6,0.0
U15191,control,desktop,US,4,0,2,0.0
U15192,control,mobile,US,5,0,4,0.0
U15193,control,mobile,CA,3,0,2,0.0
U15194,treatment,desktop,US,3,1,4,13.53
U15195,control,console,US,8,0,2,0.0
U15196,treatment,console,DE,2,0,3,0.0
U15197,treatment,desktop,UK,9,1,6,34.25
U15198,control,desktop,FR,5,1,4,11.26
U15199,control,console,UK,4,0,5,0.0
U15200,treatment,desktop,CA,3,0,3,0.0
U15201,control,desktop,US,3,0,4,0.0
U15202,control,console,UK,3,0,5,0.0
U15203,treatment,console,FR,6,0,4,0.0
U15204,control,console,FR,4,0,1,0.0
U15205,control,desktop,US,8,1,2,16.25
U15206,treatment,desktop,UK,2,0,5,0.0
U15207,treatment,desktop,US,4,0,8,0.0
U15208,treatment,desktop,DE,3,0,5,0.0
U15209,treatment,desktop,UK,4,0,3,0.0
U15210,treatment,mobile,US,9,0,3,0.0
U15211,treatment,mobile,US,3,0,1,0.0
U15212,control,desktop,FR,5,0,3,0.0
U15213,treatment,mobile,FR,10,0,2,0.0
U15214,control,mobile,UK,4,0,8,0.0
U15215,treatment,mobile,DE,6,0,6,0.0
U15216,control,mobile,US,7,0,4,0.0
U15217,control,console,US,5,0,4,0.0
U15218,control,desktop,UK,7,0,3,0.0
U15219,control,console,DE,4,1,5,4.3
U15220,treatment,mobile,FR,3,0,2,0.0
U15221,treatment,mobile,US,6,0,3,0.0
U15222,control,mobile,UK,7,1,3,10.89
U15223,control,mobile,DE,5,1,5,6.36
U15224,control,mobile,CA,5,0,2,0.0
U15225,treatment,desktop,DE,9,0,2,0.0
U15226,control,mobile,US,3,0,6,0.0
U15227,treatment,console,FR,4,1,4,40.45
U15228,treatment,desktop,US,5,0,3,0.0
U15229,treatment,mobile,US,6,0,8,0.0
U15230,control,console,UK,8,0,5,0.0
U15231,control,desktop,UK,6,0,5,0.0
U15232,control,mobile,US,6,0,3,0.0
U15233,treatment,desktop,FR,7,0,2,0.0
U15234,treatment,desktop,FR,2,0,0,0.0
U15235,treatment,desktop,CA,5,0,0,0.0
U15236,control,console,US,6,0,3,0.0
U15237,treatment,mobile,DE,3,0,3,0.0
U15238,treatment,mobile,DE,3,0,1,0.0
U15239,treatment,console,US,7,0,4,0.0
U15240,control,desktop,UK,2,0,5,0.0
U15241,treatment,console,FR,3,1,2,12.74
U15242,control,console,UK,3,0,4,0.0
U15243,control,desktop,CA,6,0,6,0.0
U15244,treatment,desktop,FR,3,0,0,0.0
U15245,treatment,mobile,UK,4,0,5,0.0
U15246,treatment,mobile,UK,8,0,6,0.0
U15247,control,mobile,DE,3,0,5,0.0
U15248,treatment,mobile,US,3,0,4,0.0
U15249,treatment,desktop,DE,4,0,0,0.0
U15250,treatment,desktop,US,4,0,1,0.0
U15251,treatment,console,FR,4,0,3,0.0
U15252,control,mobile,US,3,0,4,0.0
U15253,treatment,desktop,US,9,0,3,0.0
U15254,treatment,mobile,CA,8,0,3,0.0
U15255,treatment,desktop,FR,3,0,4,0.0
U15256,treatment,mobile,DE,3,0,5,0.0
U15257,control,desktop,FR,6,0,2,0.0
U15258,treatment,desktop,CA,4,0,5,0.0
U15259,treatment,mobile,FR,9,0,2,0.0
U15260,control,desktop,FR,1,1,7,18.95
U15261,treatment,mobile,UK,6,1,4,10.31
U15262,control,mobile,FR,5,0,0,0.0
U15263,control,console,FR,8,0,8,0.0
U15264,treatment,mobile,US,2,0,1,0.0
U15265,treatment,mobile,DE,2,1,7,33.07
U15266,control,console,DE,6,0,4,0.0
U15267,treatment,mobile,US,3,0,4,0.0
U15268,control,mobile,UK,2,0,4,0.0
U15269,treatment,desktop,DE,4,0,1,0.0
U15270,treatment,desktop,US,3,0,5,0.0
U15271,control,desktop,US,8,0,2,0.0
U15272,treatment,desktop,CA,5,0,6,0.0
U15273,control,console,UK,5,0,6,0.0
U15274,treatment,mobile,CA,5,0,2,0.0
U15275,control,desktop,US,8,0,2,0.0
U15276,control,console,CA,5,0,4,0.0
U15277,treatment,mobile,US,2,0,7,0.0
U15278,control,console,UK,6,1,6,7.38
U15279,control,console,DE,3,0,5,0.0
U15280,treatment,console,US,6,0,3,0.0
U15281,control,mobile,DE,3,0,0,0.0
U15282,control,desktop,DE,6,0,2,0.0
U15283,control,console,US,2,0,3,0.0
U15284,control,mobile,CA,5,0,1,0.0
U15285,control,desktop,US,3,0,6,0.0
U15286,treatment,mobile,US,5,0,5,0.0
U15287,control,mobile,FR,4,0,5,0.0
U15288,treatment,console,US,3,0,1,0.0
U15289,control,console,US,6,0,4,0.0
U15290,control,mobile,DE,3,0,3,0.0
U15291,treatment,mobile,US,5,0,3,0.0
U15292,treatment,desktop,US,7,0,2,0.0
U15293,treatment,mobile,UK,6,0,6,0.0
U15294,control,desktop,US,1,1,5,13.66
U15295,treatment,desktop,US,7,0,2,0.0
U15296,control,mobile,UK,4,0,2,0.0
U15297,control,console,FR,2,1,5,44.29
U15298,control,mobile,FR,5,0,4,0.0
U15299,treatment,mobile,UK,4,1,3,5.71
U15300,treatment,console,DE,5,0,6,0.0
U15301,control,mobile,US,3,0,2,0.0
U15302,control,mobile,UK,5,0,3,0.0
U15303,control,desktop,UK,3,1,3,1.99
U15304,treatment,mobile,DE,9,1,4,15.36
U15305,control,desktop,UK,10,0,1,0.0
U15306,treatment,console,FR,4,0,2,0.0
U15307,treatment,mobile,FR,3,0,4,0.0
U15308,control,mobile,DE,6,0,6,0.0
U15309,control,mobile,FR,3,0,3,0.0
U15310,control,desktop,UK,3,0,5,0.0
U15311,treatment,mobile,DE,4,0,6,0.0
U15312,treatment,console,US,4,0,2,0.0
U15313,treatment,mobile,US,6,0,4,0.0
U15314,control,console,US,4,0,2,0.0
U15315,treatment,console,UK,5,0,5,0.0
U15316,control,console,DE,4,0,2,0.0
U15317,treatment,desktop,US,10,0,3,0.0
U15318,treatment,mobile,UK,3,0,2,0.0
U15319,treatment,mobile,FR,10,1,6,21.4
U15320,treatment,mobile,UK,7,1,5,21.04
U15321,treatment,mobile,US,5,0,3,0.0
U15322,control,desktop,UK,3,0,4,0.0
U15323,control,desktop,US,5,0,2,0.0
U15324,treatment,desktop,FR,8,1,4,8.45
U15325,control,console,FR,3,0,4,0.0
U15326,control,desktop,DE,6,0,1,0.0
U15327,control,mobile,US,6,1,3,23.37
U15328,control,mobile,FR,3,0,1,0.0
U15329,treatment,desktop,FR,4,0,2,0.0
U15330,control,mobile,FR,7,0,1,0.0
U15331,treatment,mobile,US,6,0,5,0.0
U15332,control,desktop,DE,7,0,4,0.0
U15333,treatment,desktop,UK,4,0,4,0.0
U15334,treatment,mobile,US,8,0,6,0.0
U15335,control,mobile,FR,8,0,9,0.0
U15336,treatment,mobile,DE,6,0,5,0.0
U15337,control,mobile,FR,4,0,4,0.0
U15338,control,mobile,US,6,0,4,0.0
U15339,control,console,US,7,0,2,0.0
U15340,control,desktop,CA,4,0,6,0.0
U15341,treatment,mobile,US,4,0,5,0.0
U15342,control,console,UK,4,0,1,0.0
U15343,treatment,desktop,US,2,0,0,0.0
U15344,treatment,mobile,FR,5,0,0,0.0
U15345,treatment,console,US,5,0,5,0.0
U15346,control,console,UK,6,0,3,0.0
U15347,treatment,desktop,DE,4,0,3,0.0
U15348,treatment,mobile,DE,3,1,3,19.4
U15349,treatment,console,DE,2,0,2,0.0
U15350,treatment,mobile,UK,4,1,4,18.79
U15351,control,mobile,UK,7,0,2,0.0
U15352,control,console,US,7,0,2,0.0
U15353,control,console,US,2,0,4,0.0
U15354,treatment,desktop,UK,3,0,3,0.0
U15355,control,mobile,FR,5,0,0,0.0
U15356,control,mobile,CA,3,1,3,19.48
U15357,treatment,console,UK,8,0,2,0.0
U15358,treatment,desktop,US,5,0,7,0.0
U15359,control,console,US,2,1,3,1.38
U15360,treatment,mobile,US,4,0,5,0.0
U15361,control,console,US,4,0,4,0.0
U15362,control,mobile,US,1,0,4,0.0
U15363,control,mobile,US,5,0,5,0.0
U15364,treatment,console,UK,8,0,3,0.0
U15365,treatment,mobile,DE,3,0,3,0.0
U15366,treatment,desktop,US,5,1,4,14.38
U15367,control,desktop,UK,5,0,3,0.0
U15368,treatment,console,US,5,0,3,0.0
U15369,treatment,mobile,US,10,0,3,0.0
U15370,treatment,mobile,US,4,0,6,0.0
U15371,control,desktop,UK,7,0,4,0.0
U15372,treatment,console,DE,5,0,6,0.0
U15373,treatment,console,US,3,0,5,0.0
U15374,control,mobile,US,4,0,4,0.0
U15375,control,desktop,US,2,0,3,0.0
U15376,treatment,mobile,DE,8,0,3,0.0
U15377,treatment,mobile,FR,2,0,2,0.0
U15378,treatment,mobile,US,5,1,3,8.18
U15379,treatment,mobile,US,3,0,5,0.0
U15380,control,mobile,FR,6,0,4,0.0
U15381,control,mobile,DE,5,0,4,0.0
U15382,treatment,mobile,US,4,0,5,0.0
U15383,treatment,console,DE,8,0,11,0.0
U15384,treatment,mobile,US,6,0,5,0.0
U15385,treatment,console,UK,4,0,4,0.0
U15386,treatment,console,DE,4,0,4,0.0
U15387,control,desktop,DE,6,0,6,0.0
U15388,control,desktop,US,5,1,4,2.03
U15389,treatment,mobile,UK,5,0,1,0.0
U15390,treatment,mobile,CA,3,0,3,0.0
U15391,control,desktop,DE,4,0,3,0.0
U15392,treatment,desktop,US,7,0,3,0.0
U15393,treatment,desktop,US,7,1,3,38.23
U15394,treatment,console,US,4,0,1,0.0
U15395,treatment,desktop,UK,8,0,1,0.0
U15396,control,mobile,US,1,0,3,0.0
U15397,control,mobile,CA,5,0,7,0.0
U15398,control,console,DE,5,1,3,9.31
U15399,treatment,console,CA,3,0,2,0.0
U15400,treatment,desktop,US,5,0,1,0.0
U15401,treatment,console,UK,2,0,5,0.0
U15402,control,desktop,CA,7,0,1,0.0
U15403,treatment,mobile,FR,7,0,2,0.0
U15404,treatment,console,US,3,0,6,0.0
U15405,control,desktop,US,6,0,4,0.0
U15406,treatment,desktop,DE,4,0,4,0.0
U15407,treatment,desktop,UK,5,0,2,0.0
U15408,treatment,desktop,CA,3,1,3,12.73
U15409,treatment,mobile,DE,4,0,4,0.0
U15410,control,desktop,UK,9,1,2,39.33
U15411,treatment,mobile,UK,5,0,1,0.0
U15412,control,mobile,UK,3,0,3,0.0
U15413,treatment,mobile,FR,3,0,3,0.0
U15414,control,mobile,UK,5,0,3,0.0
U15415,treatment,console,US,6,0,3,0.0
U15416,treatment,mobile,US,3,0,0,0.0
U15417,treatment,mobile,US,5,0,4,0.0
U15418,treatment,console,DE,8,0,5,0.0
U15419,control,console,US,2,0,6,0.0
U15420,treatment,desktop,US,7,0,6,0.0
U15421,control,console,US,2,0,3,0.0
U15422,treatment,desktop,CA,5,0,3,0.0
U15423,control,desktop,US,6,0,3,0.0
U15424,control,mobile,US,4,0,2,0.0
U15425,control,mobile,US,5,0,6,0.0
U15426,control,desktop,UK,5,0,4,0.0
U15427,control,console,FR,4,0,6,0.0
U15428,treatment,desktop,US,4,1,1,24.39
U15429,treatment,console,CA,6,0,4,0.0
U15430,control,desktop,DE,4,0,3,0.0
U15431,treatment,desktop,DE,6,0,6,0.0
U15432,control,mobile,US,4,0,4,0.0
U15433,control,mobile,UK,5,0,7,0.0
U15434,control,desktop,UK,5,0,2,0.0
U15435,control,mobile,FR,4,0,7,0.0
U15436,treatment,console,CA,3,1,2,20.28
U15437,treatment,mobile,US,7,0,4,0.0
U15438,treatment,mobile,CA,4,1,7,24.91
U15439,treatment,desktop,DE,2,0,2,0.0
U15440,treatment,mobile,FR,6,0,2,0.0
U15441,treatment,desktop,CA,6,0,0,0.0
U15442,control,mobile,CA,5,0,4,0.0
U15443,treatment,mobile,US,6,0,3,0.0
U15444,treatment,desktop,US,2,0,2,0.0
U15445,treatment,mobile,DE,7,0,2,0.0
U15446,treatment,desktop,US,9,1,3,3.59
U15447,control,mobile,US,3,0,4,0.0
U15448,control,desktop,FR,7,0,5,0.0
U15449,treatment,mobile,UK,3,0,6,0.0
U15450,control,mobile,US,4,1,4,14.11
U15451,control,desktop,US,6,0,8,0.0
U15452,control,desktop,US,7,0,2,0.0
U15453,treatment,console,UK,5,0,1,0.0
U15454,treatment,console,CA,2,0,4,0.0
U15455,control,desktop,FR,5,0,7,0.0
U15456,treatment,mobile,UK,2,0,4,0.0
U15457,control,console,US,4,0,4,0.0
U15458,control,desktop,UK,5,0,7,0.0
U15459,treatment,console,UK,6,0,2,0.0
U15460,control,desktop,US,7,0,7,0.0
U15461,treatment,mobile,US,3,1,3,12.69
U15462,control,console,US,4,0,1,0.0
U15463,treatment,console,US,8,0,4,0.0
U15464,treatment,mobile,US,4,0,1,0.0
U15465,control,desktop,CA,6,0,1,0.0
U15466,control,desktop,FR,7,0,4,0.0
U15467,treatment,desktop,UK,1,0,1,0.0
U15468,treatment,console,DE,5,1,5,19.82
U15469,treatment,mobile,UK,6,0,4,0.0
U15470,control,mobile,FR,10,0,3,0.0
U15471,treatment,mobile,FR,5,0,6,0.0
U15472,control,console,DE,5,0,1,0.0
U15473,control,mobile,DE,3,0,1,0.0
U15474,control,desktop,FR,3,1,2,29.14
U15475,treatment,console,UK,4,1,5,18.9
U15476,treatment,console,DE,5,0,5,0.0
U15477,control,mobile,UK,5,0,6,0.0
U15478,control,mobile,UK,2,0,4,0.0
U15479,control,console,DE,7,0,2,0.0
U15480,control,desktop,US,4,0,3,0.0
U15481,treatment,mobile,UK,4,0,2,0.0
U15482,treatment,mobile,UK,4,0,5,0.0
U15483,control,console,CA,6,1,4,10.14
U15484,control,console,US,5,0,4,0.0
U15485,treatment,desktop,US,9,0,5,0.0
U15486,treatment,mobile,US,7,0,2,0.0
U15487,treatment,desktop,CA,8,0,5,0.0
U15488,control,mobile,UK,6,0,3,0.0
U15489,treatment,console,US,7,1,5,12.36
U15490,control,mobile,US,5,0,0,0.0
U15491,control,mobile,DE,3,0,2,0.0
U15492,treatment,mobile,FR,7,0,4,0.0
U15493,control,mobile,UK,6,0,2,0.0
U15494,control,mobile,UK,3,0,4,0.0
U15495,treatment,desktop,US,3,0,2,0.0
U15496,control,desktop,US,5,0,3,0.0
U15497,control,desktop,FR,2,0,2,0.0
U15498,control,mobile,US,5,0,4,0.0
U15499,treatment,mobile,FR,4,1,5,30.9
U15500,control,desktop,UK,6,0,2,0.0
U15501,control,desktop,UK,6,1,4,22.21
U15502,control,mobile,DE,5,0,6,0.0
U15503,control,console,FR,2,0,5,0.0
U15504,treatment,mobile,UK,6,0,3,0.0
U15505,treatment,mobile,CA,5,0,2,0.0
U15506,treatment,mobile,UK,5,0,4,0.0
U15507,control,desktop,FR,6,0,3,0.0
U15508,control,mobile,UK,4,1,3,22.91
U15509,control,mobile,UK,4,0,1,0.0
U15510,control,desktop,FR,4,0,3,0.0
U15511,treatment,mobile,UK,7,0,6,0.0
U15512,control,mobile,US,6,1,2,24.31
U15513,control,desktop,FR,8,0,3,0.0
U15514,control,desktop,UK,6,0,4,0.0
U15515,treatment,mobile,DE,4,0,5,0.0
U15516,control,mobile,US,4,0,3,0.0
U15517,control,mobile,US,7,0,5,0.0
U15518,treatment,console,UK,3,0,1,0.0
U15519,control,console,US,2,0,5,0.0
U15520,control,mobile,US,1,0,2,0.0
U15521,treatment,console,US,7,0,1,0.0
U15522,control,desktop,DE,8,0,2,0.0
U15523,control,mobile,US,4,0,3,0.0
U15524,treatment,console,US,5,0,5,0.0
U15525,control,desktop,FR,7,0,5,0.0
U15526,control,desktop,US,2,0,4,0.0
U15527,control,desktop,CA,9,0,1,0.0
U15528,treatment,console,US,3,0,4,0.0
U15529,treatment,mobile,CA,5,0,4,0.0
U15530,treatment,mobile,FR,5,0,1,0.0
U15531,control,mobile,US,5,0,4,0.0
U15532,treatment,console,DE,6,0,8,0.0
U15533,treatment,mobile,UK,6,0,2,0.0
U15534,treatment,mobile,US,3,0,2,0.0
U15535,treatment,mobile,US,5,0,3,0.0
U15536,control,mobile,US,7,0,4,0.0
U15537,treatment,desktop,UK,3,0,3,0.0
U15538,control,mobile,FR,5,0,3,0.0
U15539,control,console,UK,5,0,4,0.0
U15540,treatment,desktop,FR,3,0,3,0.0
U15541,treatment,desktop,CA,4,1,4,25.22
U15542,control,console,UK,6,1,2,25.99
U15543,treatment,mobile,US,8,1,5,17.16
U15544,control,desktop,US,4,0,6,0.0
U15545,control,desktop,CA,8,0,4,0.0
U15546,treatment,mobile,FR,6,0,3,0.0
U15547,treatment,mobile,US,4,0,3,0.0
U15548,treatment,desktop,CA,5,0,2,0.0
U15549,treatment,desktop,US,4,0,7,0.0
U15550,treatment,desktop,US,7,0,4,0.0
U15551,control,mobile,US,7,0,2,0.0
U15552,control,mobile,FR,7,0,5,0.0
U15553,control,console,UK,5,0,0,0.0
U15554,control,mobile,DE,6,0,4,0.0
U15555,control,console,UK,4,0,1,0.0
U15556,treatment,desktop,US,4,1,5,36.6
U15557,control,desktop,CA,6,0,5,0.0
U15558,treatment,mobile,DE,8,0,5,0.0
U15559,treatment,console,US,8,0,1,0.0
U15560,control,console,DE,4,0,3,0.0
U15561,treatment,desktop,US,6,0,4,0.0
U15562,control,desktop,UK,6,0,4,0.0
U15563,treatment,desktop,US,5,0,3,0.0
U15564,control,mobile,CA,5,0,7,0.0
U15565,control,console,US,5,0,5,0.0
U15566,control,mobile,UK,4,0,5,0.0
U15567,control,desktop,DE,3,0,2,0.0
U15568,treatment,mobile,US,5,0,2,0.0
U15569,treatment,console,US,5,0,3,0.0
U15570,treatment,desktop,US,7,0,2,0.0
U15571,control,desktop,CA,2,0,3,0.0
U15572,treatment,mobile,US,4,0,4,0.0
U15573,treatment,mobile,US,5,0,2,0.0
U15574,treatment,mobile,US,10,0,5,0.0
U15575,treatment,console,US,1,1,5,13.16
U15576,control,mobile,UK,7,0,3,0.0
U15577,treatment,console,US,2,0,1,0.0
U15578,treatment,mobile,US,13,0,5,0.0
U15579,treatment,console,DE,5,1,3,15.8
U15580,control,desktop,US,6,1,5,19.61
U15581,treatment,console,US,9,0,3,0.0
U15582,treatment,desktop,US,7,0,3,0.0
U15583,treatment,console,FR,5,0,4,0.0
U15584,control,desktop,DE,5,0,5,0.0
U15585,control,mobile,US,6,0,2,0.0
U15586,treatment,console,DE,3,0,2,0.0
U15587,control,desktop,US,7,0,5,0.0
U15588,treatment,mobile,FR,6,0,3,0.0
U15589,control,mobile,DE,4,0,4,0.0
U15590,control,desktop,UK,7,0,2,0.0
U15591,treatment,console,UK,5,0,2,0.0
U15592,treatment,console,UK,3,0,7,0.0
U15593,control,mobile,UK,3,1,3,10.61
U15594,treatment,desktop,US,4,0,2,0.0
U15595,treatment,mobile,UK,4,0,3,0.0
U15596,control,mobile,DE,3,0,4,0.0
U15597,control,console,US,6,0,3,0.0
U15598,treatment,mobile,UK,5,0,6,0.0
U15599,control,mobile,UK,5,0,4,0.0
U15600,control,mobile,UK,3,0,4,0.0
U15601,treatment,mobile,US,2,0,0,0.0
U15602,control,mobile,US,2,1,4,3.53
U15603,control,mobile,US,6,0,7,0.0
U15604,control,desktop,UK,3,0,3,0.0
U15605,treatment,console,CA,6,0,4,0.0
U15606,treatment,mobile,US,7,0,2,0.0
U15607,control,console,US,3,0,2,0.0
U15608,control,desktop,US,2,0,5,0.0
U15609,control,mobile,UK,8,0,3,0.0
U15610,treatment,mobile,DE,3,0,4,0.0
U15611,control,mobile,DE,4,1,3,15.93
U15612,treatment,console,UK,3,0,7,0.0
U15613,treatment,desktop,US,3,0,0,0.0
U15614,treatment,mobile,US,2,0,3,0.0
U15615,control,mobile,US,10,1,3,11.34
U15616,control,mobile,CA,5,0,6,0.0
U15617,control,desktop,US,7,0,6,0.0
U15618,treatment,mobile,FR,4,0,8,0.0
U15619,control,desktop,US,5,0,6,0.0
U15620,treatment,desktop,US,5,0,3,0.0
U15621,treatment,desktop,US,6,0,2,0.0
U15622,control,mobile,CA,4,0,3,0.0
U15623,treatment,desktop,US,5,0,6,0.0
U15624,control,desktop,DE,3,0,4,0.0
U15625,control,console,UK,4,0,2,0.0
U15626,control,desktop,US,6,0,2,0.0
U15627,treatment,mobile,US,8,1,6,13.69
U15628,treatment,mobile,US,7,0,3,0.0
U15629,treatment,desktop,DE,6,0,6,0.0
U15630,treatment,desktop,US,6,0,4,0.0
U15631,treatment,desktop,US,4,0,1,0.0
U15632,treatment,desktop,US,5,0,4,0.0
U15633,control,console,DE,5,0,3,0.0
U15634,control,console,UK,9,1,9,23.95
U15635,treatment,mobile,US,5,0,2,0.0
U15636,treatment,mobile,FR,6,0,2,0.0
U15637,control,console,US,6,0,4,0.0
U15638,control,desktop,FR,7,0,5,0.0
U15639,control,console,FR,6,1,0,14.86
U15640,control,desktop,US,5,0,3,0.0
U15641,control,console,UK,4,0,2,0.0
U15642,control,mobile,FR,6,0,4,0.0
U15643,control,desktop,CA,7,0,2,0.0
U15644,control,desktop,US,6,0,3,0.0
U15645,control,mobile,CA,5,0,6,0.0
U15646,treatment,mobile,US,2,1,3,7.15
U15647,treatment,mobile,US,9,0,0,0.0
U15648,treatment,mobile,FR,3,0,2,0.0
U15649,control,console,US,6,0,0,0.0
U15650,control,console,FR,5,0,6,0.0
U15651,treatment,console,UK,7,0,6,0.0
U15652,control,console,US,7,0,3,0.0
U15653,control,console,CA,7,0,5,0.0
U15654,treatment,console,US,3,0,4,0.0
U15655,control,mobile,DE,5,0,5,0.0
U15656,treatment,mobile,CA,7,0,1,0.0
U15657,treatment,console,FR,4,1,4,21.39
U15658,control,desktop,CA,3,0,2,0.0
U15659,treatment,desktop,CA,8,0,3,0.0
U15660,treatment,desktop,UK,3,1,2,21.0
U15661,control,mobile,DE,5,0,4,0.0
U15662,control,mobile,US,5,1,5,9.04
U15663,treatment,desktop,DE,3,0,3,0.0
U15664,control,desktop,DE,5,0,2,0.0
U15665,control,mobile,US,5,0,8,0.0
U15666,treatment,desktop,FR,1,0,4,0.0
U15667,control,mobile,US,4,0,8,0.0
U15668,control,desktop,DE,6,0,3,0.0
U15669,treatment,desktop,US,2,0,7,0.0
U15670,treatment,desktop,US,6,0,4,0.0
U15671,treatment,console,DE,4,0,5,0.0
U15672,treatment,desktop,US,5,0,3,0.0
U15673,treatment,console,FR,9,0,8,0.0
U15674,treatment,console,FR,7,0,4,0.0
U15675,treatment,console,FR,6,0,5,0.0
U15676,control,console,FR,6,0,4,0.0
U15677,treatment,desktop,CA,5,0,3,0.0
U15678,control,desktop,UK,7,0,1,0.0
U15679,control,desktop,DE,7,0,1,0.0
U15680,treatment,mobile,UK,5,0,6,0.0
U15681,treatment,mobile,US,6,0,4,0.0
U15682,treatment,mobile,FR,7,1,5,7.71
U15683,control,desktop,DE,3,0,4,0.0
U15684,treatment,mobile,US,4,0,2,0.0
U15685,treatment,desktop,DE,8,0,1,0.0
U15686,treatment,mobile,UK,6,0,4,0.0
U15687,treatment,mobile,CA,4,0,4,0.0
U15688,treatment,desktop,US,8,0,4,0.0
U15689,control,console,UK,4,0,3,0.0
U15690,control,mobile,UK,6,1,6,13.79
U15691,treatment,console,CA,2,0,2,0.0
U15692,control,mobile,US,3,0,5,0.0
U15693,treatment,desktop,US,5,0,7,0.0
U15694,treatment,mobile,US,5,0,6,0.0
U15695,control,mobile,UK,3,0,3,0.0
U15696,control,mobile,UK,6,0,4,0.0
U15697,treatment,mobile,UK,6,0,3,0.0
U15698,control,desktop,US,3,0,1,0.0
U15699,control,desktop,UK,5,0,1,0.0
U15700,control,mobile,US,4,0,1,0.0
U15701,control,console,US,3,0,3,0.0
U15702,control,desktop,US,6,0,4,0.0
U15703,treatment,mobile,FR,4,0,4,0.0
U15704,treatment,mobile,UK,4,0,1,0.0
U15705,treatment,mobile,US,6,0,7,0.0
U15706,treatment,console,UK,8,0,3,0.0
U15707,treatment,desktop,CA,4,0,0,0.0
U15708,control,mobile,CA,5,1,4,15.56
U15709,control,mobile,UK,3,0,3,0.0
U15710,control,mobile,UK,7,0,3,0.0
U15711,treatment,mobile,UK,8,0,4,0.0
U15712,treatment,desktop,UK,3,0,2,0.0
U15713,control,console,UK,6,0,6,0.0
U15714,control,mobile,UK,3,0,2,0.0
U15715,control,mobile,UK,4,0,2,0.0
U15716,control,mobile,UK,4,0,3,0.0
U15717,control,mobile,US,4,0,1,0.0
U15718,control,desktop,US,8,1,5,7.81
U15719,treatment,console,US,2,0,6,0.0
U15720,control,desktop,FR,7,0,7,0.0
U15721,treatment,mobile,US,3,0,2,0.0
U15722,treatment,console,US,5,0,0,0.0
U15723,control,console,CA,5,0,3,0.0
U15724,treatment,mobile,US,7,1,5,13.86
U15725,treatment,console,UK,8,0,3,0.0
U15726,control,desktop,DE,5,0,1,0.0
U15727,control,console,US,6,0,3,0.0
U15728,control,desktop,US,4,0,2,0.0
U15729,treatment,mobile,FR,4,0,3,0.0
U15730,treatment,console,US,5,0,1,0.0
U15731,treatment,desktop,FR,2,1,2,39.83
U15732,treatment,console,US,2,0,4,0.0
U15733,treatment,mobile,UK,6,0,6,0.0
U15734,treatment,mobile,US,4,0,4,0.0
U15735,treatment,desktop,US,6,1,5,37.68
U15736,treatment,desktop,DE,5,0,5,0.0
U15737,treatment,mobile,DE,3,0,4,0.0
U15738,control,desktop,US,4,0,1,0.0
U15739,treatment,desktop,CA,7,0,6,0.0
U15740,control,desktop,US,7,0,7,0.0
U15741,control,mobile,CA,5,0,5,0.0
U15742,control,desktop,UK,4,0,3,0.0
U15743,control,desktop,DE,9,0,8,0.0
U15744,control,console,DE,5,0,3,0.0
U15745,treatment,desktop,US,2,1,1,30.75
U15746,treatment,desktop,FR,3,1,6,3.97
U15747,treatment,mobile,US,5,0,4,0.0
U15748,control,mobile,DE,4,0,3,0.0
U15749,control,mobile,FR,6,0,3,0.0
U15750,control,desktop,UK,4,0,3,0.0
U15751,treatment,console,US,8,0,4,0.0
U15752,control,console,DE,8,0,5,0.0
U15753,control,desktop,US,4,0,5,0.0
U15754,control,desktop,US,3,0,3,0.0
U15755,treatment,desktop,UK,13,0,3,0.0
U15756,control,mobile,US,6,0,6,0.0
U15757,treatment,desktop,DE,2,0,6,0.0
U15758,treatment,mobile,DE,5,0,3,0.0
U15759,control,desktop,UK,6,0,3,0.0
U15760,control,console,US,2,1,1,13.92
U15761,treatment,desktop,US,3,1,3,25.66
U15762,control,mobile,CA,7,0,5,0.0
U15763,treatment,desktop,DE,4,0,3,0.0
U15764,control,console,UK,4,0,5,0.0
U15765,control,mobile,US,9,0,5,0.0
U15766,control,console,FR,2,0,4,0.0
U15767,treatment,console,US,7,0,5,0.0
U15768,control,desktop,US,4,0,4,0.0
U15769,treatment,mobile,US,7,0,2,0.0
U15770,treatment,mobile,US,6,1,6,7.09
U15771,control,mobile,CA,6,0,2,0.0
U15772,treatment,mobile,FR,5,0,7,0.0
U15773,treatment,console,UK,5,0,2,0.0
U15774,treatment,console,DE,8,1,6,25.81
U15775,treatment,mobile,FR,8,0,2,0.0
U15776,control,desktop,US,5,0,5,0.0
U15777,control,desktop,FR,5,0,6,0.0
U15778,control,mobile,US,2,0,2,0.0
U15779,control,desktop,US,8,0,1,0.0
U15780,treatment,console,CA,1,0,1,0.0
U15781,control,mobile,DE,7,0,2,0.0
U15782,treatment,mobile,US,2,0,6,0.0
U15783,control,desktop,US,5,0,4,0.0
U15784,treatment,mobile,DE,10,0,5,0.0
U15785,treatment,console,DE,6,0,5,0.0
U15786,control,console,US,3,0,1,0.0
U15787,treatment,mobile,DE,4,0,2,0.0
U15788,control,desktop,FR,6,0,3,0.0
U15789,control,console,FR,4,0,2,0.0
U15790,control,desktop,US,7,0,7,0.0
U15791,treatment,desktop,CA,5,0,1,0.0
U15792,control,console,UK,5,0,2,0.0
U15793,treatment,mobile,FR,7,1,1,6.67
U15794,control,desktop,US,5,0,1,0.0
U15795,treatment,mobile,CA,2,0,1,0.0
U15796,control,mobile,FR,7,1,4,24.3
U15797,treatment,console,FR,4,0,1,0.0
U15798,control,desktop,US,5,1,2,6.91
U15799,control,desktop,FR,5,0,4,0.0
U15800,control,mobile,US,2,0,4,0.0
U15801,treatment,console,US,4,1,3,12.37
U15802,control,mobile,CA,11,0,3,0.0
U15803,treatment,desktop,DE,7,0,3,0.0
U15804,control,mobile,DE,4,0,4,0.0
U15805,treatment,desktop,UK,6,1,3,4.49
U15806,treatment,desktop,US,5,0,4,0.0
U15807,treatment,mobile,UK,4,0,5,0.0
U15808,treatment,desktop,UK,6,1,3,7.71
U15809,control,mobile,CA,4,0,3,0.0
U15810,control,desktop,US,3,0,5,0.0
U15811,treatment,desktop,UK,7,0,1,0.0
U15812,control,console,US,6,0,3,0.0
U15813,control,mobile,US,3,0,4,0.0
U15814,treatment,mobile,UK,5,0,4,0.0
U15815,control,mobile,FR,2,0,7,0.0
U15816,control,mobile,UK,2,0,1,0.0
U15817,treatment,desktop,UK,5,1,4,15.74
U15818,treatment,mobile,US,6,0,2,0.0
U15819,treatment,mobile,DE,4,0,1,0.0
U15820,control,mobile,UK,4,0,1,0.0
U15821,treatment,desktop,US,9,0,7,0.0
U15822,treatment,desktop,CA,4,1,3,9.8
U15823,treatment,mobile,US,4,1,3,11.92
U15824,control,console,UK,5,0,6,0.0
U15825,control,mobile,FR,8,0,8,0.0
U15826,control,desktop,US,5,0,3,0.0
U15827,control,mobile,FR,6,0,5,0.0
U15828,treatment,console,UK,2,0,2,0.0
U15829,treatment,mobile,UK,4,0,2,0.0
U15830,treatment,console,UK,3,0,1,0.0
U15831,treatment,desktop,US,4,0,0,0.0
U15832,treatment,desktop,US,8,1,2,31.52
U15833,treatment,desktop,US,5,1,4,9.07
U15834,treatment,mobile,US,5,0,2,0.0
U15835,treatment,mobile,US,3,0,2,0.0
U15836,control,console,US,3,1,3,15.06
U15837,treatment,console,UK,4,0,2,0.0
U15838,treatment,mobile,US,4,0,4,0.0
U15839,treatment,mobile,FR,3,1,4,12.22
U15840,control,mobile,CA,5,0,8,0.0
U15841,treatment,console,UK,3,0,3,0.0
U15842,control,desktop,US,5,0,2,0.0
U15843,treatment,desktop,US,3,0,1,0.0
U15844,treatment,mobile,US,3,1,2,7.47
U15845,treatment,console,US,7,0,5,0.0
U15846,control,mobile,FR,4,0,1,0.0
U15847,control,mobile,CA,2,0,1,0.0
U15848,treatment,console,US,5,0,3,0.0
U15849,treatment,desktop,US,8,0,6,0.0
U15850,control,desktop,US,9,0,4,0.0
U15851,control,console,DE,9,0,2,0.0
U15852,treatment,mobile,FR,6,0,4,0.0
U15853,control,mobile,UK,3,0,5,0.0
U15854,control,mobile,UK,4,1,4,25.2
U15855,control,mobile,DE,4,0,5,0.0
U15856,control,desktop,US,2,0,3,0.0
U15857,control,desktop,DE,4,0,0,0.0
U15858,treatment,mobile,US,6,0,10,0.0
U15859,control,console,UK,6,0,3,0.0
U15860,control,mobile,UK,10,1,12,7.34
U15861,control,mobile,FR,5,0,3,0.0
U15862,treatment,mobile,US,6,0,4,0.0
U15863,control,console,UK,5,0,7,0.0
U15864,treatment,desktop,US,5,0,6,0.0
U15865,treatment,console,FR,5,0,3,0.0
U15866,treatment,console,US,5,0,1,0.0
U15867,control,console,FR,2,1,3,7.06
U15868,treatment,console,CA,4,0,3,0.0
U15869,control,desktop,UK,5,0,4,0.0
U15870,control,console,CA,5,0,4,0.0
U15871,control,desktop,US,2,0,3,0.0
U15872,treatment,mobile,DE,2,0,1,0.0
U15873,control,mobile,US,2,0,5,0.0
U15874,control,console,DE,9,0,8,0.0
U15875,treatment,mobile,DE,6,0,1,0.0
U15876,treatment,console,UK,4,0,0,0.0
U15877,treatment,console,US,7,0,1,0.0
U15878,treatment,mobile,US,7,0,4,0.0
U15879,treatment,mobile,UK,6,0,6,0.0
U15880,treatment,mobile,US,4,1,1,7.25
U15881,control,desktop,DE,7,0,2,0.0
U15882,treatment,desktop,US,3,0,2,0.0
U15883,control,mobile,UK,5,1,6,27.62
U15884,treatment,desktop,CA,3,1,2,29.16
U15885,treatment,desktop,US,4,0,2,0.0
U15886,control,mobile,DE,3,0,3,0.0
U15887,control,mobile,UK,5,0,9,0.0
U15888,treatment,mobile,DE,7,0,2,0.0
U15889,control,console,FR,4,0,1,0.0
U15890,treatment,mobile,UK,2,0,0,0.0
U15891,control,mobile,US,6,0,3,0.0
U15892,control,mobile,UK,7,0,6,0.0
U15893,treatment,desktop,UK,10,0,6,0.0
U15894,control,console,DE,5,0,2,0.0
U15895,treatment,mobile,DE,6,0,4,0.0
U15896,treatment,desktop,US,3,0,4,0.0
U15897,control,desktop,US,5,0,4,0.0
U15898,treatment,console,US,7,0,3,0.0
U15899,treatment,desktop,US,10,0,4,0.0
U15900,treatment,desktop,US,7,0,6,0.0
U15901,control,mobile,US,6,0,4,0.0
U15902,treatment,mobile,US,1,0,3,0.0
U15903,treatment,console,CA,2,0,2,0.0
U15904,control,mobile,US,2,0,2,0.0
U15905,control,mobile,US,5,0,7,0.0
U15906,treatment,desktop,US,6,0,9,0.0
U15907,control,console,DE,6,0,6,0.0
U15908,treatment,mobile,FR,5,0,3,0.0
U15909,control,console,DE,4,0,3,0.0
U15910,control,mobile,US,8,0,5,0.0
U15911,treatment,console,UK,3,0,5,0.0
U15912,treatment,console,FR,2,0,2,0.0
U15913,control,console,FR,5,0,4,0.0
U15914,control,console,CA,7,0,4,0.0
U15915,treatment,console,FR,4,0,1,0.0
U15916,treatment,console,US,6,0,3,0.0
U15917,treatment,desktop,UK,6,0,4,0.0
U15918,control,desktop,DE,6,0,6,0.0
U15919,control,mobile,DE,1,1,3,10.68
U15920,treatment,mobile,US,8,0,3,0.0
U15921,treatment,desktop,DE,5,0,4,0.0
U15922,control,mobile,CA,8,0,4,0.0
U15923,control,console,UK,6,0,4,0.0
U15924,control,mobile,US,6,0,3,0.0
U15925,control,mobile,US,4,0,3,0.0
U15926,control,mobile,US,6,0,7,0.0
U15927,control,mobile,FR,5,0,2,0.0
U15928,control,mobile,DE,4,0,1,0.0
U15929,treatment,desktop,US,6,1,8,28.28
U15930,control,mobile,FR,9,1,5,11.16
U15931,treatment,console,US,5,0,3,0.0
U15932,control,mobile,US,4,0,3,0.0
U15933,treatment,desktop,DE,4,0,3,0.0
U15934,control,desktop,FR,5,0,4,0.0
U15935,treatment,mobile,US,5,0,3,0.0
U15936,treatment,mobile,US,3,0,4,0.0
U15937,control,console,DE,7,0,6,0.0
U15938,control,desktop,FR,6,0,2,0.0
U15939,treatment,mobile,FR,6,0,4,0.0
U15940,treatment,desktop,CA,4,0,8,0.0
U15941,control,mobile,UK,4,0,1,0.0
U15942,control,mobile,US,9,0,4,0.0
U15943,control,mobile,US,7,0,3,0.0
U15944,control,console,US,5,0,4,0.0
U15945,treatment,mobile,FR,7,0,3,0.0
U15946,control,desktop,US,3,0,3,0.0
U15947,control,mobile,UK,6,0,5,0.0
U15948,control,mobile,DE,4,0,1,0.0
U15949,control,mobile,UK,6,0,5,0.0
U15950,control,desktop,UK,6,0,3,0.0
U15951,control,console,DE,8,0,4,0.0
U15952,treatment,console,FR,6,0,4,0.0
U15953,control,mobile,US,4,0,5,0.0
U15954,treatment,mobile,US,5,0,3,0.0
U15955,control,mobile,US,5,0,2,0.0
U15956,control,console,UK,3,0,3,0.0
U15957,control,desktop,US,4,1,3,41.39
U15958,control,console,UK,5,0,6,0.0
U15959,treatment,mobile,FR,5,0,5,0.0
U15960,control,desktop,DE,3,0,2,0.0
U15961,control,desktop,US,4,0,4,0.0
U15962,treatment,desktop,US,6,0,3,0.0
U15963,control,desktop,UK,3,0,5,0.0
U15964,control,mobile,CA,8,0,6,0.0
U15965,control,mobile,FR,4,0,2,0.0
U15966,treatment,console,FR,6,0,4,0.0
U15967,control,mobile,US,3,0,3,0.0
U15968,treatment,desktop,FR,3,0,3,0.0
U15969,control,console,US,7,0,5,0.0
U15970,control,desktop,US,6,0,4,0.0
U15971,control,desktop,US,2,0,3,0.0
U15972,treatment,mobile,US,4,0,3,0.0
U15973,treatment,console,US,2,0,1,0.0
U15974,treatment,console,US,8,1,7,25.03
U15975,control,console,US,2,0,7,0.0
U15976,control,mobile,US,5,0,4,0.0
U15977,treatment,console,UK,3,0,3,0.0
U15978,control,mobile,UK,4,0,5,0.0
U15979,treatment,desktop,DE,6,1,6,20.45
U15980,treatment,mobile,US,5,1,7,25.23
U15981,control,mobile,US,8,0,4,0.0
U15982,control,desktop,CA,5,0,5,0.0
U15983,treatment,desktop,US,1,0,4,0.0
U15984,control,console,US,4,1,4,25.42
U15985,treatment,mobile,US,3,0,1,0.0
U15986,treatment,console,US,6,0,4,0.0
U15987,control,desktop,US,4,0,1,0.0
U15988,treatment,mobile,FR,4,0,1,0.0
U15989,control,mobile,FR,2,1,4,36.69
U15990,control,console,US,5,0,7,0.0
U15991,control,console,US,1,0,0,0.0
U15992,control,mobile,UK,6,0,6,0.0
U15993,control,mobile,DE,5,0,3,0.0
U15994,treatment,desktop,FR,3,0,2,0.0
U15995,control,desktop,US,2,0,1,0.0
U15996,treatment,desktop,FR,5,0,4,0.0
U15997,treatment,console,US,6,0,0,0.0
U15998,control,mobile,DE,4,0,2,0.0
U15999,treatment,mobile,UK,2,0,1,0.0
U16000,treatment,mobile,US,11,0,3,0.0
U16001,control,console,DE,6,0,4,0.0
U16002,treatment,desktop,DE,6,0,7,0.0
U16003,control,mobile,FR,4,0,4,0.0
U16004,treatment,console,UK,6,0,4,0.0
U16005,control,desktop,US,4,0,3,0.0
U16006,control,mobile,DE,5,0,2,0.0
U16007,control,mobile,US,3,0,2,0.0
U16008,treatment,console,CA,7,1,7,22.33
U16009,control,desktop,FR,7,0,4,0.0
U16010,control,mobile,US,4,0,4,0.0
U16011,treatment,mobile,US,5,0,2,0.0
U16012,treatment,mobile,DE,3,0,4,0.0
U16013,control,desktop,UK,4,0,3,0.0
U16014,treatment,mobile,US,7,0,3,0.0
U16015,control,mobile,UK,1,0,3,0.0
U16016,treatment,mobile,US,9,0,4,0.0
U16017,control,console,FR,2,0,2,0.0
U16018,control,desktop,US,6,0,4,0.0
U16019,control,mobile,FR,6,0,2,0.0
U16020,control,desktop,FR,4,0,3,0.0
U16021,treatment,desktop,FR,7,1,1,6.26
U16022,control,console,FR,5,0,1,0.0
U16023,treatment,console,UK,2,0,5,0.0
U16024,control,desktop,US,8,0,1,0.0
U16025,treatment,desktop,DE,4,1,7,11.67
U16026,treatment,mobile,US,5,1,4,19.16
U16027,treatment,console,US,3,0,4,0.0
U16028,treatment,desktop,CA,5,0,0,0.0
U16029,treatment,mobile,DE,8,0,3,0.0
U16030,treatment,desktop,UK,4,1,3,21.8
U16031,control,mobile,DE,3,0,2,0.0
U16032,treatment,desktop,FR,4,0,3,0.0
U16033,control,mobile,CA,6,0,4,0.0
U16034,control,mobile,DE,7,1,4,9.33
U16035,control,mobile,UK,5,1,7,1.72
U16036,treatment,mobile,FR,6,0,8,0.0
U16037,control,mobile,DE,3,0,5,0.0
U16038,treatment,desktop,US,5,1,4,17.87
U16039,treatment,desktop,FR,11,0,0,0.0
U16040,treatment,desktop,US,4,0,2,0.0
U16041,control,mobile,CA,5,0,5,0.0
U16042,treatment,console,CA,6,0,6,0.0
U16043,control,console,US,5,0,2,0.0
U16044,treatment,desktop,US,4,0,4,0.0
U16045,treatment,desktop,UK,3,0,5,0.0
U16046,treatment,console,US,4,0,1,0.0
U16047,control,desktop,US,5,1,2,9.24
U16048,treatment,mobile,US,7,1,6,28.18
U16049,control,desktop,UK,8,0,6,0.0
U16050,control,mobile,FR,6,0,2,0.0
U16051,treatment,console,UK,2,0,2,0.0
U16052,control,desktop,US,1,0,1,0.0
U16053,control,console,UK,4,0,5,0.0
U16054,control,mobile,US,4,0,3,0.0
U16055,control,desktop,UK,2,0,6,0.0
U16056,control,desktop,FR,5,0,5,0.0
U16057,control,console,US,5,0,2,0.0
U16058,treatment,console,CA,3,0,7,0.0
U16059,control,mobile,UK,5,0,1,0.0
U16060,treatment,console,UK,3,0,4,0.0
U16061,control,console,FR,9,0,5,0.0
U16062,control,console,US,4,0,0,0.0
U16063,treatment,desktop,UK,3,0,4,0.0
U16064,control,console,UK,6,0,6,0.0
U16065,treatment,mobile,FR,6,0,5,0.0
U16066,control,mobile,US,9,0,2,0.0
U16067,treatment,mobile,US,3,0,1,0.0
U16068,control,desktop,FR,2,0,2,0.0
U16069,treatment,console,DE,3,0,4,0.0
U16070,control,desktop,FR,7,0,5,0.0
U16071,control,desktop,US,4,0,3,0.0
U16072,treatment,console,DE,5,0,1,0.0
U16073,treatment,desktop,US,3,0,4,0.0
U16074,control,desktop,UK,6,0,4,0.0
U16075,control,desktop,US,8,0,5,0.0
U16076,control,desktop,CA,6,0,4,0.0
U16077,control,desktop,US,5,1,2,10.16
U16078,treatment,console,US,4,0,2,0.0
U16079,treatment,desktop,US,6,1,3,16.18
U16080,treatment,mobile,DE,6,1,7,29.96
U16081,control,desktop,DE,6,1,6,28.15
U16082,treatment,console,US,3,0,3,0.0
U16083,treatment,mobile,UK,5,1,4,6.06
U16084,control,console,US,4,0,2,0.0
U16085,control,desktop,US,4,0,7,0.0
U16086,treatment,mobile,DE,7,0,4,0.0
U16087,control,desktop,US,6,0,6,0.0
U16088,control,mobile,US,9,0,3,0.0
U16089,control,mobile,US,5,0,4,0.0
U16090,control,mobile,US,5,0,4,0.0
U16091,control,desktop,DE,8,1,6,18.07
U16092,treatment,desktop,DE,3,0,1,0.0
U16093,treatment,desktop,FR,8,0,2,0.0
U16094,control,desktop,US,4,1,2,28.32
U16095,control,mobile,DE,3,1,4,10.79
U16096,control,console,US,4,0,3,0.0
U16097,treatment,console,UK,6,0,2,0.0
U16098,control,console,DE,5,0,6,0.0
U16099,control,mobile,UK,2,0,4,0.0
U16100,treatment,console,UK,6,0,4,0.0
U16101,treatment,console,UK,2,0,3,0.0
U16102,treatment,mobile,DE,6,0,1,0.0
U16103,control,mobile,US,4,0,3,0.0
U16104,treatment,mobile,FR,3,0,5,0.0
U16105,treatment,desktop,US,5,1,9,27.81
U16106,treatment,desktop,US,2,0,2,0.0
U16107,treatment,mobile,US,6,0,6,0.0
U16108,treatment,mobile,FR,7,0,1,0.0
U16109,control,desktop,DE,6,0,4,0.0
U16110,control,desktop,US,4,0,5,0.0
U16111,control,desktop,FR,3,0,2,0.0
U16112,treatment,mobile,US,6,0,2,0.0
U16113,control,desktop,CA,7,0,1,0.0
U16114,treatment,console,US,4,0,3,0.0
U16115,control,mobile,US,5,1,3,11.26
U16116,treatment,desktop,FR,6,0,2,0.0
U16117,control,mobile,UK,7,0,5,0.0
U16118,control,mobile,DE,5,0,5,0.0
U16119,treatment,console,US,9,0,3,0.0
U16120,treatment,console,UK,7,0,1,0.0
U16121,treatment,mobile,UK,5,0,4,0.0
U16122,control,mobile,UK,4,0,4,0.0
U16123,treatment,mobile,UK,5,0,5,0.0
U16124,treatment,desktop,US,8,1,11,30.35
U16125,treatment,mobile,DE,5,0,5,0.0
U16126,treatment,desktop,UK,5,0,2,0.0
U16127,control,mobile,UK,6,0,1,0.0
U16128,control,desktop,FR,3,0,3,0.0
U16129,treatment,console,US,5,1,5,16.9
U16130,treatment,mobile,FR,5,0,3,0.0
U16131,treatment,console,UK,5,0,2,0.0
U16132,treatment,console,FR,4,0,4,0.0
U16133,treatment,mobile,DE,7,0,6,0.0
U16134,treatment,console,UK,4,1,6,14.2
U16135,control,desktop,US,5,0,4,0.0
U16136,treatment,desktop,US,3,0,1,0.0
U16137,control,desktop,UK,5,1,3,1.07
U16138,control,mobile,US,3,0,3,0.0
U16139,control,mobile,DE,4,0,4,0.0
U16140,treatment,mobile,DE,3,0,2,0.0
U16141,treatment,desktop,US,7,1,3,20.93
U16142,treatment,console,DE,7,1,10,58.36
U16143,control,mobile,US,5,0,7,0.0
U16144,treatment,mobile,UK,4,0,1,0.0
U16145,control,mobile,UK,2,0,1,0.0
U16146,treatment,console,US,4,0,3,0.0
U16147,control,mobile,UK,4,0,4,0.0
U16148,treatment,console,UK,7,0,9,0.0
U16149,treatment,mobile,US,8,0,3,0.0
U16150,control,mobile,CA,4,0,3,0.0
U16151,treatment,mobile,DE,3,0,3,0.0
U16152,treatment,desktop,CA,9,1,3,49.53
U16153,control,mobile,UK,5,0,4,0.0
U16154,control,console,FR,6,0,1,0.0
U16155,control,desktop,UK,5,0,4,0.0
U16156,treatment,mobile,US,8,0,3,0.0
U16157,treatment,desktop,UK,4,1,4,2.23
U16158,treatment,mobile,US,4,0,1,0.0
U16159,control,desktop,US,5,0,1,0.0
U16160,control,console,DE,4,1,3,18.08
U16161,control,console,FR,3,1,4,10.14
U16162,treatment,desktop,US,3,0,3,0.0
U16163,treatment,mobile,FR,9,0,0,0.0
U16164,control,mobile,UK,5,0,3,0.0
U16165,treatment,mobile,UK,5,0,2,0.0
U16166,treatment,desktop,UK,5,0,2,0.0
U16167,treatment,mobile,US,3,0,1,0.0
U16168,control,mobile,UK,4,0,2,0.0
U16169,treatment,console,UK,7,0,2,0.0
U16170,treatment,console,US,5,0,2,0.0
U16171,treatment,mobile,FR,3,0,1,0.0
U16172,treatment,console,FR,2,0,3,0.0
U16173,control,console,CA,8,0,3,0.0
U16174,control,mobile,UK,4,0,3,0.0
U16175,treatment,console,UK,6,0,5,0.0
U16176,control,console,US,3,0,2,0.0
U16177,control,desktop,DE,5,0,6,0.0
U16178,treatment,console,US,4,1,4,9.08
U16179,treatment,mobile,FR,4,0,4,0.0
U16180,treatment,desktop,CA,4,1,3,30.87
U16181,control,desktop,US,8,0,3,0.0
U16182,control,desktop,CA,5,0,2,0.0
U16183,treatment,mobile,UK,6,0,5,0.0
U16184,treatment,desktop,US,4,0,3,0.0
U16185,control,console,UK,5,0,4,0.0
U16186,treatment,console,US,4,0,2,0.0
U16187,treatment,mobile,UK,4,0,6,0.0
U16188,control,mobile,US,4,0,2,0.0
U16189,control,mobile,UK,4,0,4,0.0
U16190,treatment,desktop,US,7,0,3,0.0
U16191,treatment,mobile,DE,7,0,3,0.0
U16192,control,console,US,6,0,1,0.0
U16193,treatment,desktop,US,6,0,4,0.0
U16194,control,mobile,CA,7,0,3,0.0
U16195,control,desktop,FR,3,0,2,0.0
U16196,control,mobile,CA,1,0,3,0.0
U16197,treatment,mobile,UK,3,0,3,0.0
U16198,control,mobile,US,5,1,2,6.03
U16199,control,desktop,FR,8,0,3,0.0
U16200,control,console,CA,3,1,3,11.78
U16201,treatment,mobile,US,4,0,5,0.0
U16202,treatment,console,CA,5,0,6,0.0
U16203,treatment,mobile,US,3,0,3,0.0
U16204,treatment,mobile,FR,10,0,6,0.0
U16205,control,desktop,US,4,0,2,0.0
U16206,treatment,console,US,6,0,7,0.0
U16207,control,console,UK,3,0,2,0.0
U16208,control,desktop,UK,2,0,5,0.0
U16209,treatment,desktop,DE,5,1,1,9.89
U16210,control,mobile,US,5,0,4,0.0
U16211,control,mobile,US,3,0,3,0.0
U16212,treatment,console,DE,8,0,2,0.0
U16213,control,desktop,US,4,0,3,0.0
U16214,control,mobile,UK,8,0,6,0.0
U16215,control,mobile,US,4,0,4,0.0
U16216,control,mobile,US,3,0,2,0.0
U16217,control,console,US,5,0,3,0.0
U16218,control,mobile,CA,3,0,2,0.0
U16219,control,console,CA,5,1,4,18.39
U16220,control,desktop,US,4,0,3,0.0
U16221,treatment,console,US,4,0,3,0.0
U16222,treatment,mobile,FR,6,1,3,11.06
U16223,control,mobile,UK,9,0,8,0.0
U16224,control,mobile,US,6,0,3,0.0
U16225,control,mobile,CA,6,0,4,0.0
U16226,control,console,FR,3,1,4,18.48
U16227,treatment,console,CA,5,0,4,0.0
U16228,control,mobile,UK,8,0,4,0.0
U16229,treatment,desktop,US,5,0,1,0.0
U16230,control,desktop,FR,6,0,5,0.0
U16231,control,desktop,UK,5,1,4,8.49
U16232,treatment,mobile,FR,2,0,3,0.0
U16233,treatment,mobile,US,3,0,4,0.0
U16234,treatment,mobile,FR,3,1,3,29.29
U16235,control,console,US,6,0,4,0.0
U16236,treatment,mobile,US,2,0,1,0.0
U16237,control,desktop,CA,7,0,5,0.0
U16238,treatment,console,DE,2,0,1,0.0
U16239,control,mobile,US,7,0,3,0.0
U16240,control,mobile,CA,7,0,1,0.0
U16241,treatment,mobile,DE,4,0,3,0.0
U16242,treatment,desktop,US,6,0,2,0.0
U16243,control,desktop,US,5,0,3,0.0
U16244,control,mobile,FR,4,0,1,0.0
U16245,control,mobile,US,4,0,4,0.0
U16246,control,desktop,DE,6,0,1,0.0
U16247,control,desktop,CA,4,0,3,0.0
U16248,control,mobile,US,8,0,5,0.0
U16249,treatment,console,FR,4,0,4,0.0
U16250,control,mobile,FR,5,0,1,0.0
U16251,treatment,mobile,UK,3,0,2,0.0
U16252,treatment,mobile,DE,8,0,3,0.0
U16253,treatment,desktop,FR,5,0,1,0.0
U16254,treatment,desktop,US,3,1,2,22.23
U16255,control,desktop,UK,7,0,1,0.0
U16256,control,mobile,UK,7,0,3,0.0
U16257,control,mobile,UK,1,0,4,0.0
U16258,control,mobile,US,8,1,4,18.6
U16259,control,mobile,DE,5,0,6,0.0
U16260,control,desktop,US,3,0,1,0.0
U16261,treatment,desktop,US,7,0,2,0.0
U16262,control,mobile,US,7,0,3,0.0
U16263,control,mobile,DE,2,0,4,0.0
U16264,treatment,mobile,FR,4,0,1,0.0
U16265,treatment,desktop,FR,2,0,5,0.0
U16266,treatment,mobile,DE,7,0,0,0.0
U16267,control,desktop,US,5,1,3,44.57
U16268,control,mobile,CA,7,0,7,0.0
U16269,control,mobile,FR,5,0,5,0.0
U16270,treatment,mobile,CA,3,1,4,34.5
U16271,control,mobile,DE,4,0,4,0.0
U16272,control,console,US,7,0,1,0.0
U16273,treatment,mobile,US,6,0,4,0.0
U16274,treatment,mobile,US,3,1,5,20.1
U16275,treatment,mobile,US,5,0,4,0.0
U16276,control,mobile,US,3,0,1,0.0
U16277,control,console,CA,5,0,5,0.0
U16278,treatment,console,US,1,0,3,0.0
U16279,treatment,mobile,US,4,0,1,0.0
U16280,control,mobile,DE,4,0,6,0.0
U16281,treatment,desktop,US,5,0,1,0.0
U16282,control,desktop,UK,3,0,0,0.0
U16283,treatment,desktop,DE,6,0,3,0.0
U16284,control,mobile,US,6,0,5,0.0
U16285,control,mobile,US,5,1,2,34.37
U16286,treatment,mobile,US,3,0,3,0.0
U16287,control,mobile,UK,9,1,9,13.11
U16288,control,desktop,US,3,1,1,18.18
U16289,control,console,US,5,0,4,0.0
U16290,control,mobile,CA,10,0,2,0.0
U16291,control,console,US,11,0,5,0.0
U16292,treatment,mobile,US,4,1,0,26.05
U16293,control,mobile,US,6,0,2,0.0
U16294,control,desktop,DE,3,0,6,0.0
U16295,control,mobile,US,8,0,1,0.0
U16296,control,console,DE,8,0,5,0.0
U16297,control,console,FR,4,0,5,0.0
U16298,treatment,mobile,US,2,0,1,0.0
U16299,control,mobile,FR,4,0,1,0.0
U16300,control,mobile,US,5,0,2,0.0
U16301,control,console,FR,5,0,2,0.0
U16302,treatment,mobile,DE,3,0,4,0.0
U16303,treatment,console,US,7,0,5,0.0
U16304,treatment,mobile,US,6,0,5,0.0
U16305,treatment,desktop,US,6,0,3,0.0
U16306,control,mobile,US,2,0,2,0.0
U16307,control,console,US,5,0,2,0.0
U16308,treatment,desktop,DE,8,1,5,20.69
U16309,treatment,mobile,US,7,1,4,21.4
U16310,treatment,mobile,US,7,0,7,0.0
U16311,treatment,desktop,US,4,0,1,0.0
U16312,control,desktop,FR,6,0,2,0.0
U16313,control,console,US,5,0,5,0.0
U16314,treatment,mobile,US,3,0,4,0.0
U16315,control,console,CA,2,0,5,0.0
U16316,control,mobile,UK,2,0,2,0.0
U16317,treatment,console,US,4,0,5,0.0
U16318,control,console,CA,3,0,8,0.0
U16319,control,desktop,DE,10,0,3,0.0
U16320,control,console,US,7,0,4,0.0
U16321,treatment,mobile,UK,2,0,3,0.0
U16322,treatment,desktop,US,6,0,2,0.0
U16323,treatment,mobile,FR,12,0,3,0.0
U16324,treatment,mobile,US,3,0,4,0.0
U16325,treatment,desktop,FR,6,0,4,0.0
U16326,treatment,console,US,4,0,2,0.0
U16327,treatment,console,US,4,0,6,0.0
U16328,treatment,desktop,UK,5,0,3,0.0
U16329,control,console,US,6,0,3,0.0
U16330,control,console,FR,5,0,2,0.0
U16331,treatment,console,UK,3,0,2,0.0
U16332,control,mobile,DE,3,0,4,0.0
U16333,control,desktop,US,3,0,2,0.0
U16334,treatment,desktop,US,4,0,3,0.0
U16335,control,console,UK,6,1,1,19.34
U16336,treatment,desktop,US,8,0,1,0.0
U16337,control,console,CA,3,0,3,0.0
U16338,treatment,console,UK,4,0,2,0.0
U16339,treatment,desktop,US,5,0,4,0.0
U16340,control,console,US,9,0,2,0.0
U16341,treatment,desktop,US,6,0,1,0.0
U16342,treatment,desktop,UK,7,1,4,9.19
U16343,control,desktop,CA,2,1,4,10.46
U16344,control,console,DE,4,0,1,0.0
U16345,control,console,DE,2,0,1,0.0
U16346,control,console,UK,4,0,7,0.0
U16347,treatment,mobile,US,6,1,0,13.51
U16348,control,desktop,FR,9,0,7,0.0
U16349,control,console,US,5,0,6,0.0
U16350,treatment,console,DE,3,0,1,0.0
U16351,treatment,console,DE,4,0,6,0.0
U16352,treatment,desktop,CA,6,0,6,0.0
U16353,control,desktop,US,6,0,2,0.0
U16354,treatment,mobile,FR,4,0,1,0.0
U16355,treatment,console,US,4,0,3,0.0
U16356,control,mobile,US,6,0,4,0.0
U16357,control,console,DE,3,0,4,0.0
U16358,treatment,mobile,US,4,1,4,8.82
U16359,treatment,console,UK,6,0,7,0.0
U16360,treatment,desktop,US,7,1,2,10.06
U16361,treatment,mobile,UK,6,0,3,0.0
U16362,treatment,desktop,US,4,0,3,0.0
U16363,control,desktop,UK,3,0,5,0.0
U16364,control,console,US,3,0,6,0.0
U16365,treatment,desktop,US,8,0,3,0.0
U16366,control,desktop,UK,4,0,2,0.0
U16367,control,mobile,DE,4,1,6,27.38
U16368,control,console,US,6,0,2,0.0
U16369,treatment,console,US,5,0,4,0.0
U16370,treatment,console,FR,5,1,5,16.37
U16371,treatment,mobile,FR,3,1,6,19.62
U16372,treatment,console,US,6,0,1,0.0
U16373,treatment,mobile,US,5,0,8,0.0
U16374,treatment,console,US,5,0,3,0.0
U16375,treatment,mobile,US,9,0,6,0.0
U16376,control,mobile,US,9,0,5,0.0
U16377,control,mobile,UK,10,0,7,0.0
U16378,control,console,CA,2,0,1,0.0
U16379,treatment,desktop,UK,3,0,3,0.0
U16380,control,desktop,US,4,0,3,0.0
U16381,treatment,mobile,UK,5,0,5,0.0
U16382,treatment,console,UK,5,0,1,0.0
U16383,control,mobile,UK,3,0,2,0.0
U16384,treatment,mobile,US,7,0,5,0.0
U16385,treatment,console,US,4,0,7,0.0
U16386,control,desktop,FR,6,0,8,0.0
U16387,treatment,desktop,DE,6,0,4,0.0
U16388,treatment,mobile,FR,5,0,6,0.0
U16389,treatment,desktop,US,4,0,1,0.0
U16390,treatment,mobile,US,2,0,5,0.0
U16391,treatment,desktop,FR,4,1,2,10.53
U16392,control,mobile,US,7,0,3,0.0
U16393,treatment,desktop,FR,4,0,5,0.0
U16394,treatment,mobile,UK,5,0,3,0.0
U16395,treatment,mobile,US,6,0,2,0.0
U16396,control,mobile,US,6,0,6,0.0
U16397,treatment,desktop,US,3,0,3,0.0
U16398,treatment,mobile,DE,5,0,3,0.0
U16399,treatment,desktop,FR,7,0,5,0.0
U16400,control,mobile,FR,5,1,3,18.16
U16401,treatment,mobile,FR,2,1,2,33.84
U16402,control,desktop,FR,4,0,2,0.0
U16403,control,mobile,FR,3,0,3,0.0
U16404,treatment,desktop,DE,6,0,1,0.0
U16405,control,desktop,FR,5,0,1,0.0
U16406,treatment,console,US,4,0,5,0.0
U16407,control,desktop,CA,4,0,2,0.0
U16408,control,mobile,US,1,0,5,0.0
U16409,control,mobile,US,6,0,6,0.0
U16410,treatment,mobile,US,5,0,6,0.0
U16411,treatment,console,FR,7,0,2,0.0
U16412,control,mobile,DE,5,1,2,12.04
U16413,control,mobile,UK,8,1,3,22.41
U16414,treatment,desktop,US,5,0,4,0.0
U16415,control,desktop,FR,6,1,3,15.22
U16416,treatment,console,DE,2,0,3,0.0
U16417,treatment,mobile,UK,5,0,4,0.0
U16418,treatment,console,DE,2,0,6,0.0
U16419,control,desktop,DE,5,0,6,0.0
U16420,treatment,console,US,4,0,2,0.0
U16421,treatment,mobile,US,4,0,6,0.0
U16422,treatment,mobile,US,4,0,3,0.0
U16423,control,mobile,DE,5,0,6,0.0
U16424,treatment,console,CA,9,0,2,0.0
U16425,control,mobile,CA,6,0,4,0.0
U16426,treatment,mobile,DE,4,0,3,0.0
U16427,treatment,mobile,US,7,0,1,0.0
U16428,treatment,console,UK,7,0,1,0.0
U16429,control,mobile,US,6,0,3,0.0
U16430,control,mobile,US,5,0,2,0.0
U16431,treatment,desktop,DE,6,0,4,0.0
U16432,control,console,CA,6,0,5,0.0
U16433,control,console,UK,4,1,8,9.43
U16434,control,desktop,US,3,0,2,0.0
U16435,control,mobile,US,5,1,3,20.4
U16436,control,mobile,US,11,0,4,0.0
U16437,treatment,mobile,UK,5,0,1,0.0
U16438,treatment,mobile,US,5,0,4,0.0
U16439,control,mobile,UK,6,1,2,7.13
U16440,treatment,desktop,US,6,0,6,0.0
U16441,treatment,mobile,CA,7,0,8,0.0
U16442,treatment,desktop,US,6,1,4,27.5
U16443,control,mobile,UK,6,0,6,0.0
U16444,control,console,FR,6,0,3,0.0
U16445,treatment,console,UK,5,0,2,0.0
U16446,treatment,mobile,US,4,0,2,0.0
U16447,control,mobile,CA,5,1,0,14.92
U16448,treatment,console,FR,6,0,5,0.0
U16449,control,console,US,1,0,2,0.0
U16450,treatment,mobile,DE,4,0,6,0.0
U16451,treatment,mobile,US,9,0,3,0.0
U16452,treatment,console,FR,4,0,4,0.0
U16453,treatment,desktop,US,10,0,2,0.0
U16454,treatment,desktop,DE,6,0,1,0.0
U16455,control,mobile,UK,5,0,2,0.0
U16456,treatment,console,US,6,0,4,0.0
U16457,control,desktop,UK,6,0,3,0.0
U16458,treatment,desktop,US,9,0,2,0.0
U16459,control,desktop,US,5,0,2,0.0
U16460,control,mobile,US,2,0,4,0.0
U16461,treatment,mobile,US,3,0,6,0.0
U16462,control,desktop,US,4,1,3,31.02
U16463,control,desktop,UK,4,0,5,0.0
U16464,control,console,FR,5,0,3,0.0
U16465,treatment,desktop,FR,4,0,5,0.0
U16466,treatment,mobile,US,3,0,1,0.0
U16467,control,mobile,CA,3,0,5,0.0
U16468,control,desktop,DE,6,0,6,0.0
U16469,treatment,mobile,US,8,0,10,0.0
U16470,control,desktop,US,5,0,3,0.0
U16471,treatment,mobile,UK,3,0,2,0.0
U16472,control,mobile,US,6,0,3,0.0
U16473,control,mobile,US,3,0,2,0.0
U16474,treatment,desktop,UK,4,0,5,0.0
U16475,control,mobile,FR,9,0,4,0.0
U16476,treatment,desktop,UK,6,0,3,0.0
U16477,control,mobile,US,3,0,1,0.0
U16478,control,console,US,2,0,4,0.0
U16479,control,desktop,UK,4,0,3,0.0
U16480,control,console,US,5,0,1,0.0
U16481,control,console,US,7,0,3,0.0
U16482,treatment,console,UK,5,0,1,0.0
U16483,treatment,console,UK,5,0,3,0.0
U16484,treatment,mobile,UK,5,0,7,0.0
U16485,control,mobile,US,1,0,4,0.0
U16486,control,desktop,FR,6,0,4,0.0
U16487,control,desktop,FR,1,0,0,0.0
U16488,treatment,desktop,US,5,0,5,0.0
U16489,treatment,desktop,DE,10,0,3,0.0
U16490,treatment,mobile,CA,4,1,3,49.37
U16491,treatment,mobile,US,5,0,2,0.0
U16492,control,desktop,CA,6,0,5,0.0
U16493,treatment,desktop,FR,6,0,3,0.0
U16494,control,console,UK,3,0,1,0.0
U16495,control,desktop,US,3,0,3,0.0
U16496,treatment,mobile,CA,3,0,5,0.0
U16497,treatment,mobile,UK,5,1,3,39.68
U16498,treatment,mobile,UK,4,0,3,0.0
U16499,treatment,mobile,US,1,0,3,0.0
U16500,treatment,console,UK,5,0,4,0.0
U16501,treatment,desktop,UK,4,0,2,0.0
U16502,control,console,US,4,1,4,1.02
U16503,treatment,desktop,FR,3,0,3,0.0
U16504,control,mobile,US,1,0,5,0.0
U16505,control,desktop,FR,4,0,4,0.0
U16506,control,mobile,CA,5,0,6,0.0
U16507,treatment,mobile,US,6,1,5,14.33
U16508,treatment,desktop,CA,7,0,4,0.0
U16509,treatment,mobile,US,4,0,4,0.0
U16510,treatment,mobile,UK,2,1,3,13.21
U16511,control,desktop,UK,3,0,4,0.0
U16512,control,desktop,US,14,0,4,0.0
U16513,control,mobile,CA,5,0,2,0.0
U16514,treatment,desktop,UK,8,0,5,0.0
U16515,control,mobile,US,5,0,4,0.0
U16516,control,desktop,FR,7,0,4,0.0
U16517,treatment,desktop,CA,7,0,3,0.0
U16518,treatment,desktop,CA,4,0,4,0.0
U16519,control,desktop,UK,6,0,5,0.0
U16520,control,mobile,UK,7,0,3,0.0
U16521,control,mobile,US,5,0,1,0.0
U16522,control,desktop,US,8,1,5,8.0
U16523,treatment,mobile,FR,3,0,1,0.0
U16524,control,mobile,DE,4,0,5,0.0
U16525,treatment,desktop,CA,3,0,4,0.0
U16526,treatment,mobile,US,7,0,1,0.0
U16527,control,desktop,US,4,0,6,0.0
U16528,treatment,desktop,US,2,0,4,0.0
U16529,treatment,console,US,4,0,5,0.0
U16530,treatment,console,FR,7,0,4,0.0
U16531,treatment,desktop,DE,4,0,6,0.0
U16532,treatment,console,FR,4,0,2,0.0
U16533,control,desktop,FR,8,0,0,0.0
U16534,treatment,desktop,UK,5,0,2,0.0
U16535,control,console,US,6,0,5,0.0
U16536,control,console,DE,2,0,1,0.0
U16537,control,console,US,3,0,1,0.0
U16538,treatment,console,UK,5,0,2,0.0
U16539,control,desktop,UK,5,0,1,0.0
U16540,treatment,console,CA,5,0,0,0.0
U16541,treatment,mobile,FR,6,0,5,0.0
U16542,control,mobile,US,4,0,2,0.0
U16543,treatment,mobile,DE,8,0,3,0.0
U16544,treatment,desktop,UK,6,0,8,0.0
U16545,control,mobile,UK,6,0,7,0.0
U16546,control,mobile,US,4,0,5,0.0
U16547,control,mobile,US,5,0,4,0.0
U16548,treatment,desktop,CA,4,0,5,0.0
U16549,control,mobile,UK,4,1,3,2.5
U16550,control,desktop,US,4,0,4,0.0
U16551,control,desktop,FR,5,0,5,0.0
U16552,control,console,UK,7,0,1,0.0
U16553,treatment,desktop,US,3,0,5,0.0
U16554,treatment,mobile,US,1,0,3,0.0
U16555,control,console,US,3,1,3,17.51
U16556,treatment,console,US,4,0,0,0.0
U16557,control,mobile,FR,5,0,3,0.0
U16558,treatment,mobile,US,4,0,2,0.0
U16559,control,desktop,UK,6,0,7,0.0
U16560,control,console,US,5,0,3,0.0
U16561,control,console,FR,6,0,6,0.0
U16562,treatment,console,DE,4,0,4,0.0
U16563,treatment,console,CA,8,0,2,0.0
U16564,control,desktop,FR,2,1,5,54.75
U16565,control,mobile,UK,4,0,6,0.0
U16566,control,mobile,UK,8,0,7,0.0
U16567,treatment,mobile,US,5,0,4,0.0
U16568,treatment,mobile,US,5,1,3,31.68
U16569,treatment,mobile,US,1,0,1,0.0
U16570,control,desktop,DE,11,0,5,0.0
U16571,treatment,console,US,5,0,2,0.0
U16572,control,mobile,CA,4,0,3,0.0
U16573,control,console,US,2,0,4,0.0
U16574,treatment,console,DE,6,0,4,0.0
U16575,control,mobile,US,9,0,2,0.0
U16576,control,mobile,DE,7,0,1,0.0
U16577,treatment,desktop,CA,6,0,0,0.0
U16578,control,console,UK,5,0,8,0.0
U16579,control,desktop,US,9,0,3,0.0
U16580,control,mobile,DE,5,0,1,0.0
U16581,treatment,desktop,FR,6,1,1,12.7
U16582,treatment,console,DE,7,1,6,8.78
U16583,control,mobile,US,4,0,3,0.0
U16584,control,desktop,DE,4,0,6,0.0
U16585,control,desktop,DE,6,0,3,0.0
U16586,control,mobile,UK,6,0,4,0.0
U16587,control,console,DE,5,0,2,0.0
U16588,control,mobile,US,5,1,2,8.49
U16589,control,console,US,7,0,2,0.0
U16590,treatment,desktop,US,5,0,4,0.0
U16591,control,mobile,FR,3,0,3,0.0
U16592,treatment,desktop,UK,5,0,2,0.0
U16593,control,mobile,US,7,0,5,0.0
U16594,treatment,mobile,DE,9,0,4,0.0
U16595,control,mobile,US,4,0,5,0.0
U16596,control,console,UK,6,0,5,0.0
U16597,control,console,CA,4,0,6,0.0
U16598,treatment,mobile,US,4,0,4,0.0
U16599,treatment,desktop,US,4,1,2,12.93
U16600,treatment,console,UK,6,0,4,0.0
U16601,treatment,desktop,UK,7,0,7,0.0
U16602,treatment,mobile,DE,4,0,2,0.0
U16603,control,mobile,US,9,0,7,0.0
U16604,treatment,mobile,UK,6,0,3,0.0
U16605,control,mobile,CA,5,0,5,0.0
U16606,control,desktop,DE,6,1,3,21.76
U16607,control,desktop,FR,1,0,2,0.0
U16608,treatment,desktop,DE,5,0,6,0.0
U16609,treatment,mobile,CA,7,1,7,28.12
U16610,control,desktop,US,3,1,7,4.01
U16611,treatment,desktop,UK,4,0,2,0.0
U16612,treatment,console,UK,6,0,1,0.0
U16613,control,mobile,UK,3,0,3,0.0
U16614,control,mobile,FR,2,0,3,0.0
U16615,control,mobile,DE,6,0,3,0.0
U16616,control,mobile,UK,2,0,2,0.0
U16617,control,desktop,UK,4,0,4,0.0
U16618,treatment,desktop,DE,8,0,2,0.0
U16619,treatment,mobile,US,3,0,2,0.0
U16620,treatment,desktop,FR,6,0,5,0.0
U16621,treatment,desktop,CA,5,0,6,0.0
U16622,control,desktop,FR,6,0,5,0.0
U16623,control,console,UK,5,0,3,0.0
U16624,control,console,DE,5,0,2,0.0
U16625,treatment,desktop,US,4,0,3,0.0
U16626,control,mobile,FR,5,0,2,0.0
U16627,control,console,US,5,0,3,0.0
U16628,control,mobile,DE,4,0,3,0.0
U16629,treatment,desktop,US,6,0,1,0.0
U16630,treatment,console,US,10,0,5,0.0
U16631,control,mobile,US,5,1,2,8.79
U16632,treatment,mobile,UK,5,0,1,0.0
U16633,treatment,mobile,FR,6,0,0,0.0
U16634,treatment,console,UK,2,0,0,0.0
U16635,control,mobile,US,9,0,6,0.0
U16636,control,console,US,6,0,5,0.0
U16637,control,mobile,US,10,0,5,0.0
U16638,control,mobile,DE,4,0,3,0.0
U16639,control,mobile,US,4,1,4,6.72
U16640,treatment,console,US,5,0,4,0.0
U16641,treatment,mobile,UK,10,0,7,0.0
U16642,control,console,US,6,0,6,0.0
U16643,control,desktop,US,4,0,4,0.0
U16644,treatment,console,FR,3,0,3,0.0
U16645,treatment,mobile,UK,7,0,3,0.0
U16646,treatment,desktop,US,4,0,1,0.0
U16647,control,mobile,US,4,0,3,0.0
U16648,treatment,desktop,UK,4,0,3,0.0
U16649,treatment,desktop,US,6,0,4,0.0
U16650,control,mobile,CA,5,0,3,0.0
U16651,control,console,US,4,0,4,0.0
U16652,treatment,mobile,US,6,1,3,41.51
U16653,treatment,mobile,CA,4,0,2,0.0
U16654,treatment,desktop,DE,5,0,6,0.0
U16655,treatment,desktop,US,9,0,5,0.0
U16656,treatment,mobile,DE,5,0,1,0.0
U16657,treatment,console,DE,5,0,1,0.0
U16658,control,mobile,FR,2,0,5,0.0
U16659,treatment,desktop,UK,4,0,3,0.0
U16660,treatment,mobile,US,4,1,2,44.32
U16661,treatment,mobile,DE,3,1,7,12.26
U16662,treatment,desktop,CA,5,0,2,0.0
U16663,control,console,DE,7,0,5,0.0
U16664,treatment,desktop,UK,4,0,4,0.0
U16665,treatment,mobile,CA,6,0,1,0.0
U16666,control,mobile,US,2,0,3,0.0
U16667,treatment,console,US,4,0,2,0.0
U16668,control,mobile,US,4,0,4,0.0
U16669,treatment,desktop,FR,10,0,2,0.0
U16670,control,mobile,US,3,0,5,0.0
U16671,treatment,mobile,CA,6,0,3,0.0
U16672,control,mobile,US,11,0,4,0.0
U16673,control,mobile,UK,6,0,4,0.0
U16674,treatment,desktop,FR,13,0,0,0.0
U16675,treatment,mobile,UK,6,0,4,0.0
U16676,treatment,console,US,7,0,6,0.0
U16677,control,mobile,CA,10,0,2,0.0
U16678,treatment,mobile,CA,3,0,1,0.0
U16679,treatment,mobile,FR,6,1,3,17.96
U16680,treatment,mobile,US,3,0,5,0.0
U16681,control,mobile,DE,7,0,3,0.0
U16682,control,mobile,US,6,0,3,0.0
U16683,treatment,mobile,US,5,0,3,0.0
U16684,treatment,mobile,US,4,0,3,0.0
U16685,treatment,mobile,US,9,0,4,0.0
U16686,control,mobile,US,4,0,2,0.0
U16687,control,mobile,US,3,0,8,0.0
U16688,control,mobile,UK,7,0,3,0.0
U16689,control,mobile,FR,3,0,3,0.0
U16690,treatment,desktop,FR,6,1,4,12.05
U16691,control,mobile,US,1,0,3,0.0
U16692,control,console,CA,2,0,0,0.0
U16693,treatment,mobile,FR,6,0,3,0.0
U16694,control,mobile,FR,4,0,5,0.0
U16695,treatment,console,FR,7,0,4,0.0
U16696,treatment,mobile,US,7,1,6,19.87
U16697,control,mobile,FR,9,0,4,0.0
U16698,treatment,console,UK,4,0,4,0.0
U16699,treatment,desktop,CA,6,0,3,0.0
U16700,treatment,desktop,US,4,1,2,23.68
U16701,control,mobile,DE,4,0,8,0.0
U16702,treatment,mobile,US,2,0,3,0.0
U16703,treatment,mobile,UK,8,0,4,0.0
U16704,control,console,UK,10,0,4,0.0
U16705,treatment,mobile,UK,4,0,4,0.0
U16706,control,desktop,US,5,0,1,0.0
U16707,treatment,console,US,5,0,1,0.0
U16708,control,console,CA,4,1,1,10.39
U16709,control,mobile,FR,5,0,2,0.0
U16710,control,desktop,US,5,0,2,0.0
U16711,treatment,desktop,FR,3,1,4,11.72
U16712,control,console,US,5,0,3,0.0
U16713,treatment,console,CA,6,0,5,0.0
U16714,treatment,desktop,DE,2,0,1,0.0
U16715,control,desktop,DE,3,0,1,0.0
U16716,treatment,mobile,US,4,0,4,0.0
U16717,control,desktop,FR,4,0,4,0.0
U16718,control,desktop,FR,3,0,6,0.0
U16719,control,desktop,UK,1,0,0,0.0
U16720,treatment,desktop,UK,3,0,7,0.0
U16721,treatment,mobile,FR,6,0,3,0.0
U16722,control,desktop,CA,3,1,4,3.72
U16723,control,console,DE,5,0,3,0.0
U16724,treatment,mobile,UK,1,0,4,0.0
U16725,control,console,US,4,0,5,0.0
U16726,control,desktop,UK,5,0,2,0.0
U16727,treatment,mobile,FR,5,0,5,0.0
U16728,treatment,mobile,UK,7,0,5,0.0
U16729,control,desktop,US,3,0,2,0.0
U16730,treatment,console,US,5,1,2,11.48
U16731,treatment,mobile,DE,1,0,4,0.0
U16732,control,console,CA,3,0,4,0.0
U16733,control,console,US,5,1,4,15.24
U16734,control,mobile,UK,4,0,3,0.0
U16735,control,mobile,UK,5,0,2,0.0
U16736,control,mobile,DE,5,0,5,0.0
U16737,treatment,mobile,UK,6,1,3,7.69
U16738,treatment,mobile,DE,6,0,4,0.0
U16739,treatment,mobile,US,6,1,1,10.45
U16740,control,console,US,1,0,5,0.0
U16741,treatment,desktop,US,9,0,4,0.0
U16742,treatment,console,CA,3,0,5,0.0
U16743,treatment,desktop,DE,1,0,3,0.0
U16744,treatment,desktop,US,2,0,1,0.0
U16745,treatment,console,US,4,0,1,0.0
U16746,treatment,mobile,US,3,0,6,0.0
U16747,treatment,desktop,US,5,0,3,0.0
U16748,treatment,console,FR,5,0,2,0.0
U16749,control,console,US,4,0,6,0.0
U16750,control,mobile,UK,6,0,4,0.0
U16751,treatment,console,CA,7,0,2,0.0
U16752,treatment,desktop,US,2,0,3,0.0
U16753,control,mobile,UK,5,0,7,0.0
U16754,treatment,mobile,UK,8,0,4,0.0
U16755,treatment,desktop,US,6,0,3,0.0
U16756,control,mobile,DE,3,1,3,9.44
U16757,control,mobile,CA,6,0,4,0.0
U16758,treatment,mobile,UK,5,0,2,0.0
U16759,treatment,console,US,4,0,3,0.0
U16760,treatment,console,US,6,1,6,19.21
U16761,treatment,console,US,8,0,3,0.0
U16762,treatment,desktop,FR,4,1,2,22.68
U16763,treatment,console,UK,5,0,5,0.0
U16764,treatment,desktop,CA,5,0,4,0.0
U16765,control,desktop,US,5,0,1,0.0
U16766,treatment,desktop,FR,5,0,2,0.0
U16767,control,mobile,DE,6,0,3,0.0
U16768,treatment,desktop,US,5,0,2,0.0
U16769,treatment,mobile,FR,4,0,3,0.0
U16770,control,console,DE,4,0,3,0.0
U16771,control,mobile,FR,8,1,2,22.17
U16772,control,mobile,US,3,0,4,0.0
U16773,control,mobile,DE,7,0,3,0.0
U16774,control,mobile,UK,4,0,7,0.0
U16775,control,console,DE,5,0,2,0.0
U16776,treatment,desktop,FR,5,0,2,0.0
U16777,treatment,mobile,DE,7,0,6,0.0
U16778,treatment,desktop,FR,3,1,3,28.3
U16779,treatment,desktop,CA,4,1,2,16.8
U16780,treatment,mobile,UK,4,0,5,0.0
U16781,control,mobile,DE,5,0,3,0.0
U16782,control,mobile,FR,2,0,1,0.0
U16783,treatment,desktop,UK,6,0,2,0.0
U16784,control,console,UK,3,0,2,0.0
U16785,treatment,mobile,US,2,0,0,0.0
U16786,control,desktop,FR,7,1,3,28.01
U16787,treatment,desktop,CA,5,1,2,8.11
U16788,control,mobile,CA,5,0,3,0.0
U16789,treatment,desktop,US,3,0,3,0.0
U16790,treatment,mobile,DE,4,1,1,13.64
U16791,control,mobile,UK,4,0,2,0.0
U16792,control,mobile,CA,4,0,0,0.0
U16793,treatment,mobile,CA,4,0,2,0.0
U16794,treatment,desktop,US,5,1,10,20.56
U16795,control,console,UK,3,1,5,3.72
U16796,control,mobile,CA,7,0,8,0.0
U16797,control,console,FR,6,0,2,0.0
U16798,treatment,mobile,CA,3,0,4,0.0
U16799,control,mobile,US,6,0,1,0.0
U16800,treatment,desktop,US,10,0,1,0.0
U16801,control,desktop,US,5,1,1,24.51
U16802,treatment,console,US,5,1,3,5.39
U16803,control,mobile,CA,7,1,6,5.93
U16804,control,mobile,UK,6,0,9,0.0
U16805,control,desktop,DE,4,0,3,0.0
U16806,treatment,desktop,CA,6,0,3,0.0
U16807,treatment,console,US,3,0,4,0.0
U16808,treatment,console,US,8,0,4,0.0
U16809,treatment,mobile,FR,2,1,3,45.13
U16810,control,console,US,4,0,6,0.0
U16811,treatment,desktop,US,6,0,2,0.0
U16812,treatment,desktop,FR,4,0,4,0.0
U16813,treatment,mobile,UK,3,0,4,0.0
U16814,control,console,DE,3,0,3,0.0
U16815,treatment,desktop,CA,5,0,3,0.0
U16816,control,mobile,UK,4,0,4,0.0
U16817,control,mobile,UK,2,0,2,0.0
U16818,treatment,desktop,UK,8,0,8,0.0
U16819,control,console,DE,7,0,4,0.0
U16820,control,desktop,US,2,0,3,0.0
U16821,control,console,US,5,0,4,0.0
U16822,treatment,mobile,DE,5,0,4,0.0
U16823,control,mobile,US,5,0,2,0.0
U16824,treatment,desktop,DE,7,0,5,0.0
U16825,treatment,mobile,FR,3,1,4,8.32
U16826,control,mobile,US,7,1,3,13.65
U16827,treatment,desktop,FR,4,0,1,0.0
U16828,treatment,mobile,US,6,0,4,0.0
U16829,treatment,mobile,US,5,0,3,0.0
U16830,control,mobile,US,7,0,1,0.0
U16831,control,mobile,DE,3,0,1,0.0
U16832,control,mobile,DE,6,0,6,0.0
U16833,control,mobile,FR,3,0,3,0.0
U16834,treatment,console,US,6,0,4,0.0
U16835,control,desktop,FR,5,0,0,0.0
U16836,treatment,desktop,US,6,0,3,0.0
U16837,treatment,mobile,DE,6,0,4,0.0
U16838,control,mobile,US,6,0,7,0.0
U16839,control,console,UK,3,0,3,0.0
U16840,treatment,desktop,US,6,0,5,0.0
U16841,control,console,US,3,0,5,0.0
U16842,treatment,mobile,UK,4,1,3,16.67
U16843,control,desktop,US,5,1,4,32.13
U16844,control,desktop,CA,9,1,4,31.15
U16845,control,mobile,FR,5,0,2,0.0
U16846,treatment,console,CA,4,0,4,0.0
U16847,control,mobile,UK,4,0,3,0.0
U16848,control,desktop,UK,8,0,2,0.0
U16849,control,mobile,US,5,0,2,0.0
U16850,treatment,desktop,DE,7,0,5,0.0
U16851,control,console,CA,5,0,5,0.0
U16852,control,mobile,US,5,0,3,0.0
U16853,control,console,US,6,0,5,0.0
U16854,control,mobile,UK,9,0,3,0.0
U16855,treatment,console,DE,7,0,1,0.0
U16856,control,desktop,CA,9,0,2,0.0
U16857,control,console,DE,5,0,3,0.0
U16858,treatment,desktop,DE,2,0,4,0.0
U16859,control,desktop,US,9,0,2,0.0
U16860,treatment,mobile,US,6,0,3,0.0
U16861,control,console,US,6,0,4,0.0
U16862,treatment,console,FR,3,0,6,0.0
U16863,control,desktop,DE,4,0,3,0.0
U16864,control,desktop,US,6,0,2,0.0
U16865,control,desktop,US,3,0,3,0.0
U16866,control,mobile,UK,4,0,3,0.0
U16867,treatment,mobile,UK,3,0,2,0.0
U16868,treatment,desktop,UK,4,0,5,0.0
U16869,treatment,desktop,FR,2,0,6,0.0
U16870,treatment,desktop,US,4,0,4,0.0
U16871,control,desktop,CA,5,0,5,0.0
U16872,control,mobile,US,6,0,5,0.0
U16873,treatment,mobile,US,4,0,3,0.0
U16874,control,mobile,FR,9,0,5,0.0
U16875,control,mobile,US,4,1,6,3.73
U16876,control,desktop,CA,2,0,2,0.0
U16877,control,console,DE,5,1,4,27.36
U16878,control,console,UK,3,0,4,0.0
U16879,treatment,mobile,CA,5,0,4,0.0
U16880,treatment,console,US,4,0,4,0.0
U16881,control,desktop,US,5,1,4,9.5
U16882,treatment,mobile,FR,5,0,3,0.0
U16883,control,desktop,US,6,0,1,0.0
U16884,treatment,console,DE,5,0,3,0.0
U16885,treatment,mobile,UK,3,0,1,0.0
U16886,treatment,desktop,CA,5,0,2,0.0
U16887,control,mobile,US,2,0,3,0.0
U16888,control,mobile,UK,6,0,3,0.0
U16889,control,mobile,CA,4,0,4,0.0
U16890,treatment,mobile,DE,5,0,3,0.0
U16891,treatment,desktop,FR,4,0,3,0.0
U16892,treatment,mobile,US,4,0,2,0.0
U16893,control,desktop,DE,2,0,2,0.0
U16894,control,console,US,3,1,4,16.71
U16895,treatment,console,US,8,0,5,0.0
U16896,treatment,mobile,US,3,0,4,0.0
U16897,control,mobile,US,6,0,1,0.0
U16898,treatment,mobile,UK,6,0,3,0.0
U16899,control,mobile,FR,7,0,1,0.0
U16900,control,mobile,US,4,0,1,0.0
U16901,control,desktop,US,10,0,4,0.0
U16902,treatment,desktop,DE,3,0,1,0.0
U16903,control,mobile,UK,3,1,3,8.67
U16904,treatment,mobile,US,5,0,3,0.0
U16905,treatment,console,US,8,0,3,0.0
U16906,control,console,UK,5,0,3,0.0
U16907,treatment,desktop,FR,7,0,2,0.0
U16908,control,desktop,US,4,0,7,0.0
U16909,control,desktop,US,3,1,2,14.26
U16910,treatment,mobile,UK,6,0,1,0.0
U16911,treatment,console,US,4,1,5,19.47
U16912,treatment,mobile,US,4,0,5,0.0
U16913,treatment,desktop,UK,4,0,6,0.0
U16914,control,mobile,US,6,0,4,0.0
U16915,treatment,desktop,DE,6,0,5,0.0
U16916,treatment,console,UK,6,0,6,0.0
U16917,treatment,desktop,UK,7,0,6,0.0
U16918,treatment,mobile,DE,6,0,2,0.0
U16919,treatment,desktop,US,10,0,5,0.0
U16920,treatment,desktop,UK,5,0,3,0.0
U16921,control,desktop,CA,3,0,6,0.0
U16922,treatment,desktop,UK,5,0,2,0.0
U16923,treatment,desktop,DE,3,0,4,0.0
U16924,control,desktop,FR,2,0,3,0.0
U16925,control,mobile,US,2,0,3,0.0
U16926,control,desktop,US,6,0,7,0.0
U16927,control,mobile,US,6,0,2,0.0
U16928,control,desktop,US,5,0,4,0.0
U16929,treatment,mobile,US,8,0,4,0.0
U16930,treatment,console,CA,7,0,5,0.0
U16931,treatment,mobile,US,4,0,4,0.0
U16932,treatment,desktop,FR,4,1,3,17.59
U16933,control,mobile,US,4,0,2,0.0
U16934,control,console,DE,4,1,1,3.86
U16935,control,mobile,US,4,0,4,0.0
U16936,control,desktop,US,5,1,3,13.91
U16937,control,mobile,US,5,1,5,20.34
U16938,control,console,US,3,0,6,0.0
U16939,treatment,mobile,FR,7,0,4,0.0
U16940,treatment,desktop,FR,7,0,5,0.0
U16941,treatment,mobile,US,6,0,1,0.0
U16942,treatment,mobile,UK,7,0,5,0.0
U16943,control,mobile,FR,3,0,2,0.0
U16944,treatment,desktop,US,3,0,4,0.0
U16945,treatment,mobile,FR,4,0,4,0.0
U16946,treatment,console,UK,2,0,7,0.0
U16947,control,mobile,UK,3,0,5,0.0
U16948,treatment,desktop,UK,4,0,5,0.0
U16949,treatment,mobile,UK,10,0,2,0.0
U16950,treatment,mobile,DE,5,0,2,0.0
U16951,treatment,console,US,6,1,5,8.45
U16952,treatment,console,CA,4,0,5,0.0
U16953,control,desktop,US,6,0,4,0.0
U16954,control,console,DE,8,0,6,0.0
U16955,control,mobile,DE,4,0,3,0.0
U16956,treatment,console,US,3,0,1,0.0
U16957,control,desktop,FR,8,0,2,0.0
U16958,treatment,console,US,7,0,7,0.0
U16959,treatment,desktop,US,2,1,3,26.12
U16960,control,mobile,US,2,0,4,0.0
U16961,control,desktop,US,5,0,5,0.0
U16962,treatment,console,UK,7,1,3,14.23
U16963,control,mobile,US,4,0,0,0.0
U16964,control,mobile,CA,8,0,7,0.0
U16965,treatment,desktop,FR,5,0,2,0.0
U16966,treatment,mobile,FR,6,0,4,0.0
U16967,treatment,mobile,DE,5,1,7,13.93
U16968,control,desktop,DE,4,0,3,0.0
U16969,control,console,FR,4,0,0,0.0
U16970,treatment,desktop,US,5,1,10,24.93
U16971,control,console,CA,3,0,3,0.0
U16972,treatment,mobile,US,8,0,3,0.0
U16973,treatment,mobile,US,7,0,1,0.0
U16974,treatment,mobile,US,5,1,2,25.05
U16975,treatment,mobile,UK,5,0,2,0.0
U16976,control,desktop,UK,3,0,5,0.0
U16977,control,mobile,CA,3,0,2,0.0
U16978,treatment,mobile,US,7,0,5,0.0
U16979,control,desktop,UK,6,0,3,0.0
U16980,control,desktop,CA,4,0,3,0.0
U16981,treatment,desktop,CA,6,0,4,0.0
U16982,control,desktop,DE,3,0,4,0.0
U16983,treatment,console,US,10,0,2,0.0
U16984,treatment,desktop,US,5,0,1,0.0
U16985,control,console,FR,6,0,1,0.0
U16986,treatment,console,UK,5,0,2,0.0
U16987,control,console,US,10,0,3,0.0
U16988,control,mobile,UK,9,0,4,0.0
U16989,control,desktop,DE,4,1,5,4.94
U16990,control,mobile,US,6,0,4,0.0
U16991,treatment,mobile,CA,7,0,4,0.0
U16992,control,desktop,FR,4,0,3,0.0
U16993,control,mobile,CA,5,0,6,0.0
U16994,control,desktop,US,4,0,6,0.0
U16995,treatment,console,US,8,0,4,0.0
U16996,control,mobile,DE,6,1,5,14.71
U16997,control,console,CA,6,0,2,0.0
U16998,treatment,console,US,8,0,6,0.0
U16999,treatment,console,US,8,0,5,0.0
U17000,treatment,mobile,DE,4,0,3,0.0
U17001,treatment,console,DE,6,0,10,0.0
U17002,control,mobile,UK,2,0,7,0.0
U17003,treatment,console,US,7,0,3,0.0
U17004,control,mobile,US,6,0,5,0.0
U17005,control,mobile,US,6,0,3,0.0
U17006,treatment,mobile,UK,6,0,4,0.0
U17007,treatment,desktop,DE,6,1,12,33.72
U17008,control,console,UK,2,0,5,0.0
U17009,treatment,desktop,UK,3,0,5,0.0
U17010,control,desktop,US,6,0,3,0.0
U17011,control,mobile,UK,5,0,8,0.0
U17012,treatment,console,DE,3,0,4,0.0
U17013,control,mobile,US,2,0,3,0.0
U17014,treatment,console,US,2,0,5,0.0
U17015,treatment,console,UK,3,0,6,0.0
U17016,treatment,mobile,UK,4,0,5,0.0
U17017,control,mobile,DE,5,1,5,27.63
U17018,treatment,desktop,UK,7,0,3,0.0
U17019,control,console,UK,1,0,2,0.0
U17020,treatment,desktop,FR,3,0,3,0.0
U17021,control,console,UK,3,0,5,0.0
U17022,control,console,US,2,0,1,0.0
U17023,treatment,mobile,UK,3,0,1,0.0
U17024,treatment,desktop,US,5,0,5,0.0
U17025,treatment,desktop,FR,10,0,3,0.0
U17026,treatment,mobile,FR,3,0,2,0.0
U17027,control,console,UK,4,0,2,0.0
U17028,treatment,mobile,US,6,0,4,0.0
U17029,treatment,desktop,US,2,0,5,0.0
U17030,control,desktop,DE,5,0,5,0.0
U17031,control,console,US,4,0,5,0.0
U17032,treatment,desktop,US,4,0,3,0.0
U17033,treatment,desktop,CA,6,0,1,0.0
U17034,control,mobile,FR,4,0,2,0.0
U17035,control,console,DE,5,0,5,0.0
U17036,treatment,mobile,CA,5,0,4,0.0
U17037,treatment,desktop,US,7,1,5,23.26
U17038,treatment,console,US,5,0,3,0.0
U17039,control,desktop,US,3,0,4,0.0
U17040,control,mobile,UK,4,0,5,0.0
U17041,treatment,mobile,UK,8,0,2,0.0
U17042,treatment,desktop,CA,6,0,3,0.0
U17043,control,mobile,FR,2,0,3,0.0
U17044,treatment,mobile,US,3,0,7,0.0
U17045,control,mobile,DE,6,1,2,15.13
U17046,control,mobile,US,3,0,1,0.0
U17047,control,desktop,UK,5,0,4,0.0
U17048,control,desktop,US,1,0,2,0.0
U17049,control,desktop,DE,7,0,4,0.0
U17050,control,desktop,DE,4,1,2,21.19
U17051,control,mobile,DE,6,0,5,0.0
U17052,treatment,console,CA,5,0,4,0.0
U17053,treatment,desktop,US,6,0,5,0.0
U17054,treatment,console,US,2,0,5,0.0
U17055,treatment,desktop,UK,5,0,3,0.0
U17056,control,mobile,CA,10,0,5,0.0
U17057,treatment,desktop,US,7,0,1,0.0
U17058,control,mobile,US,7,0,3,0.0
U17059,control,console,CA,7,0,6,0.0
U17060,control,desktop,US,5,0,1,0.0
U17061,control,mobile,US,7,0,6,0.0
U17062,treatment,mobile,US,8,1,2,29.13
U17063,control,desktop,US,4,0,1,0.0
U17064,treatment,mobile,DE,3,0,3,0.0
U17065,control,mobile,CA,10,0,6,0.0
U17066,control,console,UK,5,0,2,0.0
U17067,treatment,mobile,DE,3,0,2,0.0
U17068,control,mobile,UK,6,0,0,0.0
U17069,control,mobile,FR,5,1,5,11.47
U17070,treatment,desktop,US,5,0,4,0.0
U17071,treatment,desktop,UK,3,0,2,0.0
U17072,treatment,desktop,US,3,0,0,0.0
U17073,control,console,FR,4,0,0,0.0
U17074,treatment,mobile,US,5,0,3,0.0
U17075,control,mobile,US,7,0,5,0.0
U17076,control,mobile,UK,3,0,1,0.0
U17077,treatment,mobile,CA,16,0,3,0.0
U17078,control,mobile,US,4,0,4,0.0
U17079,control,mobile,CA,3,0,6,0.0
U17080,control,console,UK,4,0,2,0.0
U17081,treatment,mobile,US,2,0,4,0.0
U17082,control,console,US,4,0,5,0.0
U17083,treatment,console,US,4,0,3,0.0
U17084,control,desktop,US,6,0,0,0.0
U17085,treatment,console,US,4,0,4,0.0
U17086,treatment,desktop,US,7,0,4,0.0
U17087,control,mobile,US,4,0,4,0.0
U17088,control,desktop,DE,6,0,3,0.0
U17089,treatment,mobile,US,5,0,3,0.0
U17090,treatment,desktop,US,4,0,3,0.0
U17091,treatment,console,FR,4,0,2,0.0
U17092,control,desktop,DE,2,1,3,5.03
U17093,treatment,mobile,DE,3,0,4,0.0
U17094,control,desktop,US,4,0,8,0.0
U17095,control,console,FR,2,0,4,0.0
U17096,control,mobile,UK,5,0,3,0.0
U17097,control,mobile,US,4,0,5,0.0
U17098,treatment,mobile,US,6,0,5,0.0
U17099,treatment,console,FR,6,0,4,0.0
U17100,treatment,desktop,UK,5,0,0,0.0
U17101,control,mobile,US,3,0,3,0.0
U17102,treatment,desktop,UK,4,0,6,0.0
U17103,control,desktop,US,5,1,4,11.63
U17104,control,mobile,US,5,0,3,0.0
U17105,treatment,console,UK,3,0,4,0.0
U17106,treatment,desktop,FR,6,0,3,0.0
U17107,treatment,mobile,UK,9,0,2,0.0
U17108,control,console,US,2,1,3,14.32
U17109,treatment,mobile,UK,5,1,2,20.85
U17110,treatment,mobile,UK,8,0,6,0.0
U17111,control,mobile,US,5,1,3,2.31
U17112,control,mobile,US,4,0,2,0.0
U17113,treatment,desktop,UK,3,0,6,0.0
U17114,treatment,mobile,UK,5,0,2,0.0
U17115,treatment,mobile,US,4,1,6,20.56
U17116,control,console,FR,2,0,5,0.0
U17117,treatment,mobile,FR,8,0,2,0.0
U17118,treatment,mobile,UK,3,0,1,0.0
U17119,treatment,mobile,UK,4,0,6,0.0
U17120,control,console,US,8,0,2,0.0
U17121,treatment,mobile,DE,5,0,1,0.0
U17122,control,mobile,US,7,0,4,0.0
U17123,control,console,US,5,1,4,25.07
U17124,treatment,mobile,US,4,1,3,21.69
U17125,treatment,console,DE,7,0,2,0.0
U17126,control,desktop,US,7,0,5,0.0
U17127,treatment,console,DE,3,0,3,0.0
U17128,treatment,mobile,UK,3,1,3,14.25
U17129,control,console,US,6,0,4,0.0
U17130,control,mobile,DE,7,0,4,0.0
U17131,control,mobile,DE,3,0,0,0.0
U17132,control,console,UK,7,0,5,0.0
U17133,treatment,mobile,US,9,0,3,0.0
U17134,treatment,mobile,US,5,0,5,0.0
U17135,treatment,desktop,FR,8,0,3,0.0
U17136,treatment,mobile,US,3,1,5,25.0
U17137,control,mobile,FR,11,1,4,24.74
U17138,treatment,desktop,FR,8,0,4,0.0
U17139,treatment,mobile,US,10,0,2,0.0
U17140,control,desktop,FR,5,1,4,9.71
U17141,treatment,desktop,UK,4,0,3,0.0
U17142,treatment,mobile,UK,7,0,5,0.0
U17143,treatment,mobile,US,5,0,1,0.0
U17144,treatment,mobile,DE,4,1,4,27.87
U17145,control,mobile,CA,5,0,4,0.0
U17146,treatment,mobile,US,7,0,8,0.0
U17147,treatment,desktop,UK,4,0,7,0.0
U17148,control,mobile,UK,3,0,1,0.0
U17149,treatment,desktop,US,8,0,4,0.0
U17150,treatment,mobile,DE,2,0,1,0.0
U17151,treatment,mobile,US,3,0,4,0.0
U17152,control,mobile,FR,4,0,3,0.0
U17153,control,mobile,US,4,0,6,0.0
U17154,treatment,desktop,US,7,0,4,0.0
U17155,treatment,desktop,UK,6,0,5,0.0
U17156,control,console,DE,6,0,5,0.0
U17157,control,mobile,FR,2,0,1,0.0
U17158,treatment,mobile,US,3,0,0,0.0
U17159,control,console,US,5,0,2,0.0
U17160,treatment,desktop,UK,3,0,3,0.0
U17161,treatment,mobile,CA,7,0,3,0.0
U17162,control,mobile,DE,4,0,2,0.0
U17163,treatment,desktop,FR,3,0,5,0.0
U17164,treatment,mobile,UK,6,0,3,0.0
U17165,control,desktop,US,6,0,4,0.0
U17166,treatment,mobile,US,10,0,2,0.0
U17167,treatment,console,US,3,0,7,0.0
U17168,treatment,desktop,US,4,0,3,0.0
U17169,control,console,US,5,0,1,0.0
U17170,control,mobile,US,2,0,1,0.0
U17171,control,desktop,US,4,0,3,0.0
U17172,treatment,console,UK,5,0,4,0.0
U17173,control,mobile,DE,5,0,2,0.0
U17174,control,desktop,FR,3,0,6,0.0
U17175,control,mobile,US,2,0,5,0.0
U17176,control,desktop,CA,2,0,5,0.0
U17177,treatment,console,CA,3,0,5,0.0
U17178,control,desktop,US,4,0,1,0.0
U17179,control,console,FR,2,0,3,0.0
U17180,control,mobile,US,4,0,3,0.0
U17181,control,console,US,4,0,3,0.0
U17182,control,desktop,UK,7,1,2,14.47
U17183,control,mobile,US,8,0,6,0.0
U17184,treatment,console,UK,5,0,8,0.0
U17185,control,mobile,CA,5,1,5,8.4
U17186,treatment,mobile,CA,6,0,3,0.0
U17187,control,console,US,8,0,7,0.0
U17188,treatment,mobile,US,3,0,6,0.0
U17189,treatment,mobile,CA,8,1,4,13.45
U17190,control,mobile,DE,7,0,2,0.0
U17191,control,console,UK,4,1,5,30.23
U17192,control,mobile,CA,5,0,2,0.0
U17193,control,mobile,US,4,0,1,0.0
U17194,treatment,mobile,UK,6,0,8,0.0
U17195,control,mobile,UK,5,1,3,11.73
U17196,treatment,mobile,FR,4,0,6,0.0
U17197,control,console,UK,2,0,2,0.0
U17198,treatment,console,FR,5,0,3,0.0
U17199,control,console,FR,6,0,7,0.0
U17200,control,desktop,UK,6,0,2,0.0
U17201,control,mobile,US,5,0,8,0.0
U17202,treatment,mobile,US,4,0,0,0.0
U17203,control,desktop,UK,3,0,4,0.0
U17204,control,mobile,US,5,1,5,21.34
U17205,treatment,desktop,CA,4,1,2,9.87
U17206,control,mobile,DE,6,0,3,0.0
U17207,control,desktop,US,8,0,2,0.0
U17208,treatment,mobile,FR,7,0,5,0.0
U17209,treatment,desktop,CA,1,0,3,0.0
U17210,control,console,CA,6,0,0,0.0
U17211,control,mobile,UK,3,0,5,0.0
U17212,treatment,mobile,UK,5,0,3,0.0
U17213,control,mobile,DE,5,0,1,0.0
U17214,control,mobile,US,8,0,4,0.0
U17215,treatment,desktop,US,4,0,4,0.0
U17216,treatment,console,FR,7,0,2,0.0
U17217,control,console,CA,8,0,0,0.0
U17218,treatment,desktop,US,6,0,7,0.0
U17219,treatment,desktop,FR,5,0,6,0.0
U17220,treatment,mobile,US,3,0,6,0.0
U17221,control,console,DE,6,0,8,0.0
U17222,treatment,desktop,UK,7,1,6,15.05
U17223,control,mobile,UK,2,0,5,0.0
U17224,treatment,console,FR,3,0,4,0.0
U17225,treatment,desktop,US,4,0,4,0.0
U17226,control,mobile,FR,2,0,3,0.0
U17227,treatment,desktop,UK,6,0,3,0.0
U17228,control,mobile,UK,5,0,4,0.0
U17229,control,mobile,UK,4,0,7,0.0
U17230,control,mobile,DE,6,0,3,0.0
U17231,treatment,desktop,DE,3,0,3,0.0
U17232,control,mobile,US,6,0,2,0.0
U17233,treatment,mobile,UK,5,0,4,0.0
U17234,treatment,mobile,UK,8,1,5,25.46
U17235,treatment,mobile,US,2,0,3,0.0
U17236,control,desktop,UK,8,1,2,18.81
U17237,treatment,desktop,CA,3,1,5,15.54
U17238,control,mobile,UK,4,0,2,0.0
U17239,treatment,mobile,US,10,0,1,0.0
U17240,control,mobile,FR,8,0,1,0.0
U17241,treatment,desktop,CA,4,0,6,0.0
U17242,control,console,DE,6,0,1,0.0
U17243,treatment,mobile,US,3,1,5,53.15
U17244,control,mobile,US,7,0,3,0.0
U17245,treatment,mobile,UK,3,0,3,0.0
U17246,treatment,desktop,UK,6,0,2,0.0
U17247,treatment,mobile,DE,2,0,3,0.0
U17248,control,desktop,FR,5,0,2,0.0
U17249,control,desktop,US,5,1,2,5.36
U17250,treatment,mobile,DE,3,0,4,0.0
U17251,treatment,mobile,DE,6,0,2,0.0
U17252,treatment,console,US,6,0,6,0.0
U17253,treatment,mobile,US,6,0,6,0.0
U17254,control,desktop,CA,6,1,1,19.86
U17255,control,desktop,US,1,0,3,0.0
U17256,treatment,mobile,US,5,0,5,0.0
U17257,treatment,console,UK,3,0,4,0.0
U17258,control,mobile,DE,7,0,7,0.0
U17259,control,mobile,CA,7,0,2,0.0
U17260,control,desktop,UK,5,0,2,0.0
U17261,control,console,UK,3,0,5,0.0
U17262,control,mobile,CA,4,0,5,0.0
U17263,treatment,desktop,DE,5,0,3,0.0
U17264,treatment,mobile,CA,5,0,6,0.0
U17265,treatment,desktop,DE,5,0,1,0.0
U17266,treatment,mobile,FR,3,0,3,0.0
U17267,control,mobile,US,6,0,1,0.0
U17268,treatment,console,US,4,1,4,34.94
U17269,treatment,desktop,US,3,0,4,0.0
U17270,treatment,mobile,US,3,0,5,0.0
U17271,control,console,US,3,0,1,0.0
U17272,control,mobile,US,3,0,7,0.0
U17273,treatment,desktop,UK,4,0,6,0.0
U17274,control,desktop,DE,2,0,3,0.0
U17275,treatment,console,US,5,0,3,0.0
U17276,treatment,mobile,FR,5,0,2,0.0
U17277,control,desktop,UK,5,1,5,18.19
U17278,treatment,desktop,US,4,0,5,0.0
U17279,treatment,mobile,US,6,0,9,0.0
U17280,control,console,UK,3,1,1,7.13
U17281,control,mobile,US,3,0,3,0.0
U17282,control,mobile,US,4,0,4,0.0
U17283,treatment,desktop,FR,3,0,3,0.0
U17284,control,mobile,UK,8,0,5,0.0
U17285,treatment,console,FR,2,0,2,0.0
U17286,treatment,mobile,UK,3,0,3,0.0
U17287,treatment,mobile,US,5,0,6,0.0
U17288,control,desktop,DE,3,0,4,0.0
U17289,treatment,console,UK,5,0,2,0.0
U17290,control,desktop,UK,4,0,3,0.0
U17291,treatment,mobile,US,6,0,2,0.0
U17292,treatment,mobile,US,5,0,5,0.0
U17293,treatment,console,US,3,0,4,0.0
U17294,treatment,console,CA,10,0,4,0.0
U17295,control,desktop,UK,5,0,5,0.0
U17296,treatment,desktop,FR,12,1,6,15.2
U17297,control,mobile,CA,10,0,4,0.0
U17298,control,desktop,UK,10,0,10,0.0
U17299,treatment,mobile,FR,2,0,2,0.0
U17300,control,mobile,CA,3,1,5,22.05
U17301,control,mobile,US,4,0,6,0.0
U17302,control,desktop,US,5,0,2,0.0
U17303,control,desktop,FR,4,1,4,28.39
U17304,control,mobile,DE,3,0,1,0.0
U17305,treatment,console,FR,5,0,5,0.0
U17306,treatment,mobile,US,6,0,2,0.0
U17307,control,desktop,UK,3,0,2,0.0
U17308,control,console,DE,9,0,5,0.0
U17309,treatment,console,US,5,0,2,0.0
U17310,control,console,DE,4,0,2,0.0
U17311,control,console,US,6,0,0,0.0
U17312,control,desktop,US,9,0,4,0.0
U17313,control,desktop,FR,8,0,1,0.0
U17314,treatment,console,DE,3,0,2,0.0
U17315,treatment,mobile,DE,9,0,3,0.0
U17316,control,desktop,CA,4,1,3,22.3
U17317,treatment,mobile,US,8,0,4,0.0
U17318,control,desktop,DE,4,0,3,0.0
U17319,treatment,mobile,US,1,0,2,0.0
U17320,control,desktop,US,3,0,4,0.0
U17321,treatment,mobile,FR,11,0,3,0.0
U17322,control,mobile,CA,3,0,1,0.0
U17323,control,mobile,US,6,0,3,0.0
U17324,control,desktop,FR,6,0,5,0.0
U17325,treatment,console,US,4,0,4,0.0
U17326,treatment,mobile,DE,3,0,3,0.0
U17327,treatment,mobile,FR,7,0,7,0.0
U17328,treatment,desktop,DE,5,0,3,0.0
U17329,control,desktop,DE,5,0,8,0.0
U17330,control,mobile,FR,7,0,5,0.0
U17331,control,desktop,US,7,1,2,3.34
U17332,control,console,DE,5,0,7,0.0
U17333,control,mobile,DE,5,0,6,0.0
U17334,treatment,desktop,US,7,0,2,0.0
U17335,control,mobile,CA,7,0,3,0.0
U17336,treatment,console,US,3,0,1,0.0
U17337,treatment,console,US,9,1,3,9.98
U17338,control,desktop,FR,4,0,4,0.0
U17339,treatment,console,UK,3,0,4,0.0
U17340,control,mobile,DE,3,0,6,0.0
U17341,treatment,desktop,CA,5,0,6,0.0
U17342,treatment,console,FR,3,1,3,43.5
U17343,control,console,DE,4,0,2,0.0
U17344,control,desktop,CA,3,0,4,0.0
U17345,control,mobile,US,5,0,3,0.0
U17346,treatment,mobile,UK,6,0,6,0.0
U17347,control,mobile,DE,3,0,1,0.0
U17348,control,console,DE,7,0,1,0.0
U17349,control,mobile,FR,7,0,6,0.0
U17350,control,desktop,US,6,0,2,0.0
U17351,control,mobile,UK,4,0,1,0.0
U17352,control,desktop,UK,8,0,2,0.0
U17353,control,mobile,US,4,0,3,0.0
U17354,treatment,desktop,FR,3,0,0,0.0
U17355,treatment,mobile,US,4,0,3,0.0
U17356,treatment,mobile,UK,6,0,1,0.0
U17357,control,mobile,US,4,1,4,13.19
U17358,treatment,console,US,3,0,2,0.0
U17359,treatment,desktop,US,2,0,0,0.0
U17360,control,desktop,FR,2,0,3,0.0
U17361,control,console,CA,4,1,8,11.05
U17362,treatment,desktop,US,3,0,6,0.0
U17363,treatment,desktop,US,5,0,1,0.0
U17364,treatment,desktop,UK,7,0,2,0.0
U17365,control,mobile,US,4,0,2,0.0
U17366,control,mobile,DE,4,0,4,0.0
U17367,treatment,console,US,4,0,6,0.0
U17368,control,mobile,US,5,0,2,0.0
U17369,treatment,mobile,FR,4,0,3,0.0
U17370,treatment,console,DE,8,0,5,0.0
U17371,control,mobile,US,6,0,4,0.0
U17372,control,desktop,US,4,0,3,0.0
U17373,treatment,desktop,US,8,0,1,0.0
U17374,control,mobile,UK,7,0,3,0.0
U17375,treatment,mobile,FR,6,0,1,0.0
U17376,treatment,mobile,UK,4,0,3,0.0
U17377,control,console,US,4,0,2,0.0
U17378,control,console,US,6,0,2,0.0
U17379,treatment,console,US,6,0,8,0.0
U17380,treatment,mobile,US,5,0,2,0.0
U17381,control,mobile,CA,3,0,1,0.0
U17382,treatment,desktop,US,2,0,3,0.0
U17383,control,desktop,UK,4,0,2,0.0
U17384,treatment,mobile,UK,5,0,7,0.0
U17385,treatment,mobile,UK,7,0,5,0.0
U17386,treatment,mobile,FR,4,0,6,0.0
U17387,treatment,mobile,US,3,0,1,0.0
U17388,control,desktop,US,6,0,2,0.0
U17389,treatment,console,DE,5,0,3,0.0
U17390,treatment,mobile,FR,8,0,2,0.0
U17391,treatment,desktop,CA,4,0,5,0.0
U17392,control,mobile,US,3,0,3,0.0
U17393,control,mobile,DE,3,0,2,0.0
U17394,control,mobile,US,6,0,5,0.0
U17395,treatment,mobile,FR,3,0,4,0.0
U17396,control,mobile,CA,3,0,4,0.0
U17397,treatment,desktop,DE,3,0,6,0.0
U17398,treatment,desktop,DE,3,0,4,0.0
U17399,control,desktop,DE,5,0,4,0.0
U17400,control,desktop,US,4,0,4,0.0
U17401,treatment,mobile,US,3,0,4,0.0
U17402,control,mobile,DE,5,0,5,0.0
U17403,control,mobile,CA,6,0,5,0.0
U17404,treatment,mobile,DE,6,0,2,0.0
U17405,treatment,mobile,US,4,1,4,17.78
U17406,control,console,US,5,0,6,0.0
U17407,control,console,US,5,0,4,0.0
U17408,treatment,console,UK,2,1,4,3.58
U17409,control,desktop,US,3,0,1,0.0
U17410,control,desktop,UK,4,0,4,0.0
U17411,control,desktop,US,6,1,2,29.57
U17412,treatment,desktop,UK,7,0,4,0.0
U17413,control,mobile,US,4,1,1,9.58
U17414,control,console,CA,5,0,2,0.0
U17415,treatment,console,UK,5,0,2,0.0
U17416,treatment,mobile,US,6,0,5,0.0
U17417,treatment,desktop,US,3,0,2,0.0
U17418,control,console,US,3,0,8,0.0
U17419,treatment,console,CA,5,0,1,0.0
U17420,control,mobile,DE,3,0,0,0.0
U17421,control,desktop,FR,5,0,1,0.0
U17422,control,mobile,UK,3,0,10,0.0
U17423,treatment,mobile,US,4,0,4,0.0
U17424,treatment,mobile,FR,3,0,4,0.0
U17425,treatment,mobile,UK,6,0,1,0.0
U17426,treatment,mobile,US,3,0,3,0.0
U17427,control,desktop,US,5,1,1,4.99
U17428,treatment,console,CA,6,0,5,0.0
U17429,control,desktop,US,3,0,1,0.0
U17430,control,mobile,CA,6,0,5,0.0
U17431,control,desktop,US,9,0,3,0.0
U17432,control,console,US,6,0,6,0.0
U17433,control,desktop,UK,5,0,1,0.0
U17434,treatment,desktop,US,2,0,2,0.0
U17435,control,mobile,UK,4,0,6,0.0
U17436,treatment,mobile,US,3,0,1,0.0
U17437,control,console,US,8,0,1,0.0
U17438,control,mobile,US,6,0,2,0.0
U17439,control,mobile,US,4,0,2,0.0
U17440,control,mobile,CA,5,0,0,0.0
U17441,treatment,desktop,UK,3,1,4,9.07
U17442,treatment,desktop,CA,3,0,2,0.0
U17443,treatment,desktop,DE,4,0,2,0.0
U17444,control,console,FR,3,0,2,0.0
U17445,control,mobile,DE,6,0,2,0.0
U17446,control,mobile,US,8,0,2,0.0
U17447,treatment,console,FR,2,0,3,0.0
U17448,control,desktop,FR,7,0,3,0.0
U17449,treatment,console,FR,2,0,4,0.0
U17450,control,desktop,FR,4,0,4,0.0
U17451,treatment,mobile,UK,4,0,5,0.0
U17452,treatment,console,CA,7,0,5,0.0
U17453,control,mobile,CA,4,0,3,0.0
U17454,control,desktop,FR,4,0,4,0.0
U17455,treatment,mobile,DE,2,0,8,0.0
U17456,treatment,desktop,FR,6,0,2,0.0
U17457,control,desktop,DE,5,0,2,0.0
U17458,treatment,mobile,US,3,0,4,0.0
U17459,treatment,console,CA,8,0,1,0.0
U17460,control,mobile,US,2,0,3,0.0
U17461,control,mobile,FR,8,1,6,31.7
U17462,treatment,mobile,US,10,0,6,0.0
U17463,control,desktop,US,5,0,5,0.0
U17464,treatment,desktop,US,8,0,4,0.0
U17465,treatment,desktop,DE,5,0,2,0.0
U17466,control,desktop,UK,6,0,2,0.0
U17467,treatment,console,FR,5,0,5,0.0
U17468,treatment,console,US,4,0,5,0.0
U17469,control,console,DE,3,0,2,0.0
U17470,treatment,mobile,UK,4,0,4,0.0
U17471,control,desktop,UK,2,0,1,0.0
U17472,control,mobile,UK,4,0,7,0.0
U17473,control,mobile,UK,3,0,5,0.0
U17474,treatment,desktop,FR,3,0,5,0.0
U17475,control,desktop,US,7,0,4,0.0
U17476,treatment,desktop,FR,5,0,4,0.0
U17477,control,desktop,DE,6,0,3,0.0
U17478,control,desktop,US,5,0,0,0.0
U17479,control,console,CA,5,0,1,0.0
U17480,treatment,mobile,FR,6,0,5,0.0
U17481,treatment,mobile,UK,5,0,3,0.0
U17482,control,mobile,US,7,0,3,0.0
U17483,control,mobile,US,7,0,1,0.0
U17484,treatment,console,US,5,0,4,0.0
U17485,control,mobile,US,3,0,3,0.0
U17486,control,mobile,US,2,0,1,0.0
U17487,control,mobile,US,8,0,1,0.0
U17488,control,mobile,US,5,0,1,0.0
U17489,control,desktop,US,4,1,9,13.21
U17490,control,console,DE,5,0,3,0.0
U17491,control,desktop,UK,4,0,4,0.0
U17492,control,mobile,UK,2,0,1,0.0
U17493,treatment,desktop,US,6,0,4,0.0
U17494,control,console,US,5,0,5,0.0
U17495,treatment,mobile,US,8,0,4,0.0
U17496,control,desktop,DE,4,0,7,0.0
U17497,treatment,desktop,US,2,0,2,0.0
U17498,treatment,desktop,DE,6,0,6,0.0
U17499,control,mobile,US,5,0,4,0.0
U17500,treatment,desktop,US,9,1,4,12.29
U17501,treatment,console,US,3,0,4,0.0
U17502,control,desktop,DE,7,1,5,25.45
U17503,control,mobile,DE,8,0,3,0.0
U17504,control,mobile,FR,7,1,3,15.21
U17505,control,desktop,US,3,0,3,0.0
U17506,control,desktop,CA,4,0,1,0.0
U17507,control,console,CA,4,0,4,0.0
U17508,control,desktop,US,3,0,6,0.0
U17509,treatment,mobile,FR,5,0,2,0.0
U17510,control,console,US,3,0,1,0.0
U17511,treatment,desktop,CA,3,0,1,0.0
U17512,control,desktop,CA,4,0,1,0.0
U17513,treatment,desktop,US,5,0,5,0.0
U17514,control,mobile,US,3,1,4,10.11
U17515,treatment,mobile,DE,7,1,6,7.88
U17516,control,mobile,US,5,0,4,0.0
U17517,control,mobile,DE,1,0,5,0.0
U17518,control,desktop,US,5,1,3,20.82
U17519,control,mobile,US,6,1,2,20.51
U17520,treatment,console,US,6,0,3,0.0
U17521,treatment,mobile,FR,6,0,2,0.0
U17522,control,desktop,DE,8,0,1,0.0
U17523,treatment,desktop,DE,3,0,3,0.0
U17524,control,mobile,FR,4,0,1,0.0
U17525,control,desktop,FR,8,0,1,0.0
U17526,treatment,console,US,7,0,7,0.0
U17527,treatment,console,US,4,0,5,0.0
U17528,control,mobile,US,6,0,7,0.0
U17529,control,desktop,US,1,0,2,0.0
U17530,control,mobile,US,4,0,2,0.0
U17531,control,desktop,FR,3,0,2,0.0
U17532,control,mobile,US,6,0,2,0.0
U17533,treatment,console,US,7,0,4,0.0
U17534,treatment,desktop,DE,3,1,4,10.84
U17535,control,mobile,DE,5,0,1,0.0
U17536,treatment,console,US,8,0,3,0.0
U17537,control,desktop,FR,6,0,3,0.0
U17538,control,mobile,CA,4,0,4,0.0
U17539,treatment,console,UK,7,1,10,11.0
U17540,treatment,desktop,CA,6,0,8,0.0
U17541,control,mobile,US,6,0,5,0.0
U17542,control,mobile,US,3,0,4,0.0
U17543,treatment,mobile,FR,7,0,4,0.0
U17544,control,mobile,FR,6,0,3,0.0
U17545,control,console,DE,3,0,1,0.0
U17546,treatment,mobile,US,4,0,1,0.0
U17547,control,desktop,US,4,0,3,0.0
U17548,control,console,US,6,0,4,0.0
U17549,control,console,US,5,0,7,0.0
U17550,control,console,US,4,1,3,15.42
U17551,control,console,CA,5,1,0,11.64
U17552,treatment,console,US,4,0,1,0.0
U17553,treatment,console,DE,5,0,2,0.0
U17554,control,desktop,DE,1,0,4,0.0
U17555,treatment,mobile,DE,4,0,6,0.0
U17556,treatment,mobile,CA,6,0,3,0.0
U17557,control,mobile,FR,1,0,2,0.0
U17558,control,mobile,UK,5,0,3,0.0
U17559,treatment,mobile,FR,4,0,9,0.0
U17560,treatment,mobile,CA,3,0,0,0.0
U17561,treatment,desktop,UK,5,0,1,0.0
U17562,treatment,mobile,US,7,0,6,0.0
U17563,treatment,mobile,US,7,0,8,0.0
U17564,control,desktop,US,3,0,7,0.0
U17565,control,mobile,FR,5,0,1,0.0
U17566,control,desktop,FR,6,0,1,0.0
U17567,control,mobile,UK,5,0,4,0.0
U17568,treatment,desktop,UK,4,0,3,0.0
U17569,treatment,console,UK,7,1,4,20.87
U17570,control,mobile,FR,5,0,2,0.0
U17571,control,console,UK,3,0,4,0.0
U17572,treatment,console,DE,4,0,6,0.0
U17573,control,console,DE,4,1,2,9.09
U17574,treatment,console,US,5,1,5,45.38
U17575,control,desktop,US,4,0,4,0.0
U17576,control,mobile,FR,9,0,5,0.0
U17577,treatment,mobile,US,7,1,4,24.19
U17578,control,mobile,US,7,0,8,0.0
U17579,control,mobile,US,10,0,5,0.0
U17580,control,console,UK,5,0,2,0.0
U17581,control,mobile,US,4,0,1,0.0
U17582,control,desktop,US,5,1,4,21.57
U17583,control,console,US,7,0,4,0.0
U17584,treatment,mobile,US,3,0,1,0.0
U17585,control,mobile,DE,6,0,4,0.0
U17586,treatment,mobile,US,6,0,4,0.0
U17587,control,mobile,UK,6,0,3,0.0
U17588,control,desktop,FR,9,0,7,0.0
U17589,control,mobile,US,6,0,5,0.0
U17590,treatment,desktop,FR,2,0,0,0.0
U17591,control,mobile,FR,5,0,3,0.0
U17592,control,desktop,US,4,0,3,0.0
U17593,control,mobile,US,6,0,3,0.0
U17594,control,desktop,CA,4,0,2,0.0
U17595,control,mobile,US,4,0,2,0.0
U17596,treatment,console,US,5,0,3,0.0
U17597,treatment,desktop,UK,5,0,2,0.0
U17598,control,mobile,CA,5,0,9,0.0
U17599,treatment,desktop,US,4,1,4,27.16
U17600,control,mobile,CA,2,0,2,0.0
U17601,control,console,US,4,0,5,0.0
U17602,treatment,console,US,5,1,5,12.67
U17603,treatment,mobile,US,6,0,2,0.0
U17604,treatment,desktop,US,4,0,6,0.0
U17605,treatment,mobile,US,9,0,6,0.0
U17606,treatment,desktop,DE,2,1,1,16.45
U17607,treatment,mobile,DE,3,0,4,0.0
U17608,control,desktop,US,7,0,6,0.0
U17609,treatment,console,US,5,0,4,0.0
U17610,treatment,mobile,DE,5,1,4,9.36
U17611,control,console,US,1,0,3,0.0
U17612,control,mobile,FR,7,0,0,0.0
U17613,control,console,UK,7,0,1,0.0
U17614,control,console,CA,1,0,3,0.0
U17615,control,mobile,US,6,0,6,0.0
U17616,treatment,mobile,US,3,1,7,10.54
U17617,treatment,desktop,US,7,0,10,0.0
U17618,treatment,desktop,US,5,0,3,0.0
U17619,control,mobile,US,3,0,2,0.0
U17620,treatment,console,US,10,0,3,0.0
U17621,treatment,console,US,10,0,0,0.0
U17622,control,console,US,5,0,1,0.0
U17623,control,mobile,US,5,0,3,0.0
U17624,control,mobile,FR,5,0,2,0.0
U17625,treatment,mobile,FR,4,1,3,4.66
U17626,treatment,mobile,US,5,0,3,0.0
U17627,treatment,mobile,US,10,0,6,0.0
U17628,treatment,mobile,US,8,0,1,0.0
U17629,treatment,desktop,CA,3,0,6,0.0
U17630,control,mobile,FR,5,0,4,0.0
U17631,treatment,mobile,FR,3,0,3,0.0
U17632,treatment,desktop,DE,3,0,2,0.0
U17633,treatment,desktop,DE,5,0,3,0.0
U17634,treatment,console,UK,6,1,7,23.53
U17635,treatment,desktop,US,4,0,1,0.0
U17636,treatment,mobile,FR,3,0,3,0.0
U17637,treatment,desktop,UK,8,1,6,23.99
U17638,control,desktop,UK,3,0,3,0.0
U17639,treatment,mobile,FR,4,0,1,0.0
U17640,treatment,mobile,FR,5,0,6,0.0
U17641,treatment,console,UK,7,0,4,0.0
U17642,control,mobile,US,3,0,2,0.0
U17643,treatment,mobile,UK,5,0,1,0.0
U17644,control,mobile,UK,9,0,3,0.0
U17645,control,console,US,6,0,5,0.0
U17646,treatment,desktop,DE,6,0,4,0.0
U17647,control,console,US,3,0,3,0.0
U17648,control,console,FR,2,0,1,0.0
U17649,control,console,UK,2,0,0,0.0
U17650,control,mobile,UK,3,0,5,0.0
U17651,control,mobile,US,3,0,2,0.0
U17652,control,console,DE,2,0,3,0.0
U17653,treatment,console,CA,7,0,4,0.0
U17654,control,console,US,5,0,2,0.0
U17655,control,console,US,4,0,2,0.0
U17656,treatment,desktop,UK,3,0,3,0.0
U17657,control,desktop,UK,7,0,2,0.0
U17658,treatment,desktop,UK,6,0,9,0.0
U17659,control,desktop,UK,6,0,5,0.0
U17660,control,mobile,FR,5,0,2,0.0
U17661,treatment,mobile,DE,9,0,3,0.0
U17662,treatment,mobile,FR,8,0,4,0.0
U17663,control,mobile,FR,7,0,3,0.0
U17664,treatment,mobile,FR,5,0,4,0.0
U17665,control,desktop,US,3,1,5,13.13
U17666,control,desktop,UK,4,0,4,0.0
U17667,treatment,desktop,UK,3,0,3,0.0
U17668,treatment,desktop,UK,4,0,2,0.0
U17669,control,mobile,UK,8,0,6,0.0
U17670,control,mobile,UK,5,0,2,0.0
U17671,treatment,desktop,DE,6,0,3,0.0
U17672,treatment,mobile,US,6,0,3,0.0
U17673,control,desktop,US,5,0,3,0.0
U17674,treatment,console,US,7,0,5,0.0
U17675,control,mobile,US,6,0,3,0.0
U17676,treatment,console,UK,7,0,4,0.0
U17677,control,mobile,US,5,0,1,0.0
U17678,treatment,desktop,FR,6,0,2,0.0
U17679,control,console,DE,4,0,5,0.0
U17680,control,desktop,CA,2,0,2,0.0
U17681,treatment,desktop,US,4,0,5,0.0
U17682,treatment,desktop,FR,9,1,3,39.63
U17683,treatment,mobile,DE,4,0,4,0.0
U17684,control,desktop,CA,4,1,3,3.29
U17685,treatment,desktop,US,6,0,4,0.0
U17686,treatment,mobile,FR,8,0,0,0.0
U17687,treatment,mobile,US,6,0,2,0.0
U17688,control,console,US,2,1,1,12.91
U17689,treatment,mobile,US,5,0,1,0.0
U17690,control,console,US,3,1,3,29.15
U17691,treatment,mobile,FR,4,1,5,3.8
U17692,treatment,mobile,CA,6,1,4,5.6
U17693,treatment,desktop,DE,7,0,3,0.0
U17694,control,desktop,UK,4,0,1,0.0
U17695,control,desktop,US,4,0,4,0.0
U17696,control,mobile,US,6,0,2,0.0
U17697,control,desktop,DE,6,0,6,0.0
U17698,control,desktop,UK,3,1,1,26.16
U17699,control,mobile,DE,7,0,6,0.0
U17700,control,desktop,US,8,0,3,0.0
U17701,control,mobile,US,3,0,0,0.0
U17702,control,mobile,UK,4,0,2,0.0
U17703,control,mobile,UK,7,0,4,0.0
U17704,treatment,mobile,FR,3,0,4,0.0
U17705,control,console,US,6,0,0,0.0
U17706,control,console,US,4,0,4,0.0
U17707,control,mobile,UK,5,0,4,0.0
U17708,control,mobile,FR,3,0,5,0.0
U17709,treatment,console,US,5,0,4,0.0
U17710,treatment,mobile,US,5,0,5,0.0
U17711,treatment,mobile,DE,6,0,3,0.0
U17712,treatment,desktop,UK,2,0,4,0.0
U17713,treatment,mobile,FR,4,1,5,12.03
U17714,treatment,desktop,FR,5,0,6,0.0
U17715,control,console,US,9,0,3,0.0
U17716,control,desktop,US,3,0,4,0.0
U17717,control,desktop,US,3,0,2,0.0
U17718,treatment,mobile,DE,3,1,2,5.82
U17719,control,mobile,US,5,0,4,0.0
U17720,treatment,console,FR,5,0,3,0.0
U17721,control,console,DE,3,0,1,0.0
U17722,control,console,US,6,0,2,0.0
U17723,treatment,mobile,US,3,0,4,0.0
U17724,treatment,console,US,7,0,8,0.0
U17725,control,mobile,US,5,0,4,0.0
U17726,treatment,desktop,CA,3,0,3,0.0
U17727,control,desktop,DE,7,1,4,20.64
U17728,treatment,mobile,DE,5,0,6,0.0
U17729,treatment,desktop,US,6,0,5,0.0
U17730,treatment,desktop,US,2,0,3,0.0
U17731,treatment,console,US,5,0,5,0.0
U17732,control,mobile,CA,3,0,3,0.0
U17733,control,mobile,DE,7,0,3,0.0
U17734,control,desktop,UK,6,0,2,0.0
U17735,control,mobile,CA,4,0,3,0.0
U17736,control,mobile,US,4,0,3,0.0
U17737,control,mobile,DE,7,0,2,0.0
U17738,treatment,mobile,FR,2,0,3,0.0
U17739,treatment,desktop,DE,5,0,3,0.0
U17740,control,console,CA,4,0,2,0.0
U17741,treatment,console,FR,7,1,2,39.15
U17742,control,desktop,UK,9,0,6,0.0
U17743,control,mobile,DE,6,0,5,0.0
U17744,control,desktop,DE,3,0,1,0.0
U17745,control,desktop,US,9,0,4,0.0
U17746,treatment,console,CA,11,0,4,0.0
U17747,treatment,desktop,FR,3,1,3,16.17
U17748,treatment,desktop,US,4,0,4,0.0
U17749,control,mobile,US,6,0,2,0.0
U17750,control,console,US,5,0,4,0.0
U17751,treatment,console,US,10,0,4,0.0
U17752,control,mobile,US,8,1,4,6.28
U17753,control,console,DE,5,0,6,0.0
U17754,control,mobile,UK,7,0,1,0.0
U17755,treatment,mobile,US,7,0,3,0.0
U17756,control,console,US,3,0,3,0.0
U17757,control,desktop,CA,4,0,5,0.0
U17758,control,mobile,FR,3,0,5,0.0
U17759,treatment,mobile,UK,4,0,2,0.0
U17760,control,mobile,US,7,0,6,0.0
U17761,treatment,mobile,CA,1,0,4,0.0
U17762,treatment,desktop,US,3,0,5,0.0
U17763,treatment,mobile,FR,6,0,0,0.0
U17764,treatment,desktop,UK,6,0,3,0.0
U17765,control,desktop,US,6,0,4,0.0
U17766,treatment,desktop,DE,3,0,2,0.0
U17767,treatment,console,US,7,0,2,0.0
U17768,treatment,mobile,FR,6,1,4,9.67
U17769,treatment,mobile,CA,6,1,3,19.23
U17770,treatment,mobile,US,9,1,4,17.66
U17771,treatment,mobile,US,5,0,4,0.0
U17772,treatment,desktop,DE,7,0,7,0.0
U17773,control,mobile,FR,6,1,4,7.18
U17774,control,desktop,UK,4,0,3,0.0
U17775,treatment,console,US,9,0,5,0.0
U17776,control,mobile,US,2,0,2,0.0
U17777,treatment,mobile,US,6,0,4,0.0
U17778,control,console,FR,2,0,3,0.0
U17779,treatment,console,FR,7,0,6,0.0
U17780,control,mobile,FR,7,0,2,0.0
U17781,control,desktop,DE,7,0,4,0.0
U17782,treatment,mobile,FR,5,0,7,0.0
U17783,control,desktop,US,6,1,3,22.93
U17784,control,desktop,UK,4,0,1,0.0
U17785,treatment,mobile,US,6,0,4,0.0
U17786,control,mobile,US,8,0,2,0.0
U17787,control,desktop,FR,7,0,4,0.0
U17788,control,desktop,FR,5,0,1,0.0
U17789,control,console,US,5,0,1,0.0
U17790,control,desktop,UK,10,0,4,0.0
U17791,treatment,console,US,5,1,3,4.71
U17792,control,desktop,US,4,0,2,0.0
U17793,control,desktop,DE,5,0,5,0.0
U17794,treatment,mobile,CA,4,0,6,0.0
U17795,control,mobile,US,4,1,0,14.72
U17796,treatment,desktop,FR,8,1,2,10.88
U17797,treatment,mobile,DE,4,0,6,0.0
U17798,control,mobile,US,3,1,6,18.8
U17799,control,mobile,UK,4,0,1,0.0
U17800,treatment,console,UK,5,0,4,0.0
U17801,control,desktop,DE,3,0,4,0.0
U17802,treatment,console,FR,7,0,6,0.0
U17803,control,console,DE,5,0,3,0.0
U17804,control,desktop,FR,4,0,5,0.0
U17805,treatment,desktop,US,7,1,6,43.76
U17806,control,desktop,US,6,0,1,0.0
U17807,treatment,desktop,UK,4,0,4,0.0
U17808,control,console,FR,7,0,4,0.0
U17809,control,console,US,4,0,4,0.0
U17810,control,desktop,FR,7,0,1,0.0
U17811,treatment,console,US,3,0,5,0.0
U17812,control,desktop,US,7,0,4,0.0
U17813,control,mobile,DE,5,0,2,0.0
U17814,treatment,mobile,DE,8,0,4,0.0
U17815,control,mobile,DE,7,0,3,0.0
U17816,control,mobile,UK,7,1,2,7.33
U17817,treatment,desktop,UK,7,0,5,0.0
U17818,control,mobile,US,5,1,5,2.76
U17819,treatment,console,US,5,1,4,6.17
U17820,control,mobile,UK,2,0,2,0.0
U17821,control,mobile,US,6,0,3,0.0
U17822,control,desktop,DE,4,0,1,0.0
U17823,treatment,mobile,US,7,0,7,0.0
U17824,control,mobile,UK,6,0,1,0.0
U17825,treatment,mobile,CA,3,0,4,0.0
U17826,treatment,desktop,UK,2,0,1,0.0
U17827,control,mobile,US,7,0,3,0.0
U17828,control,desktop,UK,1,1,6,19.37
U17829,treatment,mobile,US,5,0,3,0.0
U17830,treatment,mobile,DE,5,0,3,0.0
U17831,control,mobile,UK,4,0,4,0.0
U17832,control,mobile,UK,6,0,2,0.0
U17833,treatment,console,US,4,0,1,0.0
U17834,treatment,mobile,UK,2,0,5,0.0
U17835,treatment,desktop,US,4,0,3,0.0
U17836,treatment,console,US,4,0,5,0.0
U17837,control,mobile,US,8,0,2,0.0
U17838,control,console,FR,2,0,3,0.0
U17839,control,desktop,US,9,0,3,0.0
U17840,treatment,desktop,UK,5,0,7,0.0
U17841,control,console,US,5,0,1,0.0
U17842,control,mobile,UK,5,0,5,0.0
U17843,treatment,desktop,UK,4,0,1,0.0
U17844,control,desktop,US,8,0,3,0.0
U17845,treatment,desktop,US,4,1,6,13.78
U17846,treatment,mobile,UK,8,0,4,0.0
U17847,control,mobile,US,2,0,3,0.0
U17848,treatment,console,US,5,0,5,0.0
U17849,control,desktop,US,4,0,3,0.0
U17850,control,mobile,UK,8,0,1,0.0
U17851,treatment,mobile,FR,6,1,6,24.7
U17852,control,desktop,DE,6,0,2,0.0
U17853,control,mobile,DE,7,1,0,25.49
U17854,control,mobile,US,4,0,5,0.0
U17855,treatment,console,US,7,0,6,0.0
U17856,control,mobile,DE,5,0,3,0.0
U17857,control,mobile,US,3,1,7,11.53
U17858,control,desktop,FR,3,1,1,21.51
U17859,treatment,mobile,FR,2,0,1,0.0
U17860,control,mobile,US,2,1,2,10.55
U17861,treatment,desktop,US,6,0,6,0.0
U17862,treatment,desktop,UK,6,1,4,24.35
U17863,treatment,mobile,US,6,0,4,0.0
U17864,control,console,FR,2,0,1,0.0
U17865,control,console,US,4,0,3,0.0
U17866,control,desktop,US,4,0,4,0.0
U17867,control,desktop,US,6,0,1,0.0
U17868,control,console,DE,8,0,1,0.0
U17869,control,mobile,US,5,0,3,0.0
U17870,control,desktop,US,4,0,5,0.0
U17871,control,mobile,DE,3,0,4,0.0
U17872,treatment,mobile,DE,4,0,4,0.0
U17873,control,console,DE,6,0,2,0.0
U17874,treatment,mobile,DE,7,0,3,0.0
U17875,treatment,mobile,DE,4,0,5,0.0
U17876,treatment,mobile,CA,2,0,6,0.0
U17877,treatment,desktop,DE,7,0,4,0.0
U17878,treatment,console,US,7,0,2,0.0
U17879,treatment,mobile,FR,4,0,2,0.0
U17880,control,console,CA,6,0,4,0.0
U17881,control,mobile,US,9,0,5,0.0
U17882,control,console,FR,4,1,5,25.42
U17883,control,console,CA,3,0,2,0.0
U17884,control,mobile,US,6,0,4,0.0
U17885,control,console,US,3,1,3,11.12
U17886,control,mobile,US,5,1,5,7.16
U17887,treatment,desktop,DE,3,0,4,0.0
U17888,treatment,mobile,CA,5,0,0,0.0
U17889,treatment,mobile,US,9,0,2,0.0
U17890,treatment,console,FR,2,1,1,14.35
U17891,control,console,FR,4,0,2,0.0
U17892,control,desktop,DE,3,0,3,0.0
U17893,control,console,US,4,0,2,0.0
U17894,control,mobile,US,6,0,3,0.0
U17895,control,mobile,US,6,0,3,0.0
U17896,control,console,UK,5,0,4,0.0
U17897,treatment,mobile,US,9,0,6,0.0
U17898,control,console,US,7,0,10,0.0
U17899,control,mobile,DE,2,0,0,0.0
U17900,control,mobile,FR,3,0,4,0.0
U17901,control,mobile,UK,8,0,3,0.0
U17902,control,mobile,DE,5,0,5,0.0
U17903,treatment,mobile,UK,5,0,2,0.0
U17904,treatment,mobile,US,3,0,6,0.0
U17905,treatment,mobile,UK,3,0,1,0.0
U17906,control,console,US,4,1,2,27.83
U17907,control,desktop,FR,8,0,1,0.0
U17908,treatment,mobile,US,3,0,6,0.0
U17909,treatment,mobile,UK,6,0,2,0.0
U17910,treatment,mobile,UK,5,0,1,0.0
U17911,control,mobile,FR,3,0,3,0.0
U17912,treatment,desktop,US,7,0,6,0.0
U17913,control,mobile,CA,4,0,1,0.0
U17914,control,console,US,5,0,3,0.0
U17915,treatment,mobile,US,5,0,5,0.0
U17916,control,mobile,US,6,0,2,0.0
U17917,treatment,desktop,FR,5,0,5,0.0
U17918,treatment,mobile,FR,4,0,6,0.0
U17919,control,mobile,UK,6,0,2,0.0
U17920,control,mobile,US,4,0,5,0.0
U17921,control,desktop,US,4,0,3,0.0
U17922,control,console,FR,5,0,4,0.0
U17923,treatment,mobile,DE,6,0,3,0.0
U17924,treatment,console,US,2,1,4,7.27
U17925,control,desktop,US,3,0,1,0.0
U17926,treatment,desktop,US,6,0,0,0.0
U17927,treatment,mobile,CA,3,0,4,0.0
U17928,control,console,US,6,0,5,0.0
U17929,control,mobile,UK,5,0,2,0.0
U17930,treatment,mobile,DE,7,0,4,0.0
U17931,control,desktop,UK,5,0,5,0.0
U17932,treatment,console,DE,6,0,5,0.0
U17933,control,mobile,US,3,0,1,0.0
U17934,treatment,mobile,FR,3,0,7,0.0
U17935,treatment,console,US,4,0,4,0.0
U17936,control,console,UK,4,0,4,0.0
U17937,control,desktop,FR,6,1,1,11.74
U17938,treatment,mobile,CA,4,0,7,0.0
U17939,treatment,mobile,US,8,0,2,0.0
U17940,treatment,console,DE,7,0,6,0.0
U17941,treatment,mobile,US,6,0,2,0.0
U17942,treatment,console,US,6,0,4,0.0
U17943,control,desktop,UK,6,0,4,0.0
U17944,treatment,console,US,2,1,2,10.86
U17945,treatment,desktop,US,4,0,1,0.0
U17946,treatment,mobile,FR,8,0,2,0.0
U17947,control,console,FR,8,0,5,0.0
U17948,control,console,UK,4,0,4,0.0
U17949,treatment,console,DE,3,0,0,0.0
U17950,control,mobile,UK,5,0,4,0.0
U17951,control,mobile,UK,4,0,8,0.0
U17952,treatment,console,UK,5,0,5,0.0
U17953,treatment,desktop,US,4,0,3,0.0
U17954,control,mobile,FR,2,1,3,21.34
U17955,treatment,mobile,US,8,0,3,0.0
U17956,control,mobile,CA,7,0,3,0.0
U17957,control,mobile,US,9,1,2,17.9
U17958,control,mobile,UK,4,0,1,0.0
U17959,control,console,US,5,0,4,0.0
U17960,treatment,desktop,DE,6,0,2,0.0
U17961,control,mobile,US,4,0,3,0.0
U17962,control,desktop,US,6,0,4,0.0
U17963,treatment,mobile,UK,4,1,6,20.06
U17964,control,console,DE,2,0,3,0.0
U17965,control,console,US,6,0,2,0.0
U17966,control,mobile,CA,7,0,5,0.0
U17967,treatment,console,US,7,0,4,0.0
U17968,treatment,mobile,US,3,0,1,0.0
U17969,treatment,desktop,FR,6,0,1,0.0
U17970,control,console,US,8,1,4,21.52
U17971,treatment,console,UK,9,0,6,0.0
U17972,treatment,mobile,DE,6,0,6,0.0
U17973,treatment,mobile,US,1,0,1,0.0
U17974,treatment,mobile,US,2,0,2,0.0
U17975,control,mobile,US,4,0,4,0.0
U17976,control,mobile,FR,5,0,2,0.0
U17977,control,mobile,US,8,0,4,0.0
U17978,treatment,desktop,DE,8,0,1,0.0
U17979,treatment,mobile,CA,6,0,3,0.0
U17980,control,mobile,DE,6,0,7,0.0
U17981,treatment,desktop,US,4,0,1,0.0
U17982,control,mobile,FR,5,0,2,0.0
U17983,treatment,desktop,FR,3,0,6,0.0
U17984,control,console,US,3,0,2,0.0
U17985,treatment,desktop,DE,6,1,7,8.11
U17986,control,desktop,US,5,0,4,0.0
U17987,treatment,desktop,UK,6,0,3,0.0
U17988,treatment,desktop,DE,4,0,2,0.0
U17989,control,desktop,US,7,0,5,0.0
U17990,control,console,US,3,0,4,0.0
U17991,treatment,console,US,7,0,5,0.0
U17992,control,mobile,US,4,0,3,0.0
U17993,control,mobile,FR,4,0,4,0.0
U17994,control,console,CA,4,0,4,0.0
U17995,control,desktop,DE,4,0,8,0.0
U17996,treatment,desktop,CA,3,0,1,0.0
U17997,treatment,mobile,UK,5,0,5,0.0
U17998,treatment,mobile,UK,3,0,3,0.0
U17999,control,desktop,FR,8,0,2,0.0
U18000,treatment,console,DE,2,0,6,0.0
U18001,treatment,mobile,FR,5,0,4,0.0
U18002,control,console,DE,6,1,5,20.24
U18003,treatment,console,UK,8,0,6,0.0
U18004,treatment,console,DE,5,0,2,0.0
U18005,control,console,US,4,0,4,0.0
U18006,control,mobile,US,4,1,4,8.94
U18007,treatment,mobile,DE,9,0,5,0.0
U18008,control,mobile,DE,6,0,4,0.0
U18009,treatment,mobile,US,5,0,8,0.0
U18010,treatment,mobile,DE,7,0,7,0.0
U18011,control,console,CA,6,0,6,0.0
U18012,treatment,console,US,6,0,6,0.0
U18013,treatment,mobile,UK,9,0,1,0.0
U18014,treatment,desktop,UK,3,0,5,0.0
U18015,control,desktop,US,4,0,6,0.0
U18016,control,desktop,US,3,0,1,0.0
U18017,control,console,US,3,0,3,0.0
U18018,treatment,mobile,UK,6,0,2,0.0
U18019,treatment,mobile,US,2,1,5,6.81
U18020,control,console,US,3,0,2,0.0
U18021,treatment,mobile,CA,3,0,5,0.0
U18022,control,console,US,5,0,5,0.0
U18023,control,mobile,UK,5,0,3,0.0
U18024,treatment,desktop,US,5,0,4,0.0
U18025,control,desktop,CA,6,0,2,0.0
U18026,control,console,US,5,0,2,0.0
U18027,treatment,mobile,FR,4,0,9,0.0
U18028,control,console,US,5,0,4,0.0
U18029,control,console,UK,4,0,5,0.0
U18030,treatment,console,US,5,0,1,0.0
U18031,treatment,console,DE,3,1,2,34.2
U18032,control,console,FR,8,0,6,0.0
U18033,control,console,US,5,0,1,0.0
U18034,treatment,desktop,CA,3,0,2,0.0
U18035,control,console,US,7,0,1,0.0
U18036,treatment,console,US,7,0,4,0.0
U18037,treatment,desktop,FR,7,0,2,0.0
U18038,control,mobile,US,5,0,5,0.0
U18039,treatment,mobile,FR,10,1,4,8.21
U18040,treatment,console,US,4,0,1,0.0
U18041,treatment,console,UK,8,0,6,0.0
U18042,control,mobile,UK,7,0,8,0.0
U18043,treatment,console,CA,6,0,2,0.0
U18044,treatment,mobile,FR,4,0,7,0.0
U18045,treatment,mobile,CA,7,0,8,0.0
U18046,control,console,DE,4,1,2,40.91
U18047,control,console,DE,5,0,5,0.0
U18048,control,desktop,US,6,0,4,0.0
U18049,control,console,DE,2,0,1,0.0
U18050,control,console,US,1,0,4,0.0
U18051,treatment,console,US,2,0,5,0.0
U18052,control,console,DE,5,0,3,0.0
U18053,control,mobile,UK,5,0,6,0.0
U18054,treatment,mobile,US,3,0,6,0.0
U18055,control,mobile,FR,7,1,5,5.53
U18056,treatment,mobile,FR,5,1,1,25.05
U18057,control,mobile,US,7,0,4,0.0
U18058,control,mobile,US,3,0,5,0.0
U18059,treatment,mobile,US,9,0,4,0.0
U18060,treatment,desktop,UK,4,1,1,8.4
U18061,treatment,mobile,UK,4,0,4,0.0
U18062,control,mobile,FR,5,0,2,0.0
U18063,treatment,mobile,UK,6,0,4,0.0
U18064,treatment,mobile,US,3,1,1,5.81
U18065,control,desktop,US,3,0,4,0.0
U18066,treatment,console,CA,7,0,3,0.0
U18067,control,desktop,DE,3,0,2,0.0
U18068,control,desktop,FR,6,0,4,0.0
U18069,treatment,console,DE,6,1,1,23.27
U18070,treatment,desktop,US,4,0,2,0.0
U18071,treatment,mobile,US,7,1,5,9.82
U18072,control,mobile,UK,5,0,5,0.0
U18073,control,desktop,US,3,0,3,0.0
U18074,control,desktop,UK,3,1,3,19.32
U18075,control,console,CA,5,0,3,0.0
U18076,treatment,mobile,UK,4,1,7,11.71
U18077,control,console,US,3,0,4,0.0
U18078,treatment,desktop,US,5,0,5,0.0
U18079,control,console,US,6,0,5,0.0
U18080,treatment,desktop,UK,4,0,4,0.0
U18081,treatment,mobile,CA,6,0,3,0.0
U18082,treatment,mobile,US,2,0,2,0.0
U18083,control,mobile,DE,3,0,2,0.0
U18084,control,mobile,DE,5,0,1,0.0
U18085,control,console,US,3,0,4,0.0
U18086,control,mobile,US,5,1,4,19.39
U18087,treatment,mobile,US,6,0,4,0.0
U18088,treatment,mobile,FR,3,0,2,0.0
U18089,treatment,desktop,DE,5,0,6,0.0
U18090,control,mobile,US,7,1,0,26.42
U18091,control,mobile,UK,8,0,7,0.0
U18092,control,console,DE,3,0,3,0.0
U18093,treatment,mobile,US,3,0,4,0.0
U18094,control,console,US,6,0,3,0.0
U18095,control,mobile,DE,7,0,5,0.0
U18096,treatment,desktop,CA,5,0,4,0.0
U18097,control,desktop,CA,6,0,3,0.0
U18098,control,mobile,DE,4,0,3,0.0
U18099,treatment,desktop,CA,8,0,2,0.0
U18100,treatment,mobile,US,6,0,4,0.0
U18101,control,mobile,UK,7,0,3,0.0
U18102,control,console,US,9,0,0,0.0
U18103,treatment,console,DE,2,0,3,0.0
U18104,control,mobile,FR,4,0,3,0.0
U18105,treatment,desktop,CA,7,0,3,0.0
U18106,control,mobile,US,9,1,2,11.74
U18107,control,mobile,US,4,0,3,0.0
U18108,control,mobile,US,6,0,1,0.0
U18109,treatment,desktop,DE,5,0,1,0.0
U18110,treatment,desktop,DE,2,0,2,0.0
U18111,control,desktop,DE,2,1,5,21.23
U18112,treatment,console,UK,5,0,6,0.0
U18113,treatment,console,US,6,0,7,0.0
U18114,treatment,mobile,UK,3,0,2,0.0
U18115,control,mobile,US,5,0,5,0.0
U18116,treatment,desktop,US,8,1,3,21.32
U18117,control,mobile,FR,10,0,3,0.0
U18118,control,mobile,FR,3,0,4,0.0
U18119,treatment,mobile,DE,5,0,3,0.0
U18120,treatment,mobile,UK,3,0,3,0.0
U18121,treatment,desktop,US,4,0,3,0.0
U18122,treatment,desktop,UK,3,0,3,0.0
U18123,treatment,console,UK,3,0,6,0.0
U18124,control,console,US,3,0,3,0.0
U18125,control,console,US,5,0,5,0.0
U18126,treatment,mobile,CA,4,0,1,0.0
U18127,treatment,desktop,CA,8,0,0,0.0
U18128,treatment,mobile,CA,8,0,5,0.0
U18129,treatment,console,UK,3,0,4,0.0
U18130,control,desktop,US,10,0,2,0.0
U18131,control,mobile,UK,4,0,6,0.0
U18132,treatment,desktop,DE,6,0,5,0.0
U18133,control,desktop,US,6,0,4,0.0
U18134,control,console,US,4,1,4,47.02
U18135,control,mobile,UK,2,0,0,0.0
U18136,treatment,mobile,UK,5,0,4,0.0
U18137,control,console,US,8,0,3,0.0
U18138,treatment,desktop,US,3,0,4,0.0
U18139,control,mobile,UK,2,0,2,0.0
U18140,treatment,desktop,FR,5,0,4,0.0
U18141,control,desktop,UK,7,0,2,0.0
U18142,control,mobile,US,8,0,5,0.0
U18143,treatment,mobile,CA,5,0,6,0.0
U18144,treatment,mobile,FR,8,0,1,0.0
U18145,control,mobile,US,4,0,7,0.0
U18146,treatment,mobile,FR,2,0,3,0.0
U18147,treatment,mobile,UK,4,0,6,0.0
U18148,control,desktop,DE,5,0,3,0.0
U18149,control,desktop,FR,6,0,8,0.0
U18150,treatment,mobile,US,8,1,4,7.38
U18151,treatment,mobile,UK,6,1,2,13.53
U18152,control,mobile,US,3,0,4,0.0
U18153,control,mobile,DE,4,0,4,0.0
U18154,treatment,console,FR,8,1,5,13.93
U18155,treatment,mobile,US,3,0,5,0.0
U18156,treatment,console,US,6,0,3,0.0
U18157,treatment,desktop,DE,2,1,4,20.3
U18158,treatment,console,US,7,0,3,0.0
U18159,treatment,console,US,8,0,4,0.0
U18160,control,console,UK,4,0,4,0.0
U18161,control,desktop,US,5,0,4,0.0
U18162,treatment,mobile,US,4,0,4,0.0
U18163,treatment,desktop,DE,6,0,6,0.0
U18164,control,mobile,UK,4,0,2,0.0
U18165,control,mobile,US,4,0,1,0.0
U18166,control,console,DE,5,0,4,0.0
U18167,treatment,desktop,US,4,0,2,0.0
U18168,control,mobile,FR,6,0,3,0.0
U18169,control,console,FR,7,0,4,0.0
U18170,control,mobile,US,4,0,0,0.0
U18171,control,console,CA,5,0,2,0.0
U18172,control,console,FR,3,0,5,0.0
U18173,control,mobile,US,6,0,3,0.0
U18174,control,mobile,FR,6,0,3,0.0
U18175,treatment,console,US,4,0,3,0.0
U18176,treatment,mobile,FR,2,0,2,0.0
U18177,treatment,console,DE,6,0,2,0.0
U18178,treatment,mobile,CA,7,0,5,0.0
U18179,control,mobile,US,4,0,4,0.0
U18180,treatment,desktop,DE,6,0,3,0.0
U18181,control,desktop,UK,9,0,5,0.0
U18182,control,mobile,CA,5,0,4,0.0
U18183,control,desktop,UK,4,0,2,0.0
U18184,treatment,mobile,US,5,1,2,17.2
U18185,treatment,mobile,FR,4,0,3,0.0
U18186,control,console,US,9,0,5,0.0
U18187,treatment,desktop,DE,8,0,6,0.0
U18188,treatment,desktop,US,4,0,3,0.0
U18189,treatment,desktop,US,4,0,2,0.0
U18190,treatment,desktop,FR,4,1,5,5.71
U18191,control,mobile,FR,7,0,7,0.0
U18192,control,console,US,6,0,2,0.0
U18193,treatment,mobile,DE,12,1,3,18.37
U18194,control,console,US,3,0,3,0.0
U18195,control,console,CA,5,0,2,0.0
U18196,treatment,desktop,DE,5,0,3,0.0
U18197,control,desktop,US,4,0,6,0.0
U18198,control,mobile,US,5,0,7,0.0
U18199,treatment,mobile,UK,6,0,4,0.0
U18200,control,desktop,CA,2,0,2,0.0
U18201,control,mobile,US,6,1,6,15.66
U18202,control,mobile,UK,10,1,8,15.65
U18203,control,desktop,US,2,0,0,0.0
U18204,treatment,mobile,DE,4,0,3,0.0
U18205,control,mobile,DE,4,0,4,0.0
U18206,treatment,desktop,US,6,0,0,0.0
U18207,treatment,mobile,US,3,0,2,0.0
U18208,control,mobile,US,9,0,5,0.0
U18209,control,mobile,DE,8,1,5,8.82
U18210,treatment,desktop,CA,7,1,4,6.76
U18211,treatment,console,FR,4,0,4,0.0
U18212,treatment,mobile,US,6,0,1,0.0
U18213,treatment,desktop,US,3,0,4,0.0
U18214,control,mobile,US,5,0,4,0.0
U18215,treatment,desktop,FR,7,1,5,20.92
U18216,control,mobile,DE,6,0,3,0.0
U18217,treatment,console,UK,3,0,4,0.0
U18218,control,desktop,UK,5,0,3,0.0
U18219,control,desktop,US,7,0,1,0.0
U18220,control,mobile,US,11,0,2,0.0
U18221,treatment,console,CA,5,0,2,0.0
U18222,control,mobile,UK,5,0,6,0.0
U18223,treatment,desktop,FR,4,0,4,0.0
U18224,control,console,FR,7,0,6,0.0
U18225,control,desktop,US,5,0,4,0.0
U18226,treatment,console,UK,8,0,5,0.0
U18227,treatment,desktop,US,5,1,4,29.54
U18228,treatment,console,DE,6,1,4,37.56
U18229,control,mobile,UK,5,0,4,0.0
U18230,control,mobile,FR,2,0,4,0.0
U18231,treatment,desktop,FR,7,0,5,0.0
U18232,treatment,desktop,FR,7,0,3,0.0
U18233,treatment,desktop,DE,5,0,3,0.0
U18234,control,desktop,UK,5,0,2,0.0
U18235,control,desktop,DE,4,0,4,0.0
U18236,control,mobile,US,5,0,1,0.0
U18237,control,mobile,UK,6,0,5,0.0
U18238,treatment,console,US,5,0,1,0.0
U18239,control,mobile,US,3,0,2,0.0
U18240,control,mobile,US,6,1,5,32.93
U18241,treatment,desktop,UK,4,0,3,0.0
U18242,control,mobile,US,4,0,3,0.0
U18243,control,desktop,CA,5,0,4,0.0
U18244,control,desktop,US,4,0,4,0.0
U18245,treatment,desktop,UK,5,0,3,0.0
U18246,control,console,US,6,0,3,0.0
U18247,control,console,US,5,0,4,0.0
U18248,control,desktop,CA,5,1,3,20.86
U18249,control,console,US,8,0,5,0.0
U18250,control,mobile,US,5,0,3,0.0
U18251,treatment,mobile,US,5,0,3,0.0
U18252,control,desktop,UK,4,0,4,0.0
U18253,treatment,desktop,DE,3,0,2,0.0
U18254,control,mobile,US,4,0,2,0.0
U18255,treatment,mobile,FR,8,1,2,11.11
U18256,control,mobile,US,3,0,1,0.0
U18257,treatment,mobile,DE,7,0,3,0.0
U18258,treatment,mobile,US,3,0,7,0.0
U18259,treatment,console,UK,4,0,3,0.0
U18260,control,console,US,5,0,4,0.0
U18261,treatment,desktop,US,3,0,3,0.0
U18262,treatment,desktop,US,3,0,5,0.0
U18263,treatment,mobile,DE,3,0,5,0.0
U18264,treatment,desktop,CA,6,0,3,0.0
U18265,control,desktop,US,4,0,3,0.0
U18266,control,console,US,6,0,8,0.0
U18267,treatment,mobile,US,3,0,3,0.0
U18268,treatment,console,CA,6,0,2,0.0
U18269,treatment,console,US,3,0,9,0.0
U18270,treatment,mobile,UK,6,1,6,19.07
U18271,treatment,console,CA,4,0,2,0.0
U18272,control,mobile,UK,3,0,3,0.0
U18273,treatment,console,DE,2,0,0,0.0
U18274,control,desktop,UK,7,0,4,0.0
U18275,treatment,mobile,DE,1,1,6,8.69
U18276,control,mobile,UK,8,0,7,0.0
U18277,control,desktop,FR,9,0,6,0.0
U18278,control,console,UK,2,0,1,0.0
U18279,treatment,console,US,4,1,5,18.0
U18280,control,mobile,FR,5,0,2,0.0
U18281,control,console,US,8,0,4,0.0
U18282,control,desktop,US,4,0,6,0.0
U18283,control,mobile,US,5,0,1,0.0
U18284,treatment,mobile,US,9,0,3,0.0
U18285,treatment,console,CA,2,0,1,0.0
U18286,control,desktop,DE,7,0,4,0.0
U18287,control,mobile,US,7,0,6,0.0
U18288,treatment,desktop,US,3,0,2,0.0
U18289,control,console,US,5,0,4,0.0
U18290,control,mobile,CA,2,0,2,0.0
U18291,control,mobile,US,8,0,5,0.0
U18292,control,mobile,US,6,0,1,0.0
U18293,control,mobile,UK,5,0,4,0.0
U18294,treatment,mobile,DE,8,0,6,0.0
U18295,control,console,FR,5,0,3,0.0
U18296,treatment,mobile,DE,4,0,1,0.0
U18297,control,console,FR,4,0,3,0.0
U18298,treatment,console,FR,4,1,5,9.72
U18299,treatment,mobile,CA,4,0,4,0.0
U18300,treatment,mobile,US,8,0,2,0.0
U18301,treatment,mobile,UK,5,0,5,0.0
U18302,treatment,desktop,US,3,0,2,0.0
U18303,control,desktop,FR,4,0,6,0.0
U18304,treatment,desktop,US,2,0,5,0.0
U18305,control,console,US,4,0,2,0.0
U18306,control,console,DE,4,1,5,8.88
U18307,control,desktop,UK,5,0,3,0.0
U18308,control,console,DE,5,0,4,0.0
U18309,control,console,DE,5,0,2,0.0
U18310,treatment,desktop,CA,6,0,2,0.0
U18311,treatment,mobile,DE,6,0,4,0.0
U18312,control,console,UK,5,0,2,0.0
U18313,control,console,US,3,0,0,0.0
U18314,control,desktop,US,7,0,3,0.0
U18315,control,desktop,US,5,0,1,0.0
U18316,treatment,mobile,FR,2,0,3,0.0
U18317,control,desktop,US,4,0,3,0.0
U18318,treatment,console,DE,5,1,3,16.31
U18319,treatment,console,DE,4,0,1,0.0
U18320,control,mobile,DE,6,0,7,0.0
U18321,treatment,mobile,FR,8,0,5,0.0
U18322,control,mobile,US,5,0,4,0.0
U18323,control,mobile,UK,3,1,1,24.41
U18324,treatment,console,UK,5,0,3,0.0
U18325,control,mobile,FR,6,0,4,0.0
U18326,treatment,console,CA,6,1,3,31.03
U18327,treatment,desktop,CA,5,0,2,0.0
U18328,treatment,desktop,UK,4,0,2,0.0
U18329,control,desktop,CA,8,0,1,0.0
U18330,treatment,console,FR,7,0,5,0.0
U18331,control,mobile,UK,7,1,2,9.16
U18332,control,mobile,US,3,0,3,0.0
U18333,control,desktop,CA,8,0,4,0.0
U18334,treatment,mobile,US,3,1,6,30.21
U18335,control,mobile,CA,2,0,5,0.0
U18336,treatment,console,US,1,0,4,0.0
U18337,treatment,desktop,US,5,0,3,0.0
U18338,control,mobile,UK,5,0,5,0.0
U18339,control,desktop,UK,5,0,1,0.0
U18340,treatment,mobile,DE,6,1,3,27.92
U18341,control,mobile,US,6,0,6,0.0
U18342,treatment,mobile,US,7,1,5,37.49
U18343,treatment,mobile,CA,4,0,2,0.0
U18344,control,mobile,UK,8,0,1,0.0
U18345,control,desktop,US,5,1,2,17.88
U18346,control,mobile,CA,6,0,7,0.0
U18347,control,mobile,CA,3,0,3,0.0
U18348,control,mobile,FR,4,0,2,0.0
U18349,control,mobile,US,4,0,1,0.0
U18350,control,desktop,UK,9,0,3,0.0
U18351,control,mobile,FR,5,0,4,0.0
U18352,treatment,desktop,FR,4,0,3,0.0
U18353,treatment,desktop,DE,6,0,1,0.0
U18354,treatment,mobile,US,8,0,3,0.0
U18355,treatment,desktop,DE,4,0,0,0.0
U18356,control,desktop,DE,7,0,2,0.0
U18357,control,desktop,FR,4,0,2,0.0
U18358,treatment,mobile,UK,2,0,5,0.0
U18359,treatment,mobile,US,5,0,7,0.0
U18360,control,desktop,US,4,0,3,0.0
U18361,treatment,console,FR,1,0,2,0.0
U18362,treatment,mobile,FR,7,0,5,0.0
U18363,control,desktop,US,5,0,1,0.0
U18364,control,mobile,US,2,0,3,0.0
U18365,control,console,DE,4,0,3,0.0
U18366,control,mobile,UK,7,0,4,0.0
U18367,control,desktop,FR,8,1,6,22.57
U18368,treatment,desktop,US,6,0,6,0.0
U18369,control,desktop,FR,6,0,4,0.0
U18370,treatment,desktop,US,3,1,2,31.94
U18371,control,desktop,FR,6,0,7,0.0
U18372,control,desktop,UK,3,0,5,0.0
U18373,treatment,desktop,US,6,0,4,0.0
U18374,treatment,mobile,US,3,1,7,33.67
U18375,treatment,console,UK,2,0,7,0.0
U18376,treatment,mobile,US,8,0,0,0.0
U18377,control,mobile,FR,3,0,6,0.0
U18378,control,mobile,US,6,0,1,0.0
U18379,control,desktop,FR,3,0,4,0.0
U18380,control,mobile,US,4,0,2,0.0
U18381,treatment,desktop,US,4,0,4,0.0
U18382,treatment,desktop,UK,4,0,4,0.0
U18383,control,mobile,FR,4,0,2,0.0
U18384,control,mobile,UK,6,0,2,0.0
U18385,control,console,UK,5,0,6,0.0
U18386,treatment,console,UK,3,1,5,11.86
U18387,treatment,console,US,4,1,4,18.53
U18388,control,mobile,US,6,0,3,0.0
U18389,control,console,US,4,0,4,0.0
U18390,treatment,console,FR,4,0,2,0.0
U18391,treatment,desktop,US,6,0,3,0.0
U18392,treatment,desktop,UK,5,0,2,0.0
U18393,treatment,mobile,DE,4,0,4,0.0
U18394,control,desktop,UK,6,0,4,0.0
U18395,control,console,UK,2,0,2,0.0
U18396,treatment,desktop,FR,3,0,2,0.0
U18397,control,mobile,US,3,1,3,12.62
U18398,treatment,mobile,FR,2,0,2,0.0
U18399,control,desktop,DE,8,0,2,0.0
U18400,treatment,desktop,FR,4,0,3,0.0
U18401,control,desktop,US,6,0,4,0.0
U18402,treatment,console,DE,3,0,1,0.0
U18403,treatment,mobile,US,2,0,5,0.0
U18404,control,mobile,FR,6,0,8,0.0
U18405,control,mobile,US,4,0,3,0.0
U18406,treatment,console,US,6,0,3,0.0
U18407,treatment,console,US,4,1,4,13.46
U18408,control,console,UK,5,0,2,0.0
U18409,treatment,console,UK,2,0,2,0.0
U18410,control,mobile,CA,2,0,3,0.0
U18411,treatment,mobile,DE,6,0,7,0.0
U18412,treatment,desktop,DE,5,0,2,0.0
U18413,control,mobile,DE,4,0,4,0.0
U18414,control,desktop,UK,3,0,3,0.0
U18415,control,mobile,US,4,0,4,0.0
U18416,treatment,mobile,DE,7,0,7,0.0
U18417,treatment,desktop,DE,4,0,2,0.0
U18418,control,mobile,DE,4,0,1,0.0
U18419,control,console,US,9,0,2,0.0
U18420,control,mobile,US,6,0,2,0.0
U18421,treatment,console,DE,7,0,4,0.0
U18422,treatment,mobile,US,5,0,5,0.0
U18423,control,console,US,3,0,3,0.0
U18424,treatment,desktop,UK,4,0,3,0.0
U18425,treatment,mobile,UK,7,0,5,0.0
U18426,treatment,mobile,FR,2,0,1,0.0
U18427,treatment,mobile,US,9,1,2,9.82
U18428,treatment,console,FR,4,1,5,6.92
U18429,control,mobile,DE,2,0,4,0.0
U18430,control,mobile,US,2,0,0,0.0
U18431,control,desktop,FR,2,0,3,0.0
U18432,control,desktop,UK,5,0,5,0.0
U18433,control,mobile,UK,4,1,4,26.29
U18434,control,mobile,US,3,0,5,0.0
U18435,control,desktop,DE,4,0,6,0.0
U18436,control,mobile,US,4,0,1,0.0
U18437,control,desktop,US,6,1,6,63.45
U18438,treatment,mobile,FR,4,0,3,0.0
U18439,treatment,console,FR,3,0,2,0.0
U18440,treatment,desktop,CA,7,0,6,0.0
U18441,control,desktop,UK,4,0,5,0.0
U18442,treatment,console,FR,7,0,6,0.0
U18443,treatment,console,FR,5,0,3,0.0
U18444,control,console,US,3,1,3,22.36
U18445,control,desktop,US,5,0,4,0.0
U18446,treatment,console,UK,2,0,2,0.0
U18447,control,mobile,FR,4,0,4,0.0
U18448,treatment,console,DE,6,0,1,0.0
U18449,treatment,desktop,UK,4,0,4,0.0
U18450,treatment,desktop,US,5,1,4,16.87
U18451,treatment,console,FR,4,0,1,0.0
U18452,treatment,desktop,DE,7,0,7,0.0
U18453,control,desktop,FR,9,1,2,4.25
U18454,control,console,UK,4,1,7,5.8
U18455,control,desktop,CA,5,0,3,0.0
U18456,control,mobile,US,4,0,2,0.0
U18457,treatment,mobile,US,5,0,7,0.0
U18458,treatment,desktop,CA,3,0,6,0.0
U18459,treatment,mobile,US,6,0,6,0.0
U18460,control,desktop,US,3,0,2,0.0
U18461,control,console,US,5,0,6,0.0
U18462,control,mobile,DE,4,0,5,0.0
U18463,control,console,US,6,0,2,0.0
U18464,control,desktop,US,6,1,5,10.8
U18465,control,console,UK,4,0,1,0.0
U18466,treatment,mobile,CA,6,0,1,0.0
U18467,control,desktop,CA,8,0,3,0.0
U18468,control,desktop,FR,3,0,1,0.0
U18469,control,console,FR,6,0,8,0.0
U18470,control,console,DE,6,0,3,0.0
U18471,control,console,UK,6,0,2,0.0
U18472,control,mobile,UK,3,0,2,0.0
U18473,control,mobile,FR,5,0,4,0.0
U18474,control,desktop,US,3,0,2,0.0
U18475,treatment,mobile,US,6,0,7,0.0
U18476,treatment,console,UK,7,0,5,0.0
U18477,control,desktop,CA,5,0,4,0.0
U18478,control,console,UK,5,0,2,0.0
U18479,control,console,US,6,0,2,0.0
U18480,control,mobile,DE,4,0,3,0.0
U18481,control,mobile,DE,3,0,2,0.0
U18482,control,desktop,UK,3,0,2,0.0
U18483,treatment,console,DE,5,0,3,0.0
U18484,treatment,desktop,US,4,0,5,0.0
U18485,treatment,mobile,UK,8,0,2,0.0
U18486,control,desktop,DE,2,0,1,0.0
U18487,control,mobile,CA,2,0,5,0.0
U18488,control,mobile,FR,7,0,1,0.0
U18489,treatment,console,UK,6,0,3,0.0
U18490,control,mobile,UK,8,0,1,0.0
U18491,treatment,mobile,US,4,1,7,15.12
U18492,treatment,mobile,UK,4,0,4,0.0
U18493,control,console,UK,6,0,1,0.0
U18494,control,mobile,US,2,0,2,0.0
U18495,treatment,mobile,UK,3,0,2,0.0
U18496,treatment,mobile,US,6,0,2,0.0
U18497,control,desktop,UK,6,1,5,7.85
U18498,control,mobile,US,3,1,5,38.22
U18499,treatment,console,UK,3,0,2,0.0
U18500,treatment,console,US,2,0,1,0.0
U18501,control,desktop,US,3,0,4,0.0
U18502,treatment,mobile,UK,6,0,4,0.0
U18503,control,desktop,US,8,0,2,0.0
U18504,treatment,mobile,UK,4,0,2,0.0
U18505,treatment,mobile,FR,3,0,2,0.0
U18506,control,console,US,5,0,0,0.0
U18507,treatment,mobile,DE,3,0,3,0.0
U18508,treatment,mobile,DE,4,1,1,12.46
U18509,control,mobile,US,3,0,2,0.0
U18510,control,mobile,US,4,0,4,0.0
U18511,control,mobile,US,10,0,2,0.0
U18512,treatment,mobile,US,6,0,3,0.0
U18513,treatment,console,US,4,0,3,0.0
U18514,treatment,mobile,UK,4,0,6,0.0
U18515,treatment,mobile,US,5,0,5,0.0
U18516,control,console,US,7,0,6,0.0
U18517,treatment,desktop,UK,4,0,2,0.0
U18518,treatment,console,CA,8,0,5,0.0
U18519,control,desktop,UK,7,0,6,0.0
U18520,control,mobile,US,4,0,4,0.0
U18521,control,mobile,DE,6,0,4,0.0
U18522,treatment,console,FR,4,0,5,0.0
U18523,treatment,console,US,9,1,3,20.29
U18524,control,desktop,US,9,0,6,0.0
U18525,treatment,desktop,US,4,0,3,0.0
U18526,control,desktop,CA,7,0,9,0.0
U18527,control,mobile,DE,4,0,2,0.0
U18528,treatment,mobile,UK,4,0,4,0.0
U18529,treatment,console,DE,2,0,5,0.0
U18530,treatment,mobile,UK,8,0,4,0.0
U18531,control,mobile,US,5,1,4,14.77
U18532,control,desktop,US,6,0,7,0.0
U18533,treatment,mobile,DE,8,0,3,0.0
U18534,treatment,console,CA,4,0,6,0.0
U18535,control,mobile,US,6,0,1,0.0
U18536,control,console,DE,5,0,2,0.0
U18537,control,mobile,DE,3,1,5,4.81
U18538,treatment,mobile,UK,2,0,5,0.0
U18539,treatment,desktop,DE,5,0,2,0.0
U18540,treatment,console,FR,8,0,4,0.0
U18541,control,mobile,US,7,0,2,0.0
U18542,control,mobile,US,5,0,1,0.0
U18543,control,mobile,DE,4,0,2,0.0
U18544,control,mobile,FR,7,0,4,0.0
U18545,treatment,console,US,5,0,2,0.0
U18546,control,console,UK,3,0,7,0.0
U18547,treatment,desktop,DE,4,0,3,0.0
U18548,treatment,mobile,UK,6,0,2,0.0
U18549,treatment,desktop,FR,4,0,2,0.0
U18550,control,desktop,US,5,1,2,20.75
U18551,control,mobile,UK,4,0,1,0.0
U18552,control,mobile,FR,5,0,1,0.0
U18553,treatment,desktop,US,2,0,5,0.0
U18554,treatment,console,US,4,1,2,13.29
U18555,treatment,mobile,US,5,0,1,0.0
U18556,control,console,FR,6,0,2,0.0
U18557,treatment,console,US,6,0,6,0.0
U18558,control,console,DE,7,0,4,0.0
U18559,treatment,console,CA,6,1,2,28.55
U18560,control,mobile,US,3,1,5,27.01
U18561,control,mobile,UK,4,0,2,0.0
U18562,treatment,console,US,2,1,3,15.19
U18563,control,console,US,5,0,5,0.0
U18564,treatment,mobile,US,9,0,1,0.0
U18565,control,desktop,US,6,0,3,0.0
U18566,control,console,US,5,0,6,0.0
U18567,control,mobile,DE,6,1,6,14.83
U18568,treatment,mobile,DE,3,0,4,0.0
U18569,treatment,mobile,DE,2,0,4,0.0
U18570,control,mobile,US,8,0,6,0.0
U18571,control,desktop,US,5,0,4,0.0
U18572,treatment,mobile,FR,6,0,1,0.0
U18573,control,console,FR,3,1,6,6.88
U18574,control,mobile,UK,3,1,5,7.21
U18575,control,console,UK,3,0,1,0.0
U18576,treatment,mobile,DE,5,0,3,0.0
U18577,treatment,console,US,5,0,2,0.0
U18578,control,mobile,US,5,0,5,0.0
U18579,treatment,desktop,UK,2,0,3,0.0
U18580,control,mobile,US,5,0,0,0.0
U18581,treatment,desktop,UK,6,0,3,0.0
U18582,control,mobile,UK,3,0,0,0.0
U18583,treatment,mobile,US,6,0,3,0.0
U18584,treatment,desktop,FR,8,0,4,0.0
U18585,control,mobile,FR,7,0,4,0.0
U18586,treatment,console,US,4,0,4,0.0
U18587,control,desktop,US,4,0,8,0.0
U18588,treatment,mobile,UK,3,0,2,0.0
U18589,control,console,CA,3,0,5,0.0
U18590,control,mobile,UK,4,0,2,0.0
U18591,treatment,console,CA,5,0,4,0.0
U18592,control,mobile,DE,2,0,2,0.0
U18593,treatment,desktop,FR,6,0,5,0.0
U18594,treatment,console,US,4,0,6,0.0
U18595,treatment,mobile,DE,8,0,5,0.0
U18596,treatment,desktop,UK,5,0,5,0.0
U18597,treatment,mobile,DE,7,0,6,0.0
U18598,control,desktop,DE,2,1,3,20.49
U18599,treatment,mobile,FR,4,0,2,0.0
U18600,treatment,mobile,DE,2,0,5,0.0
U18601,treatment,mobile,CA,4,0,4,0.0
U18602,control,desktop,US,5,0,4,0.0
U18603,treatment,console,US,8,0,3,0.0
U18604,treatment,console,UK,5,0,1,0.0
U18605,treatment,desktop,UK,7,0,3,0.0
U18606,control,console,UK,6,0,4,0.0
U18607,treatment,console,UK,6,0,1,0.0
U18608,treatment,desktop,UK,6,0,10,0.0
U18609,treatment,mobile,US,3,0,1,0.0
U18610,treatment,desktop,US,6,0,6,0.0
U18611,treatment,mobile,DE,4,1,6,14.68
U18612,control,console,US,3,0,5,0.0
U18613,treatment,mobile,CA,7,0,6,0.0
U18614,treatment,mobile,US,5,0,6,0.0
U18615,treatment,console,UK,8,0,3,0.0
U18616,control,mobile,FR,7,0,3,0.0
U18617,control,console,FR,9,0,5,0.0
U18618,treatment,console,US,1,0,4,0.0
U18619,treatment,desktop,UK,2,0,5,0.0
U18620,treatment,desktop,FR,7,0,2,0.0
U18621,control,mobile,CA,8,1,6,12.21
U18622,control,mobile,CA,4,0,3,0.0
U18623,treatment,console,US,6,0,9,0.0
U18624,treatment,mobile,UK,2,0,3,0.0
U18625,control,mobile,US,4,0,4,0.0
U18626,treatment,mobile,US,3,0,2,0.0
U18627,treatment,desktop,UK,4,0,3,0.0
U18628,control,desktop,US,5,1,3,6.1
U18629,treatment,mobile,CA,3,0,4,0.0
U18630,treatment,mobile,UK,6,0,3,0.0
U18631,treatment,console,UK,8,0,1,0.0
U18632,control,mobile,US,8,1,1,4.85
U18633,control,mobile,CA,6,0,1,0.0
U18634,control,mobile,CA,11,0,3,0.0
U18635,treatment,console,US,5,0,6,0.0
U18636,control,mobile,DE,3,0,2,0.0
U18637,treatment,mobile,CA,6,1,4,13.13
U18638,treatment,desktop,DE,4,0,4,0.0
U18639,treatment,mobile,US,6,0,7,0.0
U18640,treatment,console,DE,8,0,6,0.0
U18641,control,console,US,3,0,1,0.0
U18642,treatment,desktop,US,5,0,2,0.0
U18643,control,mobile,US,5,0,4,0.0
U18644,control,mobile,UK,6,0,7,0.0
U18645,treatment,desktop,FR,2,0,5,0.0
U18646,treatment,mobile,US,6,0,1,0.0
U18647,treatment,desktop,UK,5,0,3,0.0
U18648,treatment,mobile,US,5,0,6,0.0
U18649,treatment,desktop,DE,4,0,2,0.0
U18650,treatment,mobile,US,8,0,1,0.0
U18651,control,desktop,FR,6,0,5,0.0
U18652,treatment,mobile,FR,3,1,3,8.42
U18653,treatment,mobile,DE,4,0,2,0.0
U18654,control,desktop,US,5,0,5,0.0
U18655,control,desktop,US,6,0,4,0.0
U18656,control,console,US,4,0,4,0.0
U18657,control,mobile,US,3,0,1,0.0
U18658,control,mobile,US,8,0,1,0.0
U18659,treatment,desktop,FR,7,0,1,0.0
U18660,control,mobile,DE,7,0,8,0.0
U18661,treatment,console,UK,6,0,6,0.0
U18662,treatment,mobile,CA,8,0,2,0.0
U18663,control,console,CA,8,0,7,0.0
U18664,control,desktop,US,6,0,0,0.0
U18665,control,mobile,CA,4,0,2,0.0
U18666,treatment,mobile,US,3,0,4,0.0
U18667,control,desktop,US,7,0,5,0.0
U18668,treatment,desktop,DE,7,0,4,0.0
U18669,control,mobile,UK,6,1,2,16.35
U18670,control,desktop,DE,3,1,3,8.38
U18671,treatment,desktop,FR,3,0,4,0.0
U18672,control,desktop,US,3,0,4,0.0
U18673,control,desktop,US,9,0,1,0.0
U18674,control,console,US,5,0,0,0.0
U18675,control,desktop,US,10,0,1,0.0
U18676,treatment,mobile,US,2,0,4,0.0
U18677,control,mobile,FR,5,0,2,0.0
U18678,treatment,mobile,FR,7,0,2,0.0
U18679,control,mobile,US,4,0,5,0.0
U18680,treatment,mobile,US,5,0,9,0.0
U18681,control,console,US,5,0,3,0.0
U18682,control,mobile,US,2,0,2,0.0
U18683,treatment,desktop,UK,4,1,4,5.25
U18684,control,mobile,US,4,0,5,0.0
U18685,control,mobile,US,6,0,2,0.0
U18686,control,mobile,DE,7,0,4,0.0
U18687,treatment,desktop,UK,3,0,4,0.0
U18688,control,mobile,US,4,0,2,0.0
U18689,control,mobile,FR,6,0,3,0.0
U18690,treatment,desktop,FR,2,0,2,0.0
U18691,treatment,mobile,US,5,0,5,0.0
U18692,control,mobile,FR,4,0,4,0.0
U18693,treatment,mobile,FR,6,0,2,0.0
U18694,control,mobile,FR,4,0,3,0.0
U18695,control,mobile,FR,5,1,6,5.19
U18696,treatment,mobile,DE,5,0,0,0.0
U18697,treatment,desktop,FR,6,0,2,0.0
U18698,control,desktop,UK,8,0,4,0.0
U18699,control,console,US,3,0,6,0.0
U18700,treatment,console,FR,7,0,4,0.0
U18701,control,mobile,UK,5,0,2,0.0
U18702,treatment,mobile,UK,12,0,4,0.0
U18703,treatment,console,US,2,0,6,0.0
U18704,treatment,mobile,US,6,1,4,7.33
U18705,control,desktop,DE,5,0,0,0.0
U18706,control,desktop,US,8,0,3,0.0
U18707,treatment,desktop,US,5,0,1,0.0
U18708,control,mobile,FR,4,0,2,0.0
U18709,control,mobile,US,7,0,6,0.0
U18710,treatment,mobile,FR,2,0,4,0.0
U18711,treatment,mobile,US,4,0,8,0.0
U18712,control,mobile,UK,7,0,2,0.0
U18713,control,desktop,US,3,1,1,53.35
U18714,control,mobile,DE,6,0,1,0.0
U18715,control,mobile,FR,2,0,4,0.0
U18716,control,mobile,US,10,0,5,0.0
U18717,control,console,CA,1,0,4,0.0
U18718,treatment,mobile,US,5,0,7,0.0
U18719,treatment,mobile,US,4,0,3,0.0
U18720,treatment,desktop,US,3,1,2,24.24
U18721,control,mobile,DE,4,0,3,0.0
U18722,treatment,mobile,UK,11,0,3,0.0
U18723,control,mobile,UK,3,0,1,0.0
U18724,control,console,DE,9,0,4,0.0
U18725,treatment,desktop,US,3,0,2,0.0
U18726,control,desktop,FR,5,1,4,20.16
U18727,treatment,console,US,4,0,2,0.0
U18728,treatment,desktop,US,2,0,2,0.0
U18729,treatment,mobile,US,8,0,5,0.0
U18730,control,desktop,CA,7,0,2,0.0
U18731,treatment,desktop,UK,4,0,4,0.0
U18732,treatment,mobile,US,3,0,2,0.0
U18733,control,console,UK,4,0,1,0.0
U18734,control,mobile,CA,5,0,3,0.0
U18735,treatment,mobile,UK,2,0,4,0.0
U18736,treatment,mobile,FR,2,0,2,0.0
U18737,treatment,mobile,US,6,0,6,0.0
U18738,treatment,console,FR,3,0,4,0.0
U18739,treatment,desktop,US,2,0,3,0.0
U18740,treatment,mobile,US,11,0,2,0.0
U18741,control,desktop,CA,4,0,1,0.0
U18742,treatment,console,UK,6,1,11,30.79
U18743,treatment,mobile,DE,8,1,2,20.58
U18744,treatment,desktop,CA,5,0,4,0.0
U18745,control,desktop,UK,8,0,6,0.0
U18746,control,mobile,FR,8,0,6,0.0
U18747,treatment,desktop,US,8,0,2,0.0
U18748,treatment,desktop,US,4,0,4,0.0
U18749,treatment,console,UK,4,0,3,0.0
U18750,treatment,console,DE,6,0,1,0.0
U18751,treatment,console,UK,5,0,7,0.0
U18752,treatment,mobile,US,3,0,5,0.0
U18753,treatment,console,DE,3,0,2,0.0
U18754,control,desktop,UK,6,0,4,0.0
U18755,control,mobile,US,6,0,6,0.0
U18756,control,console,UK,6,0,4,0.0
U18757,treatment,console,UK,5,0,4,0.0
U18758,control,console,US,4,0,2,0.0
U18759,control,mobile,US,6,0,2,0.0
U18760,control,mobile,CA,6,0,2,0.0
U18761,treatment,console,DE,4,0,3,0.0
U18762,treatment,console,CA,4,0,1,0.0
U18763,control,mobile,FR,4,0,4,0.0
U18764,control,mobile,CA,6,1,7,41.91
U18765,control,desktop,US,3,1,4,11.69
U18766,control,mobile,UK,7,0,4,0.0
U18767,treatment,desktop,US,5,0,2,0.0
U18768,treatment,console,US,7,1,3,11.12
U18769,control,mobile,FR,5,0,2,0.0
U18770,treatment,desktop,US,8,0,1,0.0
U18771,treatment,desktop,CA,5,0,4,0.0
U18772,treatment,mobile,US,5,0,5,0.0
U18773,treatment,mobile,US,4,0,2,0.0
U18774,control,desktop,DE,6,0,6,0.0
U18775,treatment,console,UK,5,0,7,0.0
U18776,treatment,desktop,FR,5,0,5,0.0
U18777,treatment,console,DE,7,0,3,0.0
U18778,treatment,mobile,UK,4,0,3,0.0
U18779,control,console,US,5,0,1,0.0
U18780,treatment,desktop,DE,7,0,4,0.0
U18781,treatment,mobile,DE,4,0,3,0.0
U18782,control,mobile,US,7,0,6,0.0
U18783,control,mobile,DE,5,0,3,0.0
U18784,control,mobile,US,3,0,3,0.0
U18785,treatment,console,US,10,0,3,0.0
U18786,control,console,UK,2,0,2,0.0
U18787,control,mobile,US,5,0,3,0.0
U18788,treatment,mobile,UK,6,0,1,0.0
U18789,control,desktop,DE,4,0,1,0.0
U18790,control,console,CA,2,0,2,0.0
U18791,control,console,CA,8,1,3,18.85
U18792,control,mobile,US,5,0,4,0.0
U18793,treatment,mobile,DE,5,1,5,5.56
U18794,control,mobile,CA,5,0,3,0.0
U18795,treatment,desktop,US,3,0,5,0.0
U18796,treatment,mobile,US,6,0,3,0.0
U18797,treatment,mobile,UK,3,0,2,0.0
U18798,treatment,console,UK,3,0,3,0.0
U18799,control,mobile,FR,8,1,2,14.29
U18800,control,console,US,8,0,3,0.0
U18801,treatment,console,US,3,0,3,0.0
U18802,treatment,mobile,DE,4,0,7,0.0
U18803,control,mobile,FR,4,0,5,0.0
U18804,treatment,desktop,US,6,0,6,0.0
U18805,treatment,desktop,DE,3,0,3,0.0
U18806,control,desktop,US,5,1,5,5.81
U18807,treatment,console,US,6,1,7,19.63
U18808,control,console,US,5,0,0,0.0
U18809,control,desktop,FR,6,0,7,0.0
U18810,control,mobile,UK,4,0,2,0.0
U18811,treatment,mobile,UK,5,0,4,0.0
U18812,treatment,desktop,CA,7,0,5,0.0
U18813,treatment,mobile,CA,4,1,4,4.72
U18814,treatment,console,US,6,0,4,0.0
U18815,treatment,mobile,UK,7,0,3,0.0
U18816,control,mobile,UK,1,0,3,0.0
U18817,treatment,console,UK,3,0,3,0.0
U18818,treatment,desktop,US,2,0,1,0.0
U18819,control,mobile,DE,8,0,4,0.0
U18820,control,desktop,UK,6,0,3,0.0
U18821,treatment,desktop,UK,4,1,2,24.11
U18822,control,mobile,DE,6,0,8,0.0
U18823,control,mobile,US,4,0,1,0.0
U18824,control,desktop,US,6,0,2,0.0
U18825,treatment,desktop,US,6,0,3,0.0
U18826,control,mobile,UK,8,0,2,0.0
U18827,control,mobile,DE,10,0,7,0.0
U18828,control,desktop,UK,4,0,7,0.0
U18829,control,mobile,US,6,0,2,0.0
U18830,treatment,console,US,3,0,2,0.0
U18831,treatment,mobile,DE,4,0,3,0.0
U18832,treatment,desktop,US,4,0,8,0.0
U18833,treatment,console,FR,4,0,2,0.0
U18834,control,mobile,CA,4,0,6,0.0
U18835,treatment,desktop,US,2,0,2,0.0
U18836,treatment,mobile,US,5,0,7,0.0
U18837,treatment,desktop,UK,4,0,3,0.0
U18838,treatment,console,CA,4,0,6,0.0
U18839,control,console,UK,8,0,3,0.0
U18840,treatment,mobile,US,7,1,7,12.47
U18841,control,console,US,7,0,2,0.0
U18842,treatment,console,US,3,0,4,0.0
U18843,treatment,mobile,UK,8,0,3,0.0
U18844,control,console,US,3,1,4,16.57
U18845,control,mobile,DE,2,0,0,0.0
U18846,control,console,US,2,0,4,0.0
U18847,treatment,console,FR,3,0,1,0.0
U18848,control,desktop,US,2,0,3,0.0
U18849,control,mobile,UK,7,0,3,0.0
U18850,treatment,console,FR,4,0,2,0.0
U18851,control,mobile,DE,6,1,8,10.63
U18852,treatment,desktop,DE,5,0,6,0.0
U18853,control,desktop,UK,4,0,3,0.0
U18854,control,mobile,DE,4,0,3,0.0
U18855,treatment,mobile,FR,3,1,2,19.51
U18856,treatment,mobile,CA,5,0,3,0.0
U18857,control,console,DE,8,0,4,0.0
U18858,control,console,US,10,0,1,0.0
U18859,control,console,FR,5,0,1,0.0
U18860,treatment,desktop,UK,5,0,2,0.0
U18861,control,desktop,US,6,0,3,0.0
U18862,control,desktop,DE,5,0,4,0.0
U18863,control,desktop,US,5,0,1,0.0
U18864,treatment,console,UK,5,0,4,0.0
U18865,control,mobile,UK,7,0,1,0.0
U18866,control,console,UK,3,0,3,0.0
U18867,control,console,FR,2,0,5,0.0
U18868,control,mobile,DE,5,0,2,0.0
U18869,treatment,console,FR,4,0,1,0.0
U18870,control,console,CA,4,0,3,0.0
U18871,treatment,mobile,US,1,0,3,0.0
U18872,treatment,mobile,DE,3,0,3,0.0
U18873,treatment,desktop,US,6,0,3,0.0
U18874,treatment,console,FR,7,0,3,0.0
U18875,control,mobile,DE,5,0,3,0.0
U18876,treatment,desktop,CA,3,0,3,0.0
U18877,treatment,desktop,FR,4,0,3,0.0
U18878,treatment,mobile,UK,4,0,4,0.0
U18879,control,mobile,DE,4,0,2,0.0
U18880,control,mobile,UK,3,0,1,0.0
U18881,control,console,US,6,0,3,0.0
U18882,treatment,mobile,UK,6,0,2,0.0
U18883,treatment,desktop,US,6,1,5,11.66
U18884,control,desktop,FR,10,0,2,0.0
U18885,treatment,console,US,3,0,5,0.0
U18886,treatment,console,UK,9,0,6,0.0
U18887,treatment,console,US,3,0,4,0.0
U18888,control,desktop,UK,4,0,4,0.0
U18889,control,mobile,UK,6,0,3,0.0
U18890,treatment,mobile,DE,6,0,2,0.0
U18891,treatment,desktop,DE,3,0,2,0.0
U18892,control,mobile,US,4,0,4,0.0
U18893,treatment,mobile,US,6,0,5,0.0
U18894,control,mobile,US,9,0,4,0.0
U18895,treatment,mobile,CA,3,0,1,0.0
U18896,treatment,desktop,US,4,0,4,0.0
U18897,control,console,US,8,0,4,0.0
U18898,treatment,mobile,US,6,1,6,9.06
U18899,treatment,mobile,UK,2,0,6,0.0
U18900,treatment,desktop,US,4,1,5,31.79
U18901,treatment,mobile,DE,5,0,6,0.0
U18902,control,console,UK,4,0,2,0.0
U18903,control,mobile,DE,8,0,2,0.0
U18904,control,mobile,US,8,0,6,0.0
U18905,treatment,desktop,US,6,0,7,0.0
U18906,treatment,desktop,US,6,0,4,0.0
U18907,control,desktop,US,3,0,2,0.0
U18908,treatment,mobile,US,5,0,9,0.0
U18909,control,mobile,US,3,0,6,0.0
U18910,treatment,mobile,DE,7,0,3,0.0
U18911,treatment,console,FR,4,0,1,0.0
U18912,control,mobile,FR,4,1,3,12.38
U18913,control,mobile,US,2,0,5,0.0
U18914,control,desktop,UK,5,0,3,0.0
U18915,treatment,desktop,UK,6,0,4,0.0
U18916,control,mobile,UK,7,0,3,0.0
U18917,control,console,UK,1,0,2,0.0
U18918,control,desktop,UK,2,0,1,0.0
U18919,control,console,DE,4,0,1,0.0
U18920,control,mobile,US,6,0,7,0.0
U18921,control,desktop,UK,7,0,4,0.0
U18922,treatment,mobile,DE,4,0,6,0.0
U18923,treatment,mobile,FR,3,0,4,0.0
U18924,control,mobile,UK,7,1,5,15.92
U18925,treatment,mobile,UK,4,0,2,0.0
U18926,control,console,US,7,0,4,0.0
U18927,treatment,console,UK,6,0,2,0.0
U18928,control,mobile,UK,5,1,2,36.5
U18929,treatment,mobile,US,5,0,3,0.0
U18930,treatment,mobile,US,3,1,2,20.89
U18931,treatment,desktop,FR,5,1,3,7.21
U18932,control,mobile,UK,5,0,5,0.0
U18933,control,console,FR,3,0,3,0.0
U18934,treatment,mobile,UK,8,0,5,0.0
U18935,control,desktop,US,8,0,5,0.0
U18936,treatment,console,UK,6,0,5,0.0
U18937,treatment,mobile,US,3,0,2,0.0
U18938,treatment,console,FR,6,0,5,0.0
U18939,control,console,UK,4,0,5,0.0
U18940,treatment,desktop,US,7,0,5,0.0
U18941,treatment,mobile,DE,3,0,7,0.0
U18942,treatment,desktop,UK,5,0,1,0.0
U18943,treatment,mobile,DE,2,0,4,0.0
U18944,treatment,console,FR,5,0,3,0.0
U18945,control,desktop,UK,4,0,5,0.0
U18946,control,console,UK,5,0,0,0.0
U18947,control,desktop,US,4,0,3,0.0
U18948,control,mobile,FR,9,0,2,0.0
U18949,treatment,desktop,CA,4,0,3,0.0
U18950,control,console,FR,5,0,3,0.0
U18951,treatment,mobile,DE,7,0,4,0.0
U18952,control,mobile,US,3,0,4,0.0
U18953,treatment,console,FR,6,0,2,0.0
U18954,treatment,mobile,FR,7,0,2,0.0
U18955,control,console,UK,5,0,1,0.0
U18956,treatment,mobile,DE,4,0,7,0.0
U18957,control,console,FR,4,0,2,0.0
U18958,control,desktop,CA,3,0,5,0.0
U18959,treatment,mobile,DE,6,0,4,0.0
U18960,treatment,mobile,DE,7,0,6,0.0
U18961,control,mobile,CA,5,0,2,0.0
U18962,control,desktop,UK,7,0,2,0.0
U18963,treatment,mobile,US,9,0,1,0.0
U18964,control,mobile,FR,7,0,3,0.0
U18965,treatment,desktop,DE,7,0,5,0.0
U18966,control,console,CA,4,0,5,0.0
U18967,treatment,mobile,UK,7,0,1,0.0
U18968,control,desktop,US,3,1,3,10.78
U18969,control,console,US,6,0,7,0.0
U18970,treatment,desktop,UK,7,0,5,0.0
U18971,treatment,console,DE,2,0,0,0.0
U18972,control,desktop,US,2,0,3,0.0
U18973,control,desktop,US,6,0,7,0.0
U18974,treatment,console,DE,8,0,2,0.0
U18975,treatment,mobile,DE,9,0,3,0.0
U18976,control,desktop,UK,2,0,1,0.0
U18977,control,desktop,US,3,0,2,0.0
U18978,control,mobile,DE,5,0,2,0.0
U18979,treatment,desktop,UK,3,0,2,0.0
U18980,treatment,console,FR,10,0,4,0.0
U18981,treatment,mobile,DE,6,0,6,0.0
U18982,control,mobile,DE,4,0,4,0.0
U18983,control,mobile,US,3,0,5,0.0
U18984,control,mobile,DE,3,0,2,0.0
U18985,control,desktop,UK,3,0,1,0.0
U18986,treatment,mobile,FR,4,0,2,0.0
U18987,control,mobile,US,2,0,9,0.0
U18988,control,mobile,US,3,1,4,13.77
U18989,control,console,DE,4,0,3,0.0
U18990,treatment,console,US,2,0,5,0.0
U18991,treatment,mobile,US,5,1,6,15.32
U18992,treatment,mobile,UK,4,0,2,0.0
U18993,control,mobile,FR,7,0,1,0.0
U18994,treatment,mobile,US,8,1,3,6.49
U18995,treatment,desktop,US,7,0,0,0.0
U18996,control,desktop,US,7,0,5,0.0
U18997,control,desktop,US,7,0,3,0.0
U18998,control,console,US,4,1,6,10.4
U18999,control,console,UK,9,0,8,0.0
U19000,control,mobile,UK,2,0,8,0.0
U19001,treatment,desktop,DE,5,1,3,21.95
U19002,treatment,mobile,US,3,0,0,0.0
U19003,treatment,desktop,CA,6,0,1,0.0
U19004,treatment,mobile,US,3,0,4,0.0
U19005,treatment,mobile,UK,6,0,2,0.0
U19006,treatment,mobile,UK,5,0,7,0.0
U19007,treatment,mobile,DE,6,0,1,0.0
U19008,treatment,mobile,US,5,0,1,0.0
U19009,treatment,desktop,US,5,1,4,14.09
U19010,treatment,mobile,UK,6,0,1,0.0
U19011,control,console,UK,5,0,3,0.0
U19012,treatment,mobile,US,5,0,2,0.0
U19013,treatment,console,US,5,0,4,0.0
U19014,control,mobile,DE,7,0,4,0.0
U19015,control,mobile,UK,12,1,8,18.68
U19016,treatment,mobile,US,6,0,2,0.0
U19017,control,mobile,CA,5,0,8,0.0
U19018,treatment,mobile,DE,5,0,3,0.0
U19019,control,desktop,CA,3,1,3,9.13
U19020,control,mobile,UK,9,0,1,0.0
U19021,control,mobile,US,6,1,2,6.4
U19022,treatment,mobile,US,5,0,2,0.0
U19023,treatment,desktop,CA,6,0,5,0.0
U19024,control,mobile,CA,2,0,3,0.0
U19025,control,mobile,US,5,0,4,0.0
U19026,treatment,mobile,US,3,0,4,0.0
U19027,treatment,desktop,US,6,0,4,0.0
U19028,control,desktop,FR,5,0,4,0.0
U19029,control,desktop,US,6,0,3,0.0
U19030,control,desktop,FR,5,0,3,0.0
U19031,treatment,mobile,DE,3,0,4,0.0
U19032,control,desktop,UK,8,0,2,0.0
U19033,control,desktop,FR,3,0,2,0.0
U19034,treatment,console,US,6,0,3,0.0
U19035,treatment,mobile,FR,6,0,2,0.0
U19036,control,desktop,US,9,0,6,0.0
U19037,treatment,desktop,US,5,0,4,0.0
U19038,treatment,desktop,US,6,0,2,0.0
U19039,control,desktop,UK,4,0,3,0.0
U19040,control,console,FR,1,0,2,0.0
U19041,control,mobile,DE,2,0,4,0.0
U19042,control,mobile,CA,4,0,2,0.0
U19043,control,mobile,US,3,0,1,0.0
U19044,treatment,mobile,UK,3,0,3,0.0
U19045,treatment,desktop,UK,7,0,4,0.0
U19046,treatment,desktop,US,4,1,3,6.03
U19047,control,desktop,US,5,0,2,0.0
U19048,treatment,desktop,US,4,0,8,0.0
U19049,control,desktop,US,5,0,1,0.0
U19050,control,mobile,CA,7,1,4,9.23
U19051,treatment,mobile,UK,6,1,3,14.92
U19052,control,mobile,DE,6,1,3,19.42
U19053,treatment,console,US,3,1,4,17.11
U19054,treatment,mobile,US,7,0,2,0.0
U19055,treatment,mobile,DE,3,1,4,7.34
U19056,control,mobile,CA,6,0,3,0.0
U19057,control,desktop,DE,2,0,2,0.0
U19058,control,console,US,10,0,2,0.0
U19059,treatment,console,US,6,0,3,0.0
U19060,control,mobile,FR,5,0,0,0.0
U19061,control,desktop,US,3,0,1,0.0
U19062,control,mobile,DE,4,0,3,0.0
U19063,control,console,US,6,0,2,0.0
U19064,control,mobile,DE,8,0,3,0.0
U19065,control,mobile,US,5,0,3,0.0
U19066,control,desktop,US,6,0,5,0.0
U19067,treatment,mobile,CA,9,0,8,0.0
U19068,treatment,console,US,4,0,0,0.0
U19069,control,mobile,US,7,0,1,0.0
U19070,control,console,US,5,0,2,0.0
U19071,control,mobile,UK,4,0,5,0.0
U19072,treatment,mobile,US,8,0,6,0.0
U19073,treatment,desktop,DE,3,0,1,0.0
U19074,control,desktop,UK,2,0,3,0.0
U19075,control,console,US,5,0,4,0.0
U19076,control,desktop,US,3,0,5,0.0
U19077,control,desktop,US,4,0,1,0.0
U19078,control,mobile,US,3,0,4,0.0
U19079,control,console,DE,4,0,3,0.0
U19080,control,desktop,CA,5,0,3,0.0
U19081,control,desktop,US,5,1,5,17.07
U19082,treatment,console,US,4,0,6,0.0
U19083,treatment,mobile,CA,8,0,5,0.0
U19084,control,console,FR,7,0,5,0.0
U19085,control,desktop,CA,4,0,6,0.0
U19086,control,console,UK,4,0,0,0.0
U19087,treatment,desktop,CA,6,1,0,19.38
U19088,treatment,desktop,FR,4,0,3,0.0
U19089,treatment,console,US,10,0,3,0.0
U19090,treatment,desktop,DE,11,0,6,0.0
U19091,treatment,mobile,UK,9,0,6,0.0
U19092,control,desktop,US,3,0,2,0.0
U19093,control,desktop,DE,4,0,2,0.0
U19094,control,console,UK,6,0,6,0.0
U19095,control,console,CA,11,0,6,0.0
U19096,treatment,mobile,CA,6,0,1,0.0
U19097,treatment,mobile,FR,3,0,1,0.0
U19098,control,mobile,UK,6,0,4,0.0
U19099,control,desktop,DE,4,1,5,22.82
U19100,treatment,console,FR,1,0,7,0.0
U19101,control,desktop,UK,4,0,3,0.0
U19102,control,console,DE,6,0,1,0.0
U19103,treatment,desktop,US,4,0,4,0.0
U19104,treatment,desktop,DE,8,1,0,8.91
U19105,treatment,console,DE,5,0,5,0.0
U19106,treatment,mobile,FR,7,0,5,0.0
U19107,control,mobile,US,1,0,5,0.0
U19108,treatment,mobile,FR,6,0,7,0.0
U19109,treatment,mobile,UK,4,0,4,0.0
U19110,control,desktop,DE,4,0,3,0.0
U19111,treatment,mobile,FR,2,0,4,0.0
U19112,treatment,desktop,DE,6,0,7,0.0
U19113,control,mobile,FR,5,0,5,0.0
U19114,treatment,mobile,DE,6,0,5,0.0
U19115,treatment,mobile,US,6,0,8,0.0
U19116,control,console,CA,12,0,6,0.0
U19117,control,desktop,US,10,0,6,0.0
U19118,control,console,DE,2,0,1,0.0
U19119,treatment,desktop,DE,4,0,1,0.0
U19120,treatment,mobile,FR,7,0,5,0.0
U19121,control,desktop,US,4,0,6,0.0
U19122,control,mobile,US,5,0,3,0.0
U19123,treatment,mobile,UK,6,0,4,0.0
U19124,treatment,desktop,CA,8,1,4,2.86
U19125,treatment,console,US,10,0,2,0.0
U19126,treatment,console,US,4,1,3,9.65
U19127,control,mobile,UK,6,0,3,0.0
U19128,control,desktop,DE,6,0,6,0.0
U19129,control,desktop,US,12,0,7,0.0
U19130,control,console,US,6,1,2,13.8
U19131,treatment,console,DE,3,0,3,0.0
U19132,treatment,desktop,DE,5,0,3,0.0
U19133,treatment,mobile,UK,3,1,4,5.4
U19134,treatment,console,FR,4,0,5,0.0
U19135,control,desktop,US,7,0,4,0.0
U19136,treatment,console,US,5,1,5,17.92
U19137,treatment,desktop,US,4,0,5,0.0
U19138,treatment,console,FR,4,0,3,0.0
U19139,treatment,mobile,CA,5,0,4,0.0
U19140,treatment,desktop,FR,5,0,2,0.0
U19141,control,mobile,FR,6,0,3,0.0
U19142,treatment,desktop,US,3,0,9,0.0
U19143,treatment,console,US,5,0,3,0.0
U19144,control,desktop,FR,4,0,2,0.0
U19145,control,desktop,US,7,0,2,0.0
U19146,control,mobile,DE,6,0,3,0.0
U19147,treatment,mobile,DE,3,0,3,0.0
U19148,control,desktop,UK,3,0,4,0.0
U19149,treatment,mobile,US,3,0,3,0.0
U19150,treatment,mobile,US,4,0,4,0.0
U19151,treatment,desktop,UK,6,0,2,0.0
U19152,treatment,desktop,US,6,0,2,0.0
U19153,control,mobile,UK,6,0,6,0.0
U19154,control,mobile,UK,4,0,6,0.0
U19155,control,mobile,US,6,0,6,0.0
U19156,control,desktop,DE,4,0,1,0.0
U19157,treatment,console,FR,6,0,3,0.0
U19158,control,mobile,US,2,0,5,0.0
U19159,control,mobile,DE,8,0,3,0.0
U19160,treatment,console,DE,7,0,4,0.0
U19161,control,mobile,DE,3,0,5,0.0
U19162,control,desktop,CA,4,0,5,0.0
U19163,control,mobile,DE,6,0,4,0.0
U19164,control,console,US,1,0,3,0.0
U19165,treatment,desktop,FR,5,0,4,0.0
U19166,treatment,mobile,DE,4,0,1,0.0
U19167,treatment,mobile,US,4,0,7,0.0
U19168,control,mobile,DE,4,0,1,0.0
U19169,control,mobile,US,6,1,4,20.61
U19170,treatment,mobile,DE,7,0,4,0.0
U19171,treatment,desktop,FR,4,0,2,0.0
U19172,control,console,DE,1,0,1,0.0
U19173,treatment,mobile,UK,4,0,1,0.0
U19174,control,mobile,US,7,0,2,0.0
U19175,treatment,console,FR,7,0,0,0.0
U19176,control,mobile,US,2,0,2,0.0
U19177,treatment,desktop,CA,4,0,1,0.0
U19178,control,console,UK,3,1,6,10.06
U19179,treatment,desktop,DE,1,0,2,0.0
U19180,control,desktop,US,5,0,3,0.0
U19181,treatment,console,DE,2,0,5,0.0
U19182,control,mobile,CA,4,0,3,0.0
U19183,control,mobile,US,6,0,3,0.0
U19184,control,mobile,US,3,0,2,0.0
U19185,treatment,mobile,FR,6,0,5,0.0
U19186,control,mobile,US,4,0,2,0.0
U19187,control,mobile,US,2,0,1,0.0
U19188,treatment,desktop,US,5,0,8,0.0
U19189,treatment,mobile,US,4,0,2,0.0
U19190,treatment,console,DE,7,0,3,0.0
U19191,treatment,mobile,US,5,0,3,0.0
U19192,treatment,desktop,US,4,0,2,0.0
U19193,treatment,mobile,UK,5,0,2,0.0
U19194,treatment,mobile,US,8,0,4,0.0
U19195,treatment,desktop,FR,8,0,4,0.0
U19196,treatment,mobile,CA,4,0,0,0.0
U19197,treatment,desktop,US,10,0,5,0.0
U19198,treatment,desktop,FR,6,1,6,21.6
U19199,control,desktop,UK,6,0,5,0.0
U19200,treatment,desktop,FR,7,1,8,27.75
U19201,treatment,console,US,4,0,2,0.0
U19202,control,mobile,UK,5,0,3,0.0
U19203,control,console,US,3,1,4,7.83
U19204,control,mobile,US,8,0,2,0.0
U19205,treatment,desktop,US,5,0,2,0.0
U19206,treatment,console,UK,5,0,2,0.0
U19207,control,mobile,US,6,0,2,0.0
U19208,control,console,DE,8,0,7,0.0
U19209,control,desktop,FR,8,0,0,0.0
U19210,control,console,US,2,0,2,0.0
U19211,treatment,mobile,US,6,0,5,0.0
U19212,treatment,desktop,DE,2,0,0,0.0
U19213,control,mobile,DE,4,0,3,0.0
U19214,treatment,mobile,US,4,0,4,0.0
U19215,treatment,desktop,US,6,0,5,0.0
U19216,treatment,desktop,US,4,1,4,23.55
U19217,control,desktop,US,7,0,1,0.0
U19218,treatment,desktop,FR,4,0,2,0.0
U19219,treatment,console,FR,4,0,4,0.0
U19220,control,desktop,DE,3,0,1,0.0
U19221,control,mobile,US,8,0,7,0.0
U19222,treatment,console,CA,5,0,6,0.0
U19223,treatment,desktop,UK,6,0,6,0.0
U19224,control,mobile,CA,6,0,3,0.0
U19225,treatment,mobile,US,6,0,6,0.0
U19226,treatment,mobile,DE,4,0,1,0.0
U19227,treatment,console,US,4,0,3,0.0
U19228,control,mobile,US,5,0,1,0.0
U19229,control,desktop,US,5,0,4,0.0
U19230,control,desktop,UK,8,0,2,0.0
U19231,treatment,console,US,6,0,3,0.0
U19232,control,mobile,US,5,1,4,12.15
U19233,control,console,US,8,0,6,0.0
U19234,treatment,desktop,FR,6,0,2,0.0
U19235,control,mobile,UK,3,0,3,0.0
U19236,treatment,mobile,DE,4,0,2,0.0
U19237,treatment,mobile,US,4,1,6,26.5
U19238,treatment,mobile,DE,8,0,6,0.0
U19239,treatment,mobile,DE,8,0,6,0.0
U19240,treatment,mobile,DE,6,0,1,0.0
U19241,treatment,console,UK,6,0,2,0.0
U19242,treatment,mobile,UK,1,0,3,0.0
U19243,treatment,mobile,UK,4,0,2,0.0
U19244,control,desktop,CA,3,0,3,0.0
U19245,treatment,console,US,8,0,3,0.0
U19246,treatment,console,DE,7,0,2,0.0
U19247,control,console,US,5,0,3,0.0
U19248,treatment,console,US,7,0,2,0.0
U19249,control,mobile,US,4,1,5,7.99
U19250,control,desktop,UK,9,0,3,0.0
U19251,treatment,mobile,US,3,0,1,0.0
U19252,control,console,UK,6,0,3,0.0
U19253,treatment,mobile,US,4,0,0,0.0
U19254,treatment,desktop,US,2,0,0,0.0
U19255,treatment,mobile,FR,6,0,4,0.0
U19256,treatment,console,UK,7,0,6,0.0
U19257,treatment,mobile,UK,2,0,3,0.0
U19258,treatment,console,US,5,0,3,0.0
U19259,control,console,FR,6,0,1,0.0
U19260,control,mobile,US,5,1,5,6.11
U19261,control,console,FR,4,0,1,0.0
U19262,control,mobile,US,7,0,6,0.0
U19263,treatment,mobile,US,2,0,5,0.0
U19264,treatment,mobile,US,5,0,3,0.0
U19265,treatment,desktop,US,5,0,2,0.0
U19266,treatment,mobile,US,5,0,1,0.0
U19267,control,desktop,US,3,0,3,0.0
U19268,treatment,console,CA,3,0,4,0.0
U19269,control,mobile,DE,3,0,2,0.0
U19270,treatment,mobile,FR,2,0,4,0.0
U19271,treatment,mobile,FR,6,0,3,0.0
U19272,control,mobile,US,1,0,3,0.0
U19273,control,console,FR,4,0,2,0.0
U19274,control,mobile,US,4,0,3,0.0
U19275,treatment,desktop,US,3,0,1,0.0
U19276,treatment,console,DE,4,0,0,0.0
U19277,treatment,mobile,US,6,0,2,0.0
U19278,control,desktop,US,4,0,3,0.0
U19279,treatment,console,UK,5,0,4,0.0
U19280,treatment,desktop,CA,5,0,3,0.0
U19281,treatment,mobile,UK,6,0,7,0.0
U19282,control,console,UK,5,0,3,0.0
U19283,treatment,console,UK,5,0,2,0.0
U19284,treatment,console,DE,8,0,6,0.0
U19285,control,console,US,8,0,3,0.0
U19286,treatment,console,FR,7,0,3,0.0
U19287,control,desktop,US,5,0,5,0.0
U19288,control,mobile,FR,9,0,2,0.0
U19289,control,console,UK,6,0,4,0.0
U19290,treatment,mobile,US,5,0,3,0.0
U19291,control,console,DE,5,0,1,0.0
U19292,control,mobile,UK,1,1,2,12.49
U19293,treatment,desktop,US,4,0,7,0.0
U19294,treatment,console,FR,8,0,3,0.0
U19295,control,console,DE,4,0,3,0.0
U19296,control,mobile,CA,2,0,3,0.0
U19297,control,desktop,US,9,0,5,0.0
U19298,control,mobile,US,5,0,3,0.0
U19299,treatment,mobile,FR,2,1,3,15.04
U19300,treatment,desktop,CA,9,0,1,0.0
U19301,treatment,console,US,5,0,2,0.0
U19302,treatment,console,UK,5,0,2,0.0
U19303,control,desktop,US,3,0,3,0.0
U19304,treatment,console,FR,4,0,3,0.0
U19305,treatment,mobile,UK,4,1,4,18.1
U19306,control,mobile,US,3,0,1,0.0
U19307,treatment,desktop,US,6,0,3,0.0
U19308,treatment,console,FR,7,0,6,0.0
U19309,control,desktop,US,8,0,5,0.0
U19310,control,mobile,US,7,0,2,0.0
U19311,treatment,mobile,DE,4,0,8,0.0
U19312,treatment,mobile,FR,5,0,7,0.0
U19313,control,console,US,6,0,4,0.0
U19314,control,mobile,UK,4,0,4,0.0
U19315,control,mobile,UK,6,0,5,0.0
U19316,control,desktop,UK,2,0,2,0.0
U19317,treatment,mobile,UK,5,0,1,0.0
U19318,treatment,mobile,US,5,1,6,11.57
U19319,control,desktop,UK,4,0,6,0.0
U19320,treatment,mobile,FR,4,1,6,21.54
U19321,treatment,desktop,UK,3,1,5,25.8
U19322,control,console,CA,6,0,1,0.0
U19323,treatment,mobile,UK,6,0,4,0.0
U19324,treatment,mobile,US,8,1,7,15.97
U19325,treatment,desktop,FR,8,1,4,8.97
U19326,control,desktop,FR,7,0,1,0.0
U19327,treatment,console,UK,6,0,2,0.0
U19328,treatment,mobile,FR,3,0,3,0.0
U19329,control,console,FR,1,0,3,0.0
U19330,control,desktop,US,3,0,1,0.0
U19331,control,mobile,DE,5,0,1,0.0
U19332,control,desktop,US,8,0,3,0.0
U19333,treatment,mobile,US,5,0,4,0.0
U19334,control,mobile,UK,4,0,6,0.0
U19335,control,mobile,UK,5,0,2,0.0
U19336,treatment,mobile,US,3,0,2,0.0
U19337,treatment,desktop,UK,3,0,2,0.0
U19338,control,mobile,UK,4,0,3,0.0
U19339,control,mobile,UK,6,0,3,0.0
U19340,treatment,mobile,DE,3,1,2,38.72
U19341,treatment,desktop,DE,4,0,3,0.0
U19342,treatment,console,FR,5,0,5,0.0
U19343,treatment,mobile,CA,3,0,3,0.0
U19344,control,console,CA,2,0,4,0.0
U19345,treatment,desktop,US,9,0,4,0.0
U19346,control,console,US,5,0,2,0.0
U19347,control,desktop,US,6,0,5,0.0
U19348,treatment,desktop,UK,3,0,2,0.0
U19349,control,console,UK,6,0,4,0.0
U19350,treatment,desktop,FR,4,0,2,0.0
U19351,treatment,console,US,4,1,6,28.68
U19352,treatment,console,US,5,0,2,0.0
U19353,control,desktop,DE,3,0,2,0.0
U19354,treatment,desktop,FR,3,0,3,0.0
U19355,treatment,desktop,FR,4,0,3,0.0
U19356,control,desktop,FR,5,0,4,0.0
U19357,treatment,desktop,US,4,1,5,6.08
U19358,control,desktop,DE,11,0,4,0.0
U19359,control,mobile,UK,7,0,3,0.0
U19360,treatment,console,CA,2,0,3,0.0
U19361,control,mobile,US,7,0,3,0.0
U19362,treatment,mobile,US,3,0,10,0.0
U19363,control,mobile,CA,5,0,4,0.0
U19364,treatment,mobile,DE,5,0,5,0.0
U19365,treatment,desktop,US,1,0,4,0.0
U19366,control,mobile,UK,4,0,6,0.0
U19367,control,mobile,US,2,0,1,0.0
U19368,treatment,mobile,US,1,0,2,0.0
U19369,treatment,mobile,DE,4,0,4,0.0
U19370,treatment,console,UK,5,1,3,26.68
U19371,control,desktop,DE,6,0,2,0.0
U19372,control,mobile,US,6,0,1,0.0
U19373,treatment,desktop,CA,7,0,5,0.0
U19374,treatment,desktop,DE,5,0,3,0.0
U19375,treatment,desktop,CA,8,0,7,0.0
U19376,control,mobile,UK,1,0,3,0.0
U19377,treatment,desktop,CA,6,1,4,9.87
U19378,control,mobile,FR,4,0,3,0.0
U19379,control,mobile,US,5,1,3,26.22
U19380,treatment,console,CA,5,1,5,20.29
U19381,treatment,mobile,DE,2,0,1,0.0
U19382,control,mobile,CA,4,0,3,0.0
U19383,treatment,mobile,FR,5,0,4,0.0
U19384,control,desktop,CA,7,0,3,0.0
U19385,control,mobile,UK,10,0,2,0.0
U19386,treatment,mobile,UK,5,0,3,0.0
U19387,control,mobile,US,5,1,6,9.95
U19388,control,mobile,DE,5,0,6,0.0
U19389,treatment,desktop,US,4,0,7,0.0
U19390,control,mobile,US,4,0,2,0.0
U19391,control,desktop,UK,2,0,3,0.0
U19392,treatment,mobile,CA,6,0,3,0.0
U19393,treatment,console,DE,6,0,2,0.0
U19394,treatment,desktop,UK,3,0,2,0.0
U19395,treatment,mobile,UK,6,0,5,0.0
U19396,treatment,mobile,CA,5,0,4,0.0
U19397,control,desktop,US,3,0,4,0.0
U19398,control,desktop,DE,3,1,3,3.61
U19399,treatment,mobile,CA,5,0,4,0.0
U19400,treatment,mobile,CA,5,0,3,0.0
U19401,treatment,desktop,UK,3,0,5,0.0
U19402,control,mobile,DE,6,0,2,0.0
U19403,control,mobile,CA,4,0,2,0.0
U19404,control,mobile,UK,7,0,1,0.0
U19405,control,console,DE,4,0,3,0.0
U19406,treatment,mobile,FR,5,0,4,0.0
U19407,treatment,mobile,UK,4,0,4,0.0
U19408,control,mobile,US,5,0,3,0.0
U19409,control,desktop,US,4,1,1,17.19
U19410,control,desktop,UK,6,0,6,0.0
U19411,control,desktop,UK,10,0,3,0.0
U19412,treatment,desktop,US,1,0,0,0.0
U19413,treatment,desktop,US,6,0,6,0.0
U19414,treatment,desktop,CA,10,0,5,0.0
U19415,treatment,console,CA,4,0,2,0.0
U19416,treatment,console,FR,3,0,3,0.0
U19417,treatment,mobile,FR,6,1,6,27.4
U19418,control,desktop,UK,5,0,3,0.0
U19419,control,mobile,US,4,0,2,0.0
U19420,treatment,mobile,FR,7,0,4,0.0
U19421,treatment,mobile,CA,8,0,7,0.0
U19422,treatment,console,US,3,0,9,0.0
U19423,control,console,DE,7,0,2,0.0
U19424,treatment,desktop,CA,5,0,6,0.0
U19425,control,desktop,DE,6,0,4,0.0
U19426,control,mobile,FR,7,0,3,0.0
U19427,treatment,console,CA,8,0,8,0.0
U19428,control,mobile,DE,5,0,10,0.0
U19429,treatment,console,UK,6,1,0,71.88
U19430,treatment,mobile,CA,3,0,4,0.0
U19431,control,mobile,FR,5,0,5,0.0
U19432,control,desktop,US,2,0,5,0.0
U19433,treatment,mobile,CA,4,0,3,0.0
U19434,treatment,mobile,UK,8,1,3,18.32
U19435,control,desktop,CA,5,0,3,0.0
U19436,control,desktop,FR,6,0,2,0.0
U19437,treatment,mobile,US,2,0,2,0.0
U19438,control,desktop,FR,9,0,8,0.0
U19439,treatment,desktop,UK,5,0,6,0.0
U19440,treatment,mobile,CA,4,1,2,22.79
U19441,treatment,mobile,DE,8,0,3,0.0
U19442,control,desktop,US,5,0,7,0.0
U19443,control,console,CA,6,0,2,0.0
U19444,treatment,mobile,UK,4,0,7,0.0
U19445,treatment,desktop,US,2,0,4,0.0
U19446,treatment,desktop,DE,7,0,1,0.0
U19447,control,desktop,UK,9,0,3,0.0
U19448,control,console,UK,3,0,1,0.0
U19449,treatment,desktop,DE,2,0,7,0.0
U19450,treatment,mobile,US,3,0,3,0.0
U19451,treatment,console,US,4,0,4,0.0
U19452,treatment,desktop,DE,4,1,2,32.42
U19453,treatment,desktop,US,7,1,4,13.98
U19454,treatment,desktop,US,4,0,4,0.0
U19455,treatment,mobile,US,5,0,3,0.0
U19456,treatment,desktop,UK,5,0,5,0.0
U19457,treatment,desktop,DE,5,0,1,0.0
U19458,treatment,mobile,UK,7,0,2,0.0
U19459,control,mobile,CA,8,0,3,0.0
U19460,treatment,console,UK,9,1,6,19.66
U19461,control,desktop,US,6,0,7,0.0
U19462,treatment,desktop,FR,4,0,4,0.0
U19463,control,mobile,UK,5,0,8,0.0
U19464,treatment,desktop,US,3,0,3,0.0
U19465,control,mobile,US,5,0,3,0.0
U19466,control,desktop,CA,8,0,3,0.0
U19467,control,desktop,US,7,0,5,0.0
U19468,treatment,desktop,UK,5,1,2,7.84
U19469,treatment,console,DE,7,0,4,0.0
U19470,treatment,mobile,US,7,1,3,32.41
U19471,control,mobile,CA,5,0,6,0.0
U19472,treatment,desktop,CA,3,0,1,0.0
U19473,treatment,desktop,FR,5,0,2,0.0
U19474,control,desktop,UK,6,0,3,0.0
U19475,treatment,console,DE,8,0,3,0.0
U19476,treatment,desktop,UK,9,0,4,0.0
U19477,control,mobile,UK,3,0,6,0.0
U19478,control,mobile,UK,8,0,4,0.0
U19479,treatment,console,US,5,0,4,0.0
U19480,control,mobile,US,7,1,7,12.77
U19481,treatment,desktop,FR,4,0,6,0.0
U19482,treatment,console,US,3,0,4,0.0
U19483,treatment,console,US,6,1,7,10.19
U19484,treatment,mobile,UK,3,1,3,26.84
U19485,control,desktop,US,5,0,4,0.0
U19486,control,mobile,DE,6,0,5,0.0
U19487,treatment,console,US,6,0,4,0.0
U19488,control,desktop,DE,5,0,4,0.0
U19489,control,desktop,FR,6,1,9,3.61
U19490,control,mobile,US,3,0,4,0.0
U19491,treatment,mobile,FR,2,0,1,0.0
U19492,control,mobile,CA,4,0,7,0.0
U19493,treatment,desktop,CA,7,0,4,0.0
U19494,control,desktop,UK,8,0,5,0.0
U19495,treatment,console,UK,2,0,3,0.0
U19496,treatment,mobile,DE,2,0,7,0.0
U19497,treatment,mobile,US,7,0,0,0.0
U19498,treatment,desktop,UK,7,0,2,0.0
U19499,control,desktop,US,5,0,4,0.0
U19500,control,desktop,US,6,0,4,0.0
U19501,control,mobile,UK,4,1,5,8.21
U19502,control,mobile,UK,5,0,2,0.0
U19503,treatment,desktop,FR,5,0,1,0.0
U19504,control,console,US,3,0,3,0.0
U19505,control,console,US,4,0,2,0.0
U19506,control,desktop,CA,6,0,4,0.0
U19507,treatment,desktop,FR,5,0,2,0.0
U19508,control,console,US,7,0,5,0.0
U19509,control,console,US,4,0,2,0.0
U19510,control,mobile,DE,3,0,1,0.0
U19511,treatment,mobile,DE,6,0,7,0.0
U19512,treatment,console,FR,8,0,3,0.0
U19513,control,console,UK,4,0,2,0.0
U19514,treatment,desktop,DE,2,0,3,0.0
U19515,treatment,mobile,US,1,0,6,0.0
U19516,control,console,CA,6,0,5,0.0
U19517,treatment,mobile,UK,4,0,0,0.0
U19518,treatment,mobile,US,3,0,4,0.0
U19519,treatment,desktop,DE,7,0,5,0.0
U19520,treatment,desktop,FR,4,0,2,0.0
U19521,control,mobile,DE,5,0,3,0.0
U19522,treatment,desktop,US,4,0,2,0.0
U19523,control,desktop,CA,5,0,2,0.0
U19524,control,mobile,US,5,0,4,0.0
U19525,treatment,mobile,US,4,0,3,0.0
U19526,control,desktop,FR,5,1,4,30.86
U19527,treatment,console,US,2,0,10,0.0
U19528,treatment,console,DE,7,0,4,0.0
U19529,treatment,mobile,US,5,0,1,0.0
U19530,control,desktop,US,5,0,2,0.0
U19531,control,console,US,4,0,4,0.0
U19532,control,mobile,US,6,0,4,0.0
U19533,treatment,desktop,UK,4,0,4,0.0
U19534,treatment,mobile,US,4,0,4,0.0
U19535,control,desktop,DE,4,1,7,4.48
U19536,control,mobile,UK,7,0,4,0.0
U19537,control,mobile,US,3,1,3,10.08
U19538,control,mobile,US,4,0,4,0.0
U19539,control,mobile,UK,4,0,4,0.0
U19540,control,mobile,UK,8,0,3,0.0
U19541,control,mobile,DE,5,0,2,0.0
U19542,control,desktop,US,7,0,8,0.0
U19543,treatment,mobile,CA,1,0,3,0.0
U19544,treatment,mobile,DE,2,0,2,0.0
U19545,treatment,mobile,CA,4,0,6,0.0
U19546,treatment,console,US,3,0,3,0.0
U19547,control,mobile,US,3,0,3,0.0
U19548,control,desktop,US,4,0,5,0.0
U19549,control,mobile,US,4,0,5,0.0
U19550,control,mobile,FR,4,0,4,0.0
U19551,treatment,console,US,4,0,5,0.0
U19552,control,desktop,US,6,0,0,0.0
U19553,control,desktop,DE,8,0,6,0.0
U19554,treatment,mobile,US,6,0,6,0.0
U19555,treatment,mobile,UK,4,0,3,0.0
U19556,treatment,mobile,US,6,0,4,0.0
U19557,treatment,mobile,UK,8,0,3,0.0
U19558,treatment,console,DE,3,1,2,12.69
U19559,control,mobile,US,5,0,2,0.0
U19560,treatment,mobile,FR,3,0,3,0.0
U19561,treatment,mobile,US,9,0,4,0.0
U19562,control,mobile,US,7,0,3,0.0
U19563,treatment,mobile,US,6,0,8,0.0
U19564,treatment,mobile,DE,6,0,2,0.0
U19565,treatment,console,UK,5,1,8,16.8
U19566,treatment,desktop,US,5,0,7,0.0
U19567,control,mobile,US,2,0,1,0.0
U19568,treatment,mobile,US,5,0,2,0.0
U19569,control,desktop,CA,6,0,5,0.0
U19570,treatment,mobile,DE,5,0,3,0.0
U19571,treatment,console,US,4,0,6,0.0
U19572,control,desktop,UK,5,0,2,0.0
U19573,control,desktop,US,8,0,5,0.0
U19574,control,desktop,FR,3,0,6,0.0
U19575,treatment,mobile,US,5,1,3,20.22
U19576,control,mobile,CA,4,0,2,0.0
U19577,treatment,desktop,US,3,0,3,0.0
U19578,control,mobile,UK,4,1,3,18.43
U19579,control,mobile,FR,1,0,5,0.0
U19580,control,console,US,6,0,4,0.0
U19581,control,console,US,5,0,1,0.0
U19582,treatment,mobile,CA,4,0,4,0.0
U19583,control,console,FR,7,0,4,0.0
U19584,control,mobile,CA,4,0,4,0.0
U19585,treatment,console,DE,5,0,6,0.0
U19586,control,mobile,US,4,0,4,0.0
U19587,treatment,desktop,US,3,1,1,18.53
U19588,control,desktop,US,7,0,2,0.0
U19589,treatment,mobile,UK,4,0,1,0.0
U19590,treatment,console,FR,2,0,5,0.0
U19591,treatment,mobile,UK,4,0,7,0.0
U19592,treatment,console,FR,5,0,2,0.0
U19593,treatment,mobile,US,4,0,3,0.0
U19594,treatment,mobile,US,7,0,3,0.0
U19595,treatment,mobile,UK,8,0,3,0.0
U19596,treatment,mobile,US,9,0,4,0.0
U19597,control,desktop,UK,4,0,3,0.0
U19598,control,desktop,UK,4,1,0,10.85
U19599,treatment,console,DE,8,0,8,0.0
U19600,treatment,desktop,US,6,0,2,0.0
U19601,treatment,desktop,UK,2,0,5,0.0
U19602,control,mobile,US,4,1,3,11.3
U19603,treatment,desktop,UK,4,0,2,0.0
U19604,treatment,console,CA,2,0,5,0.0
U19605,control,mobile,FR,4,0,0,0.0
U19606,control,mobile,US,6,0,8,0.0
U19607,treatment,mobile,US,4,0,2,0.0
U19608,treatment,mobile,UK,6,1,1,10.96
U19609,treatment,desktop,DE,6,0,3,0.0
U19610,treatment,mobile,UK,1,0,5,0.0
U19611,treatment,console,DE,3,0,5,0.0
U19612,treatment,mobile,US,3,0,3,0.0
U19613,treatment,mobile,DE,7,0,7,0.0
U19614,treatment,mobile,US,4,0,2,0.0
U19615,control,mobile,UK,2,0,1,0.0
U19616,treatment,console,US,8,0,4,0.0
U19617,control,console,DE,4,0,4,0.0
U19618,control,mobile,DE,5,0,4,0.0
U19619,treatment,mobile,US,7,0,4,0.0
U19620,treatment,desktop,US,3,0,5,0.0
U19621,treatment,desktop,DE,5,0,2,0.0
U19622,treatment,desktop,UK,2,0,1,0.0
U19623,treatment,mobile,DE,6,1,2,11.05
U19624,treatment,desktop,FR,5,1,5,16.82
U19625,treatment,mobile,UK,4,0,4,0.0
U19626,control,mobile,FR,5,0,5,0.0
U19627,control,console,CA,5,0,8,0.0
U19628,treatment,mobile,CA,9,0,4,0.0
U19629,treatment,mobile,UK,3,0,3,0.0
U19630,control,mobile,FR,3,1,4,11.76
U19631,treatment,mobile,UK,2,0,2,0.0
U19632,treatment,console,US,3,0,2,0.0
U19633,control,mobile,US,3,0,2,0.0
U19634,control,desktop,US,6,0,1,0.0
U19635,treatment,console,US,7,0,6,0.0
U19636,control,mobile,CA,6,0,3,0.0
U19637,treatment,mobile,UK,4,0,3,0.0
U19638,treatment,mobile,US,3,0,4,0.0
U19639,treatment,mobile,FR,3,0,2,0.0
U19640,treatment,mobile,US,4,1,1,11.48
U19641,control,desktop,CA,3,1,5,6.56
U19642,treatment,mobile,CA,5,0,5,0.0
U19643,control,desktop,US,6,0,3,0.0
U19644,control,console,US,2,0,2,0.0
U19645,treatment,mobile,UK,6,0,5,0.0
U19646,control,mobile,CA,5,0,2,0.0
U19647,treatment,mobile,UK,7,0,1,0.0
U19648,control,mobile,US,4,0,1,0.0
U19649,control,mobile,DE,4,0,2,0.0
U19650,treatment,desktop,DE,2,0,4,0.0
U19651,control,mobile,DE,7,0,2,0.0
U19652,treatment,mobile,UK,4,0,3,0.0
U19653,treatment,mobile,DE,3,0,0,0.0
U19654,treatment,desktop,DE,3,0,3,0.0
U19655,treatment,mobile,US,3,0,4,0.0
U19656,treatment,desktop,DE,4,0,5,0.0
U19657,treatment,desktop,UK,7,0,7,0.0
U19658,treatment,mobile,UK,4,0,3,0.0
U19659,control,desktop,UK,4,0,3,0.0
U19660,treatment,mobile,US,5,0,3,0.0
U19661,treatment,desktop,US,4,0,3,0.0
U19662,treatment,mobile,UK,4,0,3,0.0
U19663,treatment,desktop,US,7,0,3,0.0
U19664,treatment,desktop,DE,4,0,2,0.0
U19665,control,desktop,US,5,0,3,0.0
U19666,control,desktop,FR,7,0,4,0.0
U19667,control,mobile,US,3,0,2,0.0
U19668,control,desktop,US,4,0,4,0.0
U19669,treatment,mobile,UK,8,0,6,0.0
U19670,treatment,mobile,FR,3,0,4,0.0
U19671,control,mobile,DE,4,0,2,0.0
U19672,control,desktop,UK,3,1,6,22.27
U19673,treatment,desktop,UK,4,0,1,0.0
U19674,treatment,console,UK,4,0,1,0.0
U19675,control,desktop,US,9,0,2,0.0
U19676,treatment,desktop,UK,7,1,4,8.48
U19677,treatment,console,FR,8,0,3,0.0
U19678,treatment,mobile,US,6,0,4,0.0
U19679,treatment,desktop,CA,4,0,3,0.0
U19680,control,mobile,US,7,0,3,0.0
U19681,treatment,mobile,US,4,0,6,0.0
U19682,treatment,console,CA,9,0,6,0.0
U19683,control,mobile,UK,3,1,2,12.88
U19684,treatment,console,FR,7,0,5,0.0
U19685,treatment,console,UK,3,0,2,0.0
U19686,control,console,US,7,0,7,0.0
U19687,treatment,desktop,FR,6,0,3,0.0
U19688,control,desktop,UK,10,0,1,0.0
U19689,control,mobile,UK,8,0,6,0.0
U19690,treatment,mobile,US,8,0,3,0.0
U19691,treatment,console,US,6,0,1,0.0
U19692,control,mobile,US,10,1,4,6.54
U19693,control,desktop,DE,6,0,4,0.0
U19694,treatment,console,UK,8,0,3,0.0
U19695,control,mobile,US,4,0,1,0.0
U19696,treatment,console,DE,4,0,4,0.0
U19697,treatment,mobile,FR,4,0,3,0.0
U19698,treatment,mobile,CA,5,0,5,0.0
U19699,control,desktop,FR,5,0,3,0.0
U19700,treatment,desktop,UK,3,0,2,0.0
U19701,treatment,console,UK,3,0,2,0.0
U19702,control,mobile,DE,4,0,6,0.0
U19703,control,mobile,US,2,0,4,0.0
U19704,treatment,console,US,5,1,5,11.77
U19705,treatment,desktop,FR,6,0,2,0.0
U19706,control,desktop,US,3,0,3,0.0
U19707,treatment,mobile,US,3,0,2,0.0
U19708,control,console,US,1,0,1,0.0
U19709,treatment,console,US,8,0,3,0.0
U19710,control,desktop,UK,5,0,2,0.0
U19711,treatment,mobile,CA,6,1,3,25.25
U19712,control,console,US,6,0,1,0.0
U19713,control,console,US,8,0,2,0.0
U19714,treatment,desktop,UK,5,0,5,0.0
U19715,treatment,desktop,UK,5,0,4,0.0
U19716,control,mobile,UK,6,0,3,0.0
U19717,treatment,mobile,UK,5,1,4,10.11
U19718,control,desktop,DE,8,0,4,0.0
U19719,control,desktop,UK,3,0,2,0.0
U19720,treatment,desktop,US,5,0,3,0.0
U19721,treatment,console,DE,3,0,5,0.0
U19722,control,desktop,US,5,0,1,0.0
U19723,treatment,console,UK,3,0,2,0.0
U19724,treatment,mobile,US,8,1,2,13.93
U19725,treatment,console,UK,2,0,4,0.0
U19726,treatment,mobile,US,6,0,1,0.0
U19727,treatment,mobile,US,5,0,8,0.0
U19728,treatment,desktop,US,5,0,5,0.0
U19729,control,mobile,US,7,0,2,0.0
U19730,treatment,mobile,US,3,0,1,0.0
U19731,treatment,desktop,DE,5,1,2,52.46
U19732,control,mobile,UK,4,0,3,0.0
U19733,treatment,console,US,9,0,1,0.0
U19734,treatment,mobile,CA,2,0,1,0.0
U19735,treatment,mobile,FR,1,1,7,28.38
U19736,control,mobile,US,2,0,1,0.0
U19737,treatment,desktop,US,5,0,4,0.0
U19738,control,mobile,CA,1,0,6,0.0
U19739,treatment,mobile,DE,5,0,5,0.0
U19740,control,mobile,US,5,0,0,0.0
U19741,treatment,mobile,US,4,0,3,0.0
U19742,control,desktop,FR,8,0,3,0.0
U19743,treatment,desktop,UK,5,0,3,0.0
U19744,treatment,mobile,US,4,0,3,0.0
U19745,treatment,mobile,US,7,0,4,0.0
U19746,treatment,console,US,6,0,3,0.0
U19747,control,mobile,UK,7,0,1,0.0
U19748,control,console,FR,10,0,0,0.0
U19749,control,mobile,UK,6,0,3,0.0
U19750,control,console,US,4,0,1,0.0
U19751,treatment,mobile,CA,6,0,6,0.0
U19752,control,desktop,US,5,0,1,0.0
U19753,control,mobile,US,4,0,3,0.0
U19754,control,console,US,4,0,2,0.0
U19755,control,mobile,US,8,0,6,0.0
U19756,control,desktop,US,8,0,3,0.0
U19757,control,mobile,DE,4,0,7,0.0
U19758,treatment,desktop,DE,5,0,3,0.0
U19759,control,desktop,UK,5,0,6,0.0
U19760,control,desktop,US,5,0,3,0.0
U19761,treatment,desktop,US,6,1,2,9.97
U19762,control,console,US,2,0,2,0.0
U19763,control,desktop,CA,6,0,1,0.0
U19764,control,mobile,US,3,0,2,0.0
U19765,control,mobile,UK,4,0,4,0.0
U19766,treatment,desktop,US,4,0,3,0.0
U19767,control,mobile,US,4,0,8,0.0
U19768,control,desktop,US,5,0,5,0.0
U19769,treatment,mobile,UK,3,0,2,0.0
U19770,control,console,UK,4,0,5,0.0
U19771,control,desktop,FR,5,0,4,0.0
U19772,control,desktop,UK,6,0,6,0.0
U19773,control,console,US,6,0,3,0.0
U19774,treatment,console,CA,4,0,2,0.0
U19775,control,mobile,DE,5,0,6,0.0
U19776,treatment,mobile,US,6,0,4,0.0
U19777,control,desktop,UK,6,0,2,0.0
U19778,control,mobile,US,4,0,2,0.0
U19779,treatment,mobile,DE,5,0,3,0.0
U19780,treatment,mobile,UK,8,0,6,0.0
U19781,control,mobile,DE,4,0,2,0.0
U19782,control,mobile,UK,6,0,5,0.0
U19783,treatment,mobile,UK,4,0,6,0.0
U19784,control,mobile,US,6,0,3,0.0
U19785,control,desktop,DE,5,0,6,0.0
U19786,control,mobile,DE,6,1,2,7.58
U19787,treatment,mobile,US,3,0,2,0.0
U19788,treatment,console,US,5,0,1,0.0
U19789,control,desktop,UK,4,0,5,0.0
U19790,treatment,console,UK,6,0,8,0.0
U19791,treatment,console,US,5,0,3,0.0
U19792,treatment,desktop,US,6,1,1,33.47
U19793,control,console,FR,4,0,6,0.0
U19794,treatment,mobile,CA,4,0,5,0.0
U19795,treatment,desktop,US,3,1,4,9.54
U19796,treatment,desktop,FR,7,0,3,0.0
U19797,control,desktop,UK,4,0,1,0.0
U19798,control,mobile,FR,3,0,2,0.0
U19799,control,console,US,12,1,2,4.28
U19800,treatment,mobile,US,5,1,2,40.66
U19801,control,console,UK,6,1,4,63.27
U19802,treatment,console,US,5,0,4,0.0
U19803,treatment,console,DE,4,1,2,51.55
U19804,treatment,mobile,US,7,0,3,0.0
U19805,treatment,mobile,FR,4,0,7,0.0
U19806,treatment,desktop,CA,5,0,5,0.0
U19807,treatment,desktop,US,5,0,1,0.0
U19808,treatment,mobile,US,4,0,5,0.0
U19809,control,desktop,DE,6,1,3,22.23
U19810,control,console,US,3,0,7,0.0
U19811,treatment,mobile,UK,5,0,2,0.0
U19812,control,mobile,US,7,0,2,0.0
U19813,control,desktop,US,6,0,4,0.0
U19814,treatment,desktop,US,4,0,1,0.0
U19815,control,console,US,7,0,4,0.0
U19816,treatment,desktop,US,3,0,3,0.0
U19817,control,mobile,FR,3,0,5,0.0
U19818,treatment,desktop,FR,2,0,3,0.0
U19819,treatment,console,FR,2,0,1,0.0
U19820,control,mobile,UK,8,0,3,0.0
U19821,control,mobile,FR,9,0,3,0.0
U19822,control,desktop,DE,7,0,4,0.0
U19823,treatment,mobile,US,5,0,2,0.0
U19824,treatment,console,US,5,0,3,0.0
U19825,control,mobile,US,8,0,6,0.0
U19826,treatment,mobile,US,10,0,5,0.0
U19827,control,console,FR,6,0,7,0.0
U19828,control,mobile,US,4,0,3,0.0
U19829,treatment,mobile,UK,4,0,3,0.0
U19830,control,mobile,DE,4,0,3,0.0
U19831,treatment,console,FR,4,0,5,0.0
U19832,control,console,US,4,0,2,0.0
U19833,treatment,mobile,US,5,0,6,0.0
U19834,treatment,desktop,FR,1,0,3,0.0
U19835,treatment,desktop,UK,5,0,7,0.0
U19836,control,mobile,US,2,0,3,0.0
U19837,control,mobile,CA,3,0,5,0.0
U19838,treatment,console,FR,4,0,3,0.0
U19839,control,mobile,US,6,0,4,0.0
U19840,control,desktop,CA,3,0,9,0.0
U19841,treatment,mobile,US,9,0,3,0.0
U19842,treatment,desktop,US,3,0,1,0.0
U19843,control,mobile,DE,6,0,2,0.0
U19844,control,mobile,UK,6,0,4,0.0
U19845,control,mobile,UK,5,0,4,0.0
U19846,treatment,console,US,6,1,2,6.3
U19847,control,mobile,UK,5,0,5,0.0
U19848,treatment,mobile,US,5,0,3,0.0
U19849,treatment,mobile,DE,8,1,4,22.03
U19850,treatment,mobile,DE,6,1,5,16.45
U19851,control,console,FR,8,0,3,0.0
U19852,treatment,mobile,CA,4,0,3,0.0
U19853,control,desktop,CA,9,0,4,0.0
U19854,treatment,desktop,US,9,0,4,0.0
U19855,treatment,console,UK,6,0,2,0.0
U19856,control,console,DE,4,0,4,0.0
U19857,treatment,mobile,CA,7,0,1,0.0
U19858,treatment,console,FR,4,0,4,0.0
U19859,control,console,DE,6,0,2,0.0
U19860,treatment,console,FR,8,1,2,9.77
U19861,treatment,console,US,5,0,4,0.0
U19862,control,desktop,US,5,0,3,0.0
U19863,treatment,mobile,UK,5,1,3,35.64
U19864,control,mobile,DE,4,0,3,0.0
U19865,control,console,US,5,0,0,0.0
U19866,control,console,US,5,1,2,16.03
U19867,treatment,mobile,US,6,0,1,0.0
U19868,control,desktop,US,4,0,3,0.0
U19869,control,mobile,US,3,0,5,0.0
U19870,treatment,mobile,FR,1,0,2,0.0
U19871,control,mobile,CA,6,0,6,0.0
U19872,control,mobile,US,8,0,7,0.0
U19873,control,desktop,US,5,0,1,0.0
U19874,control,mobile,US,7,0,7,0.0
U19875,treatment,desktop,US,5,0,3,0.0
U19876,control,desktop,DE,4,0,4,0.0
U19877,control,console,DE,7,0,4,0.0
U19878,control,mobile,UK,6,0,3,0.0
U19879,treatment,mobile,US,4,0,3,0.0
U19880,treatment,desktop,FR,4,0,5,0.0
U19881,treatment,desktop,UK,3,1,7,11.5
U19882,treatment,mobile,CA,7,1,4,24.74
U19883,control,desktop,US,3,0,5,0.0
U19884,treatment,console,US,4,0,2,0.0
U19885,control,mobile,US,4,0,1,0.0
U19886,control,mobile,UK,5,0,1,0.0
U19887,treatment,console,UK,2,0,2,0.0
U19888,control,console,US,3,0,4,0.0
U19889,control,mobile,UK,8,0,4,0.0
U19890,control,console,US,4,0,4,0.0
U19891,control,mobile,UK,7,0,6,0.0
U19892,control,console,UK,2,0,2,0.0
U19893,control,desktop,US,7,0,1,0.0
U19894,control,desktop,US,4,0,4,0.0
U19895,control,console,DE,7,1,11,7.51
U19896,control,console,US,4,0,3,0.0
U19897,treatment,mobile,FR,4,0,4,0.0
U19898,control,desktop,UK,6,0,5,0.0
U19899,treatment,console,FR,3,0,5,0.0
U19900,treatment,desktop,US,4,0,3,0.0
U19901,control,mobile,CA,4,1,3,42.49
U19902,control,mobile,US,5,1,6,37.74
U19903,treatment,console,CA,2,0,4,0.0
U19904,treatment,mobile,FR,5,0,2,0.0
U19905,treatment,desktop,UK,2,0,4,0.0
U19906,treatment,desktop,US,5,0,3,0.0
U19907,treatment,mobile,US,4,0,1,0.0
U19908,treatment,mobile,UK,4,1,1,33.18
U19909,control,mobile,US,6,1,1,15.45
U19910,control,mobile,US,4,0,6,0.0
U19911,control,console,US,3,0,3,0.0
U19912,treatment,mobile,US,2,0,5,0.0
U19913,treatment,mobile,US,2,1,2,4.68
U19914,treatment,desktop,UK,4,0,2,0.0
U19915,treatment,console,US,5,0,3,0.0
U19916,control,mobile,US,11,0,4,0.0
U19917,treatment,mobile,UK,9,0,2,0.0
U19918,treatment,desktop,FR,3,0,4,0.0
U19919,control,desktop,DE,4,0,2,0.0
U19920,treatment,desktop,CA,4,0,3,0.0
U19921,control,mobile,US,3,0,3,0.0
U19922,treatment,console,UK,2,0,5,0.0
U19923,control,desktop,UK,8,0,5,0.0
U19924,control,console,US,4,0,4,0.0
U19925,treatment,console,CA,6,1,2,24.43
U19926,control,desktop,US,6,0,5,0.0
U19927,control,mobile,CA,4,0,1,0.0
U19928,control,desktop,CA,4,0,3,0.0
U19929,treatment,desktop,US,5,1,3,6.88
U19930,control,mobile,US,4,0,2,0.0
U19931,treatment,mobile,US,10,0,6,0.0
U19932,treatment,mobile,DE,1,0,6,0.0
U19933,treatment,console,US,8,0,3,0.0
U19934,control,console,UK,2,0,1,0.0
U19935,treatment,desktop,CA,5,0,5,0.0
U19936,control,console,FR,4,0,6,0.0
U19937,treatment,desktop,CA,6,0,3,0.0
U19938,control,console,US,5,0,5,0.0
U19939,control,mobile,FR,3,0,3,0.0
U19940,treatment,mobile,DE,5,0,4,0.0
U19941,control,desktop,UK,2,0,3,0.0
U19942,treatment,console,US,4,0,3,0.0
U19943,treatment,console,UK,1,1,6,22.93
U19944,control,console,UK,4,0,8,0.0
U19945,treatment,console,DE,11,0,3,0.0
U19946,treatment,mobile,FR,5,0,3,0.0
U19947,treatment,mobile,CA,9,0,2,0.0
U19948,control,mobile,US,7,0,2,0.0
U19949,control,desktop,DE,6,0,0,0.0
U19950,treatment,desktop,UK,5,0,4,0.0
U19951,treatment,mobile,US,7,0,5,0.0
U19952,treatment,desktop,FR,6,0,5,0.0
U19953,treatment,console,CA,5,0,4,0.0
U19954,treatment,mobile,CA,4,0,2,0.0
U19955,treatment,desktop,US,3,0,1,0.0
U19956,treatment,mobile,DE,5,0,4,0.0
U19957,treatment,desktop,US,8,0,4,0.0
U19958,treatment,desktop,DE,2,0,1,0.0
U19959,treatment,mobile,UK,9,0,2,0.0
U19960,treatment,desktop,UK,8,0,4,0.0
U19961,control,desktop,CA,1,0,5,0.0
U19962,treatment,mobile,US,4,0,1,0.0
U19963,treatment,console,FR,4,0,3,0.0
U19964,control,console,UK,2,0,3,0.0
U19965,treatment,desktop,FR,6,0,3,0.0
U19966,control,mobile,CA,5,0,4,0.0
U19967,control,mobile,UK,3,0,1,0.0
U19968,control,mobile,US,6,0,6,0.0
U19969,control,mobile,FR,4,1,3,8.94
U19970,treatment,desktop,UK,9,0,4,0.0
U19971,treatment,console,US,4,1,6,6.16
U19972,treatment,mobile,US,5,1,2,9.84
U19973,control,desktop,UK,4,0,2,0.0
U19974,treatment,desktop,UK,5,0,3,0.0
U19975,treatment,desktop,US,5,0,3,0.0
U19976,control,console,UK,4,0,0,0.0
U19977,treatment,mobile,CA,7,0,6,0.0
U19978,treatment,desktop,UK,7,0,4,0.0
U19979,treatment,mobile,UK,8,0,3,0.0
U19980,control,mobile,FR,7,0,4,0.0
U19981,treatment,desktop,FR,3,0,1,0.0
U19982,control,mobile,US,4,1,4,26.09
U19983,control,mobile,US,11,0,2,0.0
U19984,treatment,mobile,US,8,0,3,0.0
U19985,control,mobile,CA,6,0,2,0.0
U19986,control,mobile,FR,7,0,4,0.0
U19987,control,mobile,US,4,0,4,0.0
U19988,treatment,mobile,US,5,0,4,0.0
U19989,control,desktop,DE,2,0,1,0.0
U19990,control,desktop,FR,8,0,2,0.0
U19991,control,console,UK,5,0,3,0.0
U19992,control,console,CA,7,0,6,0.0
U19993,treatment,console,FR,5,0,9,0.0
U19994,control,desktop,US,4,0,5,0.0
U19995,control,mobile,US,4,0,5,0.0
U19996,treatment,mobile,US,4,0,3,0.0
U19997,control,console,FR,5,0,1,0.0
U19998,control,console,US,5,0,2,0.0
U19999,control,desktop,FR,8,0,8,0.0
U20000,control,desktop,FR,5,0,10,0.0
